id_lote;fecha_produccion;producto_id;presentacion_id;turno_id;timestamp_control_calidad;viscosidad_ku;ph;unidades_planificadas;unidades_producidas;costo_materia_prima_usd
LOT00001;22/8/2024;PRD021;PRE01;T1;22/8/2024 10:48;100.9;7.33;600;588;3461.89
LOT00002;20/11/2024;PRD015;PRE04;T3;21/11/2024 01:36;77.6;7.07;80;79;9472.52
LOT00003;5/8/2024;PRD013;PRE02;T3;6/8/2024 01:24;99.6;7.78; 100 ;96;2171.97
LOT00004;22/2/2025;PRD022;PRE02;T3;23/2/2025 02:48;106.6;7.49;100;96;2055.76
LOT00005;26/5/2025;PRD019;PRE04;T3;27/5/2025 01:24;53.5;7.12;120;115;10250.53
LOT00006;20/9/2024;PRD005;PRE03;T1;20/9/2024 08:51;85.7;8.49;120;115;6367.06
LOT00007;19/9/2024;PRD029;PRE04;T1;19/9/2024 08:12;99.2;7.64;120;119;19333.87
LOT00008;3/5/2025;prd005;PRE02;T3;4/5/2025 03:51;66.5;9.93;200;114;2508.87
LOT00009;8/4/2025;PRD027;PRE02;T1;8/4/2025 10:13;96.2;7.13;150;149;4469.6
LOT00010;24/10/2024;PRD022;PRE03;T2;24/10/2024 18:04;117.6;7.35;60;57;5624.47
LOT00011;3/4/2025;PRD011;PRE01;T3;4/4/2025 04:47;94.9;8.71;500;479;873.42
 LOT00012 ;5/11/2024;PRD024; PRE01 ;T2;5/11/2024 17:36;113.5;7.63;400;389;2450.77
LOT00013;30/10/2024;PRD004;PRE01;T1;30/10/2024 11:24;75.6;9.56;300;184;1094.32
LOT00014;30/7/2024;PRD014;PRE05;T1;30/07/2024 09:53;76.3;7.22;30;28;38007.02
LOT00015;1/5/2025;PRD022;PRE04;T3;2/5/2025 00:17;119.7;7.85;80;79;9032.18
LOT00016;15/5/2025;PRD022;PRE03;T1;15/5/2025 08:21;106.4;7.4;80;79;7746.15
LOT00017;5/6/2025;PRD023;PRE02;T3;6/6/2025 00:34;103.5;7.16;300;287;6507.01
LOT00018;19/11/2024;PRD028;PRE03;T1;19/11/2024 07:32;93.1;7.46;80;76;8895.3
LOT00019;25/4/2025;PRD029;PRE05;T1;25/4/2025 11:13;71.3;7.05;10;9;14130.23
LOT00020;28/1/2025;PRD029;PRE05;T1;28/1/2025 09:02;109.4;8.01;15;8;23793.19
LOT00021;25/10/2024;prd008;PRE02;T2;25/10/2024 15:49;98.0;8.42;100;99;722.6
LOT00022;13/11/2024;PRD018;PRE02; T2 ;13/11/2024 16:32;58.6;7.18;250;245;3978.07
LOT00023;9/6/2025;PRD023;PRE02;T3;10/6/2025 02:58;102.1;8.0;200;196;4684.23
LOT00024;1/2/2025;PRD022;PRE02;T3;2/2/2025 01:43;112.2;8.25;200;192;4472.39
LOT00025;13/8/2024;PRD015;PRE05;T3;14/8/2024 04:24;77.3;7.93;15;14;16441.75
LOT00026;21/4/2025;PRD016;PRE04;T2;21/4/2025 19:12;57.7;8.09;40;29;4379.08
LOT00027;7/6/2025; PRD018 ;PRE02;T1;7/6/2025 11:58;60.7;7.36;250;248;4162.41
LOT00028;11/2/2025;PRD021;PRE02;T3;12/2/2025 01:51;108.2;7.48;300;286;6328.85
LOT00029;1/2/2025;PRD014;PRE04;T2;1/2/2025 20:55;96.4;7.65;100;97;12627.16
LOT00030;6/3/2025;PRD027;PRE04;T2;6/3/2025 18:50;90.1;7.7;60;59;9755.17
LOT00031;22/2/2025;PRD019;PRE03;T3;23/02/2025 00:06;59.5;6.32;80;77;5422.68
LOT00032;27/12/2024;PRD027;PRE02;T1;27/12/2024 08:02;107.4;6.5;100;82;2686.75
LOT00033;28/8/2024;PRD015;PRE05;T3;29/8/2024 02:10;89.5;7.89;30;29;37988.88
LOT00034;16/6/2025;PRD023;PRE04;T3;17/6/2025 04:01;110.4;7.64;80;76;9883.28
LOT00035;25/3/2025;PRD014;PRE05;T2;25/3/2025 20:45;86.6;7.74;30;28;37247.92
LOT00036;14/12/2024;PRD008;PRE04;T2;14/12/2024 19:47;97.1;8.39;80;79;3328.76
LOT00037;19/6/2025;PRD003;PRE02;T3;20/6/2025 04:34;91.9;7.14;150;145;1882.62
LOT00038;16/11/2024;PRD012;PRE04;T2;16/11/2024 18:02;78.0;6.79; 40 ;39;5058.41
LOT00039;29/11/2024;PRD009;PRE03;T1;29/11/2024 10:40;96.0;9.06;60;57;1970.75
LOT00040;3/3/2025;PRD028;PRE05;T3;4/3/2025 03:00;99.0;6.88;25;23;34240.08
LOT00041;30/8/2024;PRD005;PRE01;T1;30/8/2024 10:23;82.0;7.24;600;538;1917.35
LOT00042;31/10/2024;PRD025;PRE03;T3;1/11/2024 04:11;74.7;7.11;120;116;12238.13
LOT00043;24/10/2024;PRD003;PRE03;T2;24/10/2024 17:50;81.1;7.25;80;78;4472.36
LOT00044;3/5/2025;PRD010;PRE03;T3;4/5/2025 03:11;102.1;8.04;60;59;1920.95
LOT00045;30/5/2025;PRD022;PRE04;T1;30/5/2025 10:28;129.9;7.65;100;99;11928.02
LOT00046;8/4/2025;PRD006;PRE02;T3;9/4/2025 03:07;85.6;9.93;250;218;2012.82
LOT00047;27/7/2024;PRD002;PRE02;T3;28/07/2024 02:16;82.0;7.43;250;239;3620.49
LOT00048;28/8/2024;PRD018;PRE01;T1;28/8/2024 09:04;49.9;6.77;400;313;1590.41
LOT00049;29/1/2025;PRD007;PRE05;T1;29/1/2025 12:16;106.4;8.42;20;19;8127.88
LOT00050;12/12/2024;PRD016;PRE04;T2;12/12/2024 17:51;80.8;7.66;40;38;4614.92
LOT00051;29/4/2025;PRD026; PRE05 ;T1;29/4/2025 08:59;73.0;7.87;10;9;14729.94
LOT00052;31/3/2025;PRD009;PRE02;T2;31/3/2025 19:08;112.6;6.81;200;159;1586.62
LOT00053;29/7/2024;prd028;PRE03;T1;29/7/2024 11:06;82.9;6.87;100;97;11908.17
LOT00054;08/11/2024;PRD020;PRE03;T1;8/11/2024 10:05;72.5;6.7;80;78;4695.24
LOT00055;13/1/2025;PRD021;PRE05;T2;13/1/2025 17:04;111.4;7.54;20;19;23017.11
LOT00056;26/10/2024;PRD019;PRE04;T2;26/10/2024 17:44; 65.5 ;7.02;60;58;5446.63
LOT00057;29/1/2025;PRD019;PRE02;T2;29/1/2025 17:15;69.7;7.31;200;195;3437.78
LOT00058;8/8/2024;PRD016;PRE05;T1;8/8/2024 09:45;99.2;7.71;20;19;22710.83
LOT00059;11/6/2025;PRD024;PRE03;T3;12/6/2025 03:27;137.4;7.32;120;89;9856.55
LOT00060;29/8/2024;PRD014;PRE03;T2;29/8/2024 17:44;72.0;7.68;120;94;10945.86
LOT00061;13/2/2025;PRD016;PRE04;T3;14/2/2025 02:18;77.5;7.53;120;119;14323.2
LOT00062;11/07/2024;PRD028;PRE05;T3;12/7/2024 02:15;99.7;7.68;15;14;23693.21
LOT00063;13/9/2024;PRD011;PRE04;T2;13/9/2024 20:17;114.0;10.4;60;30;2539.19
LOT00064;1/3/2025;PRD002;PRE01;T1;1/3/2025 11:32;88.9;7.68;300;299;906.4
LOT00065;4/2/2025; PRD015 ;PRE04;T2;4/2/2025 19:49;76.8;6.62;120;114;12879.32
LOT00066;6/2/2025;PRD013;PRE05;T2;6/2/2025 16:43;93.0;6.82;25;24;28500.12
LOT00067;28/2/2025;prd011;PRE02;T1;28/2/2025 08:01;91.9;8.14;200;198;1529.05
LOT00068;28/12/2024;PRD004;PRE02;T2;28/12/2024 20:37;83.2;7.99;150;148;1925.01
LOT00069;21/6/2025;PRD008;PRE04;T3;22/6/2025 00:05;83.7;10.65;80;40;3436.71
LOT00070;18/2/2025;PRD021;PRE05;T1;18/2/2025 09:23;109.3;7.49;30;29;38760.06
LOT00071;19/10/2024;PRD003;PRE02;T3;20/10/2024 02:33;81.7;8.02;300;292;4101.67
LOT00072;31/08/2024;PRD001;PRE02;T2;31/8/2024 19:51;82.6;7.57;150;146;2116.81
LOT00073;24/1/2025;PRD002;PRE02;T2;24/1/2025 18:30;86.1;8.45;150;148;2031.38
LOT00074;6/12/2024;PRD028; PRE03 ;T3;7/12/2024 01:54;93.4;6.61;40;39;4224.51
LOT00075;27/9/2024;PRD021;PRE04;T1;27/9/2024 08:14;128.5;7.94;100;98;12623.71
LOT00076;26/2/2025;PRD021;PRE05;T1;26/2/2025 10:47;117.7;7.53;10;9;11884.59
LOT00077;10/04/25;PRD028;PRE05;T2;10/4/2025 19:12;79.6;7.21;15;14;22277.35
LOT00078;10/2/2025;PRD003;PRE03;T1;10/2/2025 10:54;93.8;7.58;80;78;3823.99
LOT00079;5/5/2025;PRD018;PRE03;T3;6/5/2025 02:20;79.5;6.07;100;53;6563.13
LOT00080;18/3/2025;PRD011;PRE04;T3;19/3/2025 00:12;96.2;9.43;80;79;3191.21
LOT00081;20/7/2024;PRD028;PRE05;T3;21/7/2024 01:11;53.3;8.12;30;22;41989.85
LOT00082;28/10/2024;PRD008;PRE05;T3;29/10/2024 02:33;108.1;8.29;30;29;11908.03
LOT00083;4/3/2025;PRD006;PRE04; T2 ;4/3/2025 20:29; 104.2 ;8.77;40;38;1684.2
LOT00084;29/1/2025;PRD014;PRE02;T2;29/1/2025 19:04;71.2;6.2;150;105;3571.96
LOT00085;12/5/2025;PRD005;PRE01;T3;12/5/2025 23:51;83.8;8.25;600;598;2038.44
LOT00086;13/3/2025;PRD004;PRE01;T1;13/3/2025 11:48;90.8;7.44;200;196;630.5
LOT00087;17/3/2025;PRD012;PRE02;T3;18/3/2025 02:59;76.1;7.08;200;192;3960.56
LOT00088;21/12/2024;PRD021;PRE01;T1;21/12/2024 11:52;119.0;8.22;200;197;1241.14
LOT00089;5/4/2025;PRD029;PRE02;T2;5/4/2025 18:06;99.1;6.89;100;87;2739.7
LOT00090;12/3/2025;PRD024;PRE02;T1;12/3/2025 12:22;124.0;8.09;100;97; 2492.58 
LOT00091;24/9/2024;PRD011;PRE03;T3;25/9/2024 03:22;90.8;9.31;80;78;2368.77
lot00092;16/7/2024;PRD022;PRE03;T3;17/7/2024 03:11;103.8;7.35;80;77;7847.23
LOT00093;29/5/2025;PRD012;PRE04;T3;30/5/2025 01:54;75.6;6.78;120;116;14091.7
LOT00094;7/8/2024;PRD020;PRE02;T1;7/8/2024 09:51;74.9;7.22;200;196;3308.27
LOT00095;11/10/2024;PRD006;PRE03;T3;12/10/2024 01:57;90.5;8.83;80;77;2631.85
LOT00096;21/4/2025;PRD013;PRE05;T2;21/4/2025 16:34;91.1;7.17;30;29;37430.6
LOT00097;23/9/2024;PRD005;PRE02;T3;24/9/2024 02:24;85.2;8.41;200;198;2514.02
 LOT00098 ;24/04/25;PRD010;PRE03;T3;25/4/2025 01:13;106.9;8.85;40;38;1307.65
LOT00099;2/12/2024;PRD019;PRE02;T3;3/12/2024 02:25;57.4;6.11;100;95;1560.81
LOT00100;21/3/2025;PRD028;PRE05;t1;21/3/2025 10:08;84.0;6.9;15;14;20477.72
LOT00101;13/3/2025;PRD028;PRE05;T1;13/3/2025 12:29;84.9;6.64;25;24; 41000,15 
LOT00102;6/2/2025;PRD016;PRE04;T3;7/2/2025 02:03;94.1;7.05;100;95;11743.42
LOT00103;18/1/2025;PRD015;PRE05;T1;18/1/2025 11:08;105.3;6.5;30;23;31600.17
LOT00104;10/5/2025;PRD017; PRE02 ;T1;10/5/2025 09:28;74.8;7.11;200;195;3179.85
LOT00105;30/1/2025;PRD016;PRE05;T3;31/1/2025 00:23;81.6;7.48;30;29;36340.94
LOT00106;24/6/2025;PRD020;PRE04;T3;25/6/2025 00:48;61.0;6.63;100;98;8249.43
LOT00107;5/6/2025;PRD024;PRE03; T1 ;5/6/2025 12:48;109.4;7.26;120;116;10485.26
LOT00108;30/11/2024;PRD023;PRE02;T1;30/11/2024 10:15;121.1;8.04;250;241;5498.54
LOT00109;13/9/2024;PRD004;PRE03;T2;13/9/2024 16:19;94.3;7.12;100;98;5509.71
LOT00110;31/10/2024;PRD018;PRE03;T3;01/11/2024 00.23;55.6;6.35;40;38;2629.55
LOT00111;1/3/2025;PRD018;PRE05;T3;2/3/2025 01:55;49.1;7.77;10;8;7950.13
LOT00112;4/10/2024;PRD006;PRE02;T2;4/10/2024 15:59;96.0;8.9;200;192;1659.9
LOT00113;20/2/2025;PRD028;PRE04;T1;20/2/2025 09:15;92.1;7.69;120;118;16895.38
LOT00114;10/9/2024;PRD014;PRE04;T3;11/09/2024 02.55;75.2;7.08;100;98;12653.36
LOT00115;5/12/2024;PRD021;PRE02; T3 ;6/12/2024 03:24;127.7;8.33;200;196;4661.84
LOT00116;27/2/2025;PRD005;PRE02;T2;27/2/2025 17:36;87.9;7.79;200;190;2679.96
LOT00117;14/6/2025;PRD019;PRE03;T3;15/6/2025 04:54;52.3;6.77;40;38;2526.68
LOT00118;23/4/2025;PRD026;PRE04;T2;23/4/2025 16:00;80.3;6.6;40;39;5482.82
LOT00119;10/1/2025;PRD025;PRE03;T2;10/1/2025 17:10;74.0;7.79;40;38;4533.53
LOT00120;3/2/2025;PRD001;PRE04;T3;4/2/2025 02:07;86.9;7.23;60;59;4389.02
LOT00121;1/5/2025;PRD025;PRE05;T1;1/5/2025 11:01;77.3;6.57;25;24;35379.52
LOT00122;10/6/2025;PRD010;PRE02;T3;11/6/2025 02:00;107.5;9.48;300;288;2177.51
LOT00123;26/5/2025;PRD006;pre03;T1;26/5/2025 12:43;111.5;8.25;60;51;1790.47
LOT00124;7/9/2024;PRD026;PRE04;T2;7/9/2024 18:15;76.1;7.47;100;99; 13777.39 
 LOT00125 ;9/6/2025;PRD022;PRE03;T1;9/6/2025 11:43;126.1;7.5;40;38;3376.82
LOT00126;22/11/2024;PRD008;PRE03;T1;22/11/2024 12:27;103.0;8.46;80;78;2398.69
LOT00127;15/4/2025;PRD027;PRE04;T2;15/4/2025 16:40;77.8;7.9;120;118;17262.69
LOT00128;21/2/2025;PRD008;PRE02;T2;21/2/2025 18:35;88.0;7.96;300;269;2475.4
LOT00129;28/6/2025;PRD027;PRE05;T1;28/06/2025 07.42;85.2;7.06;30;29;48905.13
LOT00130;1/4/2025;PRD018;PRE03;T3;2/4/2025 00:20;70.3;7.01;60;57;3474.81
LOT00131;21/2/2025; PRD027 ;PRE04;T2;21/02/2025 17.39;106.3;7.63;40;28;5855.12
 LOT00132 ;28/3/2025;PRD006;PRE01;T3;29/3/2025 01:20;114.6;8.92;400;283;695.3
 LOT00133 ;30/6/2025;PRD002;PRE02;T1;30/6/2025 08:53;82.4;7.36;250;245;3334.33
LOT00134;8/8/2024;PRD023;PRE03;T1;08/08/2024 11:23;100.9;7.41;100;97;8740.46
LOT00135;12/8/2024;PRD022;PRE02;T1;12/8/2024 09:22;121.4;7.95;250;241;5223.83
LOT00136;11/4/2025;PRD009;PRE01;T2;11/4/2025 16:48;91.8;8.83;600;587;1099.97
LOT00137;16/6/2025;PRD003;PRE03;T3;17/6/2025 01:29;84.0;7.4;60;57;3108.85
LOT00138;3/12/2024; PRD009 ; PRE05 ;T2;3/12/2024 18:53;106.8;8.57;20;19;7888.99
LOT00139;20/1/2025;PRD010;PRE02;T2;20/1/2025 18:40;109.4;9.17;200;193;1607.71
LOT00140;28/6/2025;PRD019;pre05;T3;29/6/2025 03:27;70.8;6.1;25;24;19484.55
LOT00141;22/1/2025;PRD014;PRE05;T3;23/1/2025 04:35;94.8;7.04;30;29;37684.23
LOT00142;6/2/2025;PRD006;PRE03;T2;6/2/2025 15:21;87.6;8.8;120;100;3399.14
LOT00143;29/1/2025;PRD023;PRE03;T2;29/1/2025 16:18;110.4;7.51;60;58;5236.16
LOT00144;12/6/2025;PRD003;PRE02;T2;12/6/2025 18:02;82.6;7.24;300;291;3938.88
 LOT00145 ;16/1/2025;PRD022;PRE02;T2;16/1/2025 17:12;108.4;8.06;100;97;2403.85
LOT00146;15/1/2025;PRD004;PRE02;T3;16/1/2025 05:02;85.2;8.27;300;287;4106.79
LOT00147;8/1/2025;PRD022;PRE01;T2;8/1/2025 20:10;112.5;7.21;500;485;2842.4
LOT00148;14/5/2025;PRD006;PRE03;T1;14/5/2025 10:13;99.7;8.29;100;99;3003.26
LOT00149;21/10/2024;PRD027;PRE04;T3;22/10/2024 00:13;76.7;6.93;100;97;15817.64
LOT00150;11/2/2025;PRD009;PRE04;T1;11/2/2025 11:08;104.7;8.98;60;57;2639.67
LOT00151;28/4/2025;PRD015;PRE05;T1;28/4/2025 11:29;90.4;7.68;15;14;17643.86
LOT00152;13/6/2025; PRD023 ;PRE02;T3;14/6/2025 00:45;137.9;8.67;150;126;3152.08
LOT00153;29/1/2025;PRD027;PRE05;T3;30/1/2025 03:50;89.0;7.82;10;9;15749.41
LOT00154;22/05/2025;PRD016;PRE04;T3;23/5/2025 00:46;77.6;8.06;100;75;12361.76
LOT00155;21/2/2025;PRD016;PRE05;T1;21/2/2025 08:23;86.0;6.5;25;24; 30093.83 
LOT00156;29/5/2025;PRD029;PRE03;T1;29/5/2025 08:16;88.8;7.59;60;58;6198.12
LOT00157;31/8/2024;PRD019;PRE02;T1;31/8/2024 09:32;51.8;6.57;100;95;1545.55
LOT00158;9/5/2025;PRD028;PRE03;T3;10/5/2025 03:32;91.7;7.44;60;59;6906.7
LOT00159;9/12/2024;PRD005;PRE04;T2;9/12/2024 17:48;94.7;8.0;120;90;9141.35
LOT00160;27/5/2025;PRD007;PRE03;T3;28/5/2025 01:43;97.7;8.36;120;114;3879.88
LOT00161;27/9/2024;PRD013;PRE05;T2;27/9/2024 16:33;89.7;6.52;15;14;15870.43
LOT00162;2/4/2025;PRD017;PRE04;T1;2/4/2025 09:52;57.7;6.77;60;59;4692.62
LOT00163;31/10/2024;PRD021;PRE03;T3;1/11/2024 01:20;127.7;7.17;120;117;10388.07
LOT00164;25/3/2025;PRD023;PRE01;T2;25/3/2025 17:28;100.6;7.17;200;170;1032.69
LOT00165;29/7/2024;PRD023;PRE05;T2;29/07/2024 20.55;111.0;7.38;10;9;12417.89
LOT00166;30/9/2024;PRD028;PRE05;T2;30/09/2024 20:19;76.7;6.87;20;19;27467.32
LOT00167;24/2/2025;PRD006;PRE02;t2;24/2/2025 18:39;91.7;8.69;200;192;1531.3
LOT00168;13/7/2024;PRD019;PRE05;T1;13/7/2024 12:24;65.9;7.04;10;9;7562.46
LOT00169;11/9/2024;PRD004;PRE02;T2;11/9/2024 16:29;101.9;7.8;200;158;2777.19
LOT00170;5/9/2024;PRD013;PRE02;T2;5/9/2024 18:10;96.3;7.89;250;246;5738.99
LOT00171;24/2/2025;PRD007;PRE01;t1;24/2/2025 11:15;100.7;9.45;300;291;565.82
LOT00172;14/9/2024;PRD010;PRE04;T1;14/9/2024 09:39;97.9;8.07;80;77;3514.03
LOT00173;10/9/2024;PRD024;PRE03;T1;10/9/2024 07:19;124.9;8.47;60;57;5292.63
LOT00174;27/5/2025;PRD019;PRE02;T1;27/5/2025 09:05;72.6;7.24;200;191;3456.07
LOT00175;18/10/2024;PRD024; PRE02 ;T3;19/10/2024 02:02;113.4;7.22;300;294;6458.06
LOT00176;27/3/2025;PRD002;PRE01;T2;27/3/2025 20:04;94.8;8.17;400;389;1404.86
LOT00177;21/11/2024;PRD009;PRE02;T1;21/11/2024 11:44;80.5;7.55;150;79;1169.58
LOT00178;27/9/2024;PRD002;PRE04;T2;27/9/2024 17:46;99.7;8.78;40;33;2716.94
LOT00179;20/7/2024;PRD027; PRE05 ;T2;20/7/2024 15:52;88.0;6.53;25;23;40634.22
LOT00180;26/6/2025;PRD026;PRE05;T1;26/6/2025 08:54;95.8;7.94;20;19;30972.84
LOT00181;28/6/2025; PRD006 ;PRE03;t3;29/6/2025 01:45;97.6;9.1;80;76;2509.84
LOT00182;10/5/2025;PRD025;PRE05;T3;11/5/2025 04:20;98.1;6.71;10;9;16447.14
LOT00183;5/11/2024; PRD023 ;PRE03;T1;5/11/2024 10:25;123.6;8.08;40;38;3767.46
LOT00184;22/4/2025;PRD013;PRE04;T2;22/4/2025 17:16;76.8;7.77;80;76;8836.65
LOT00185;5/3/2025;PRD006;PRE03;T2;5/3/2025 19:00;102.1;8.65;40;38;1129.33
LOT00186;18/1/2025;PRD024;PRE03;T1;18/1/2025 09:16;110.8;7.64;80;79;7380.13
LOT00187;20/1/2025;PRD021;PRE02;T1;20/1/2025 12:21;102.7;7.82;150;145;3321.34
LOT00188;7/6/2025;PRD009;PRE02; T1 ;7/6/2025 08:15;106.2;8.62;300;288;2068.86
LOT00189;18/7/2024;PRD022;PRE04;T2;18/7/2024 16:54;105.2;8.48;60;59;6661.71
LOT00190;14/8/2024;PRD027; PRE04 ;T2;14/8/2024 21:04;117.4;7.34;40;29;6147.67
lot00191;21/8/2024;PRD005;pre03;T1;21/8/2024 12:36;93.2;7.4;100;97;5221.7
LOT00192;26/7/2024;PRD022;PRE03;T2;26/7/2024 18:35;100.6;8.23;80;77;7693.7
LOT00193;6/5/2025;PRD008;PRE01;T2;6/5/2025 17:14;94.2;9.24;500;493;1019.77
LOT00194;15/7/2024;PRD010;PRE03;T3;16/7/2024 01:15;116.5;8.55;80;56;2291.51
LOT00195;28/2/2025;PRD004;PRE03;T2;28/2/2025 18:46;92.6;7.39;40;38;2052.36
LOT00196;20/3/2025;PRD028;PRE03;T2;20/3/2025 15:44;97.3;7.47;120;118;12754.18
LOT00197;24/2/2025;PRD023;PRE03;T2;24/2/2025 20:31;117.5;7.01;80;78;7335.03
LOT00198;30/5/2025; PRD011 ;PRE05;T2;30/5/2025 17:25;100.3;8.36;10;9;4241.89
LOT00199;24/1/2025;PRD024;PRE01;T2;24/1/2025 16:25;92.8;8.59;500;385;2947.97
LOT00200;2/10/2024; PRD029 ;pre04;T2;2/10/2024 16:39;80.7;7.62;80;77;12928.42
LOT00201;14/3/2025;PRD004;PRE02;T2;14/3/2025 18:58;61.0;9.34;150;119;1922.06
LOT00202;21/5/2025;PRD005;PRE02;T2;21/5/2025 15:40;84.1;8.14;150;146; 1848.93 
LOT00203;20/7/2024;PRD014;PRE04;T2;20/7/2024 18:36;97.3;7.64;120;115;14412.07
LOT00204;24/9/2024;PRD012;PRE04;T3;24/9/2024 23:52;98.7;7.18;120;117;13468.53
LOT00205;23/10/2024;PRD029;PRE04;T2;23/10/2024 17:14;87.7;6.75;80;78;12701.11
LOT00206;25/7/2024;PRD020;PRE01;T3;26/07/2024 03:11;59.5;6.82;500;492;1877.49
LOT00207;23/08/24;PRD004;PRE03;T2;23/8/2024 17:41;91.8;7.75;120;115;6001.37
LOT00208;4/3/2025;PRD010;pre02;T1;4/3/2025 09:40;90.3;8.13;100;99;781.56
lot00209;29/11/2024;PRD024;PRE03;T2;29/11/2024 19:40;93.9;6.6;80;61;7454.54
LOT00210;10/2/2025;PRD029;PRE02;T2;10/2/2025 16:50;94.4;6.77;250;242;7025.89
LOT00211;31/7/2024;PRD014;PRE04;T1;07-31-2024 08:44;97.8;7.22;120;118;13032.63
LOT00212;27/1/2025;PRD022;PRE04;t2;27/1/2025 16:22;107.8;7.47;120;118;14620.75
LOT00213;5/11/2024;PRD011;PRE03;T2;5/11/2024 19:16;93.0;9.24;120;114;3703.25
LOT00214;20/11/2024;PRD028;PRE03;T1;20/11/2024 11:43;86.5;7.07;60;57;6674.65
LOT00215;19/7/2024;prd011;PRE01;T1;19/7/2024 08:15;107.8;8.84;500;498;924.04
LOT00216;17/2/2025;PRD018;PRE04;T3;18/2/2025 00:13;50.1;6.53;80;78;6550.51
LOT00217;5/10/2024;PRD027;PRE05;t2;5/10/2024 18:44;83.7;7.67;20;19;29486.82
LOT00218;3/7/2024;PRD025;PRE05;T1;3/7/2024 12:20;102.3;7.27;15;12;21031.43
LOT00219;20/6/2025;PRD020;PRE04;T2;20/6/2025 18:10;82.7;6.63;60;43;5143.34
LOT00220;26/11/2024;PRD018;PRE04;T1;26/11/2024 08:58;62.6;7.04;80;78;7070.48
LOT00221;25/3/2025;PRD023;PRE02;T2;25/3/2025 15:46;104.4;8.01;150;144;3596.28
LOT00222;17/2/2025;PRD002;PRE03;T3;18/2/2025 04:11;91.1;7.84;60;58;3337.01
LOT00223;12/10/2024;PRD013;PRE04;T1;12/10/2024 10:13;93.9;7.32;120;115;14546.16
LOT00224;5/2/2025;PRD003;PRE02;T1;5/2/2025 12:40;82.0;7.88;200;190;2628.18
LOT00225;8/4/2025;PRD020;PRE01;T2;8/4/2025 16:37;63.1;7.44;600;572;2396.46
LOT00226;13/5/2025;PRD008;PRE04;T2;13/5/2025 20:42;92.3;8.52;60;59;2454.58
LOT00227;22/11/2024;PRD011;PRE02;T2;22/11/2024 19:57;100.3;8.76;250;238;2040.55
LOT00228;16/10/2024;PRD006;PRE05;T1;16/10/2024 11:08;94.1;9.24;25;24;10879.5
LOT00229;12/4/2025;PRD011;PRE01;T1;12/4/2025 12:18;108.2;8.61;500;490;937.27
LOT00230;31/12/2024;PRD021;PRE03;T3;01/01/2025 01:57;118.2;7.42;100;96;9579.82
LOT00231;12/6/2025;PRD024;PRE02; T3 ;13/6/2025 00:20;126.2;7.21;100;95;2311.84
LOT00232;20/3/2025;PRD024;PRE03;T2;20/3/2025 16:58;95.0;6.37;60;42;5472.68
LOT00233;6/11/2024;PRD018;PRE02;T2;6/11/2024 17:22;73.8;6.54; 150 ;143;2438.32
LOT00234;9/12/2024;PRD020;PRE03;T3;10/12/2024 01:21;57.8;7.18;100;96;6122.95
LOT00235;27/5/2025;PRD015;PRE04;T3;28/5/2025 01:41;97.3;6.79;40;39;5003.87
LOT00236;5/4/2025; PRD019 ;PRE02;T1;5/4/2025 09:34;59.8;7.34;300;295;4563.71
LOT00237;20/9/2024;PRD017;PRE01;T3;21/9/2024 04:23;68.4;6.73;400;380;1679.46
lot00238;24/7/2024;PRD022;PRE02;T2;24/7/2024 18:01;141.4;9.23;200;134;4599.65
LOT00239;23/10/2024;PRD029;PRE05;T2;23/10/2024 19:17;67.3;7.51;30;26;44459.09
LOT00240;17/12/2024;PRD005;PRE02;T3;18/12/2024 03:46;87.2;7.89;250;237;3005.29
LOT00241;1/10/2024;PRD002;PRE04;T1;1/10/2024 12:44;93.2;8.09;80;79;5282.58
LOT00242;2/10/2024;PRD008;PRE04;T3;3/10/2024 01:26;108.4;8.89;40;38;1563.35
LOT00243;20/7/2024;PRD017;PRE03;T1;20/7/2024 08:27;66.5;7.35;120;118;8160.22
LOT00244;4/3/2025;PRD012;PRE05;T1;4/3/2025 11:00;69.8;7.91;10;7;12474.1
LOT00245;14/10/2024;PRD026;PRE01;T3;15/10/2024 03:32;73.2;7.14;600;577;4578.51
LOT00246;5/3/2025;PRD022; PRE02 ;T3;6/3/2025 03:09;116.6;7.38;200;195;4784.75
LOT00247;22/1/2025;PRD004;pre03;T1;22/1/2025 12:24;82.4;8.45;40;39;2235.77
LOT00248;22/1/2025;PRD009;PRE02;T3;23/1/2025 00:20;102.8;8.66;150;148;1231.7
LOT00249;31/10/2024;PRD017;PRE03;T3;1/11/2024 00:35;74.9;7.17;80;78;4944.69
LOT00250;19/11/2024;PRD003;PRE03;T2;19/11/2024 17:33;98.3;7.15;100;80;5311.56
LOT00251;10/1/2025;PRD017;PRE05;T3;11/1/2025 02:20;74.0;6.69;25;24;22520.5
LOT00252;22/3/2025;PRD026;PRE05;T2;22/3/2025 17:39;66.4;7.87;20;14;32588.38
LOT00253;1/11/2024;PRD009; PRE02 ;T3;2/11/2024 01:39;94.1;8.37;300;290;2394.53
LOT00254;9/12/2024;PRD016;PRE04;T2;9/12/2024 21:06;87.3;7.98;120;115;13146.31
LOT00255;17/6/2025;PRD016;PRE05;T2;17/6/2025 19:26;92.5;7.19;10;9;10928.95
LOT00256;10/5/2025;PRD009;PRE02;T2;10/5/2025 18:58;100.0;8.32;200;193;1481.94
LOT00257;9/10/2024;PRD022;pre02;T1;9/10/2024 09:11;124.2;7.26;250;239;6115.97
LOT00258;31/7/2024;PRD016;PRE04;T2;31/7/2024 18:05;96.0;6.64;80;77;9020.73
lot00259;29/5/2025;PRD014;PRE03;T3;30/5/2025 02:12;83.1;7.27;100;99;8493.06
LOT00260;24/1/2025;PRD006;PRE03;T3;25/1/2025 00:00;96.9;8.47;80;78;2450.58
LOT00261;12/7/2024;prd012;PRE05;T2;12/7/2024 17:41;98.5;7.55;10;9;11361.15
LOT00262;13/5/2025;PRD002;PRE01;T1;13/5/2025 08:32;84.6;7.37;400;388;1230.63
LOT00263;3/4/2025;PRD012;PRE05;T2;3/4/2025 20:48;77.4;7.35;30;24;35712.09
LOT00264;15/8/2024;PRD021;PRE03;T3;16/8/2024 02:55;112.4;7.23;40;38;3827.07
LOT00265;6/2/2025;PRD001;PRE03;T2;6/2/2025 17:38;88.2;7.28;120;116;5984.87
LOT00266;10/5/2025;PRD008;PRE02;T3;11/5/2025 02:39;106.2;8.62; 100 ;95;724.19
LOT00267;31/3/2025;PRD020;PRE02;T1;31/3/2025 08:51;57.1;6.19;250;246;3756.9
LOT00268;17/7/2024;PRD010;PRE04;T2;17/7/2024 16:30;91.1;9.16;40;39;1498.11
LOT00269;18/7/2024;PRD001;PRE01;T2;18/7/2024 19:26;87.8;8.47;500;484;1815.85
LOT00270;30/11/2024;PRD024;PRE05;T2;30/11/2024 18:32;125.9;7.33;10;9;11841.99
LOT00271;1/3/2025;PRD013;PRE05;T3;2/3/2025 02:40;81.2;7.25;30;29;38068.78
LOT00272;12/4/2025;PRD005;PRE03;T2;12/4/2025 19:36;80.3;7.57;60;57;2859.88
LOT00273;25/2/2025;PRD016;PRE03;T2;25/2/2025 20:33;76.7;6.73;80;79;7017.92
LOT00274;2/8/2024;PRD024;PRE02;T3;3/8/2024 02:05;120.5;8.15;150;147;3281.3
LOT00275;6/3/2025;PRD003;PRE01;T1;6/3/2025 08:17;88.6;8.25;500;488;1729.44
LOT00276;24/5/2025;PRD003;PRE01;T1;24/5/2025 10:49;91.2;8.34;400;395;1212.51
LOT00277;14/1/2025;PRD027;PRE04;T1;14/1/2025 09:36;89.7;7.36;60;58;9104.65
 LOT00278 ;8/4/2025;PRD022;PRE02;T1;8/4/2025 12:34;119.7;7.8;300; 291 ;6603.04
LOT00279;18/10/2024;PRD012;PRE04;T3;19/10/2024 04:52;84.0;7.18;100;95;10520.42
LOT00280;12/7/2024;PRD029;PRE04;T1;12/7/2024 12:55;118.7;5.7;40;25;5587.33
LOT00281;9/8/2024;PRD009;PRE04;T3;10/08/2024 03:58;86.2;9.66;40;27;1536.13
lot00282;31/8/2024;PRD002;PRE05;T2;31/8/2024 15:54;80.8;7.79;20;19;13018.82
LOT00283;26/11/2024;PRD024;PRE05;T1;26/11/2024 09:18;110.1;7.71;10;9;11430.14
LOT00284;19/4/2025;PRD025;PRE03;T2;19/04/2025 20:45;77.4;6.61;100;96;12204.31
LOT00285;27/12/2024;PRD012;PRE03; T2 ;27/12/2024 17:37;76.1;7.73;60;59;4860.85
LOT00286;26/8/2024;PRD008;PRE05;T1;26/8/2024 12:00;90.5;8.31;30;28;12111.42
LOT00287;27/3/2025;PRD005;PRE03;T3;28/3/2025 01:30;63.6;8.63;80;41;4330.0
LOT00288;29/5/2025;prd028; PRE05 ;T1;29/5/2025 10:17;85.3;7.56;20;19;30582.64
LOT00289;4/12/2024;PRD018;PRE05;T1;4/12/2024 12:15;77.3;7.58;20;13;15913.65
LOT00290;24/10/2024;PRD021;PRE02;T3;25/10/2024 02:44;128.0;7.46;300;262;7057.82
LOT00291;31/5/2025;PRD010;PRE05;T3;1/6/2025 04:56;103.7;8.3;15;14;6246.16
LOT00292;30/8/2024;PRD025;PRE03;T2;30/8/2024 18:16;91.8;7.65;100;99;10807.53
LOT00293;10/5/2025;PRD024;PRE02;T1;10/5/2025 12:44;117.9;7.35;100;96;2353.34
LOT00294;7/10/2024;PRD023;PRE03;T2;7/10/2024 16:07;122.9;7.02;80;79;6800.48
LOT00295;20/2/2025;PRD006;PRE05;T3;21/2/2025 03:28;105.5;8.91;25;24;9788.3
LOT00296;22/7/2024;PRD021;PRE04;T1;22/7/2024 12:24;111.9;8.1;120;116;15163.66
LOT00297;10/5/2025;PRD029;PRE04;T1;10/5/2025 11:43;83.9;7.47;40;39;5535.81
LOT00298;29/4/2025;PRD005;PRE02;T1;29/4/2025 11:22;83.8;8.04;150;147;1835.08
LOT00299;23/7/2024;PRD017;PRE03;T2;23/7/2024 18:25;54.1;6.22;40;38;2424.0
lot00300;20/2/2025;PRD004;PRE04;T3;21/2/2025 04:44;92.1;7.91;100;96;7124.41
LOT00301;15/10/2024;PRD020;PRE01;T3;16/10/2024 00:53;51.4;6.52;300;297;1236.98
LOT00302;4/6/2025;PRD002;PRE01;T3;5/6/2025 03:41;94.0;7.14;400;386;1435.74
LOT00303;16/12/2024;PRD003;PRE02;T3;17/12/2024 04:36;108.0;5.99;300;238;3956.03
LOT00304;16/5/2025;PRD010;PRE02;T3;17/5/2025 01:17;100.4;8.95;250;247;2035.02
LOT00305;28/1/2025;PRD004;PRE01;T3;29/1/2025 02:22;99.0;6.53;300;251;948.51
LOT00306;12/5/2025;PRD025;PRE01;T2;12/5/2025 16:51;79.9;7.01;500;497;3774.29
LOT00307;29/7/2024;PRD029;PRE05;T2;29/7/2024 20:49;102.3;7.6;20;14;32328.18
LOT00308;16/1/2025;PRD001;PRE02;T1;16/1/2025 08:43;90.6;7.47;100;96;1213.67
LOT00309;20/7/2024;PRD010;PRE02; T1 ;20/7/2024 08:40;100.1;9.2;300;287;2195.48
LOT00310;14/10/2024;PRD011;PRE01;T3;15/10/2024 03:29;112.7;7.51;200;167;387.17
LOT00311;24/5/2025;PRD017;PRE04;T3;25/5/2025 02:21;54.8;6.41;80;79;6949.99
LOT00312;11/12/2024;PRD020;PRE03;T3;12/12/2024 01:10;64.4;6.26;80;78;4877.45
LOT00313;30/9/2024;PRD022;PRE01;T1;30/9/2024 11:16;110.0;7.3;600;572;3709.18
LOT00314;26/5/2025;PRD026;PRE05;T2;26/5/2025 20:09;98.4;6.72;30;28;43771.04
LOT00315;27/8/2024;PRD028;PRE05;T1;27/8/2024 12:14;95.4;6.92;20;19;27764.36
LOT00316;29/4/2025;PRD011;PRE03;T3;30/4/2025 02:12;101.0;9.46;100;95;2824.94
LOT00317;9/8/2024;PRD019;PRE04;T1;9/8/2024 09:22;58.1;6.15;100;95;9165.88
LOT00318;16/8/2024;PRD025;PRE05;T3;17/8/2024 00:36;92.7;7.49;25;24;36674.87
LOT00319;24/12/2024;PRD011;PRE02;T3;25/12/2024 04:08;112.6;9.62;200;142;1633.29
LOT00320;29/4/2025;PRD012;PRE03;T1;29/4/2025 11:01;85.2;7.15;60;58;5193.77
LOT00321;28/5/2025;PRD027;PRE04;T1;28/5/2025 08:54;89.7;7.96;60;57;9256.04
LOT00322;9/4/2025;PRD020;PRE05;T2;9/4/2025 19:33;55.6;6.64;10;9;8982.63
LOT00323;27/8/2024;PRD018;PRE03; T3 ;28/8/2024 00:44;68.3;6.79;80;77;4614.86
LOT00324;23/12/2024;prd024;PRE03;T3;24/12/2024 03:39;115.4;7.7;80;77;7863.24
 LOT00325 ;23/4/2025;PRD020;PRE03;T1;23/4/2025 12:21;66.4;6.44;120;114;7536.96
LOT00326;27/8/2024;PRD009;PRE01;T2;27/8/2024 17:10;97.4;8.26;300;292;604.13
LOT00327;30/10/2024;PRD005;PRE03;T2;30/10/2024 17:33;88.7;8.26;40;39;2207.3
LOT00328;16/1/2025;PRD010;PRE02;T2;16/1/2025 18:18;100.6;8.65;200;199; 1496.52 
LOT00329;30/5/2025;PRD002;PRE01;T2;30/5/2025 18:48;84.0;7.15;600;581;2103.99
LOT00330;5/7/2024;PRD007;PRE03;T3;5/7/2024 23:42;92.0;8.16;100;96;3135.15
LOT00331;14/8/2024;PRD002;PRE05;T3;15/8/2024 02:48; 99,7 ;7.13;25;20;16015.0
LOT00332;19/11/2024;PRD023;PRE05;T1;19/11/2024 10:49;110.0;7.09;20;19;21933.11
LOT00333;26/5/2025; PRD021 ;PRE02;T2;26/5/2025 19:12;103.1;7.11;300;295;7181.26
LOT00334;17/1/2025;PRD001;PRE05;T1;17/1/2025 12:04;87.2;7.61;10;9;6304.63
lot00335;29/7/2024;PRD019;PRE03;T3;30/7/2024 02:51;71.3;6.51;100;98;6035.35
LOT00336;7/3/2025;PRD022;PRE02;T3;8/3/2025 03:06;104.2;7.29;300;288;6652.63
LOT00337;22/7/2024;PRD027;PRE05;T2;22/7/2024 17:08;94.2;7.5;25;24;40276.5
LOT00338;13/5/2025;PRD003;PRE01;T3;14/5/2025 01:22;80.2;7.95;400;396;1222.88
LOT00339;4/2/2025;PRD027;PRE03;T1;4/2/2025 11:25;73.6;7.53;120;114;14408.35
LOT00340;6/1/2025;PRD011;PRE01;T2;6/1/2025 19:24;108.5;8.06;200;197;390.05
LOT00341;23/11/2024; PRD003 ;PRE01;T3;24/11/2024 04:06;83.1;7.96;600;583;1890.96
LOT00342;12/4/2025;PRD023;PRE02;T2;12/4/2025 17:10;129.6;8.47;300;290;7159.34
LOT00343;16/6/2025; PRD022 ;PRE02;T1;16/6/2025 12:20;104.8;8.38;100;98;2170.51
LOT00344;15/7/2024;PRD025;PRE04;T3;16/7/2024 04:25;72.1;6.85;100;97;14477.92
LOT00345;11/10/2024;PRD025;PRE03;T1;11/10/2024 09:51;84.1;7.23;100;95;12212.75
LOT00346;17/7/2024;PRD024;PRE02;T1;17/7/2024 09:41;103.3;7.7;250;239;5492.62
LOT00347;25/3/2025;PRD021;PRE05;T1;25/3/2025 10:15;125.1;7.42;25;24;28479.93
LOT00348;26/2/2025;PRD019;PRE05;T2;26/2/2025 19:20;50.9;7.24;10;7;7964.06
LOT00349;9/7/2024;PRD007;PRE01;T3;10/7/2024 02:41;116.4;9.37;200;179;377.25
LOT00350;19/6/2025;PRD028;PRE04;T3;20/6/2025 04:13;78.9;7.63;120;117;19060.12
LOT00351;4/1/2025;PRD024;pre05;T1;4/1/2025 08:38;111.0;7.97;10;9;12656.58
LOT00352;12/12/2024;PRD021;PRE02;T3;13/12/2024 02:28;120.4;7.42;100;96;2246.41
LOT00353;10/6/2025;PRD018;PRE03;T2;10/6/2025 17:15;52.2;6.59;60;57;4125.21
LOT00354;30/1/2025;PRD016;PRE03;T3;31/1/2025 03:49;85.5;7.61;40;38;3175.81
LOT00355;6/3/2025;PRD021;PRE02;T3;7/3/2025 04:08;117.0; 8.35 ;200;191;4318.28
LOT00356;21/9/2024;PRD002;PRE01;t1;21/9/2024 09:24;92.6;8.04;300;287;921.08
LOT00357;24/12/2024;PRD012;PRE03;T3;25/12/2024 03:03; 88.5 ;6.74;80;76;6298.7
LOT00358;29/11/2024;PRD011;PRE02;T2;29/11/2024 18:32;106.0;9.09;250;241;1743.46
LOT00359;29/7/2024;PRD004;PRE02;T2;29/7/2024 20:56;83.3;8.4;200;191;2425.64
LOT00360;29/7/2024;PRD017;PRE02;T3;30/7/2024 03:12;67.9;6.64;250;242;3798.06
LOT00361;3/2/2025;PRD003;PRE02;T2;3/2/2025 17:11;82.2;7.45; 300 ;299;3624.58
LOT00362;17/4/2025;PRD014;PRE04;T1;17/4/2025 09:18;95.8;6.93;100;95;12356.9
LOT00363;24/5/2025;PRD015;PRE03;T2;24/05/2025 17:16;85.4;7.24;60;57;5496.37
LOT00364;1/3/2025;PRD012;PRE04;T2;1/3/2025 18:53;93.3;6.53;80;76;8460.6
LOT00365;30/12/2024;PRD006;PRE01;T3;31/12/2024 01:56;128.9;8.81;300;218;581.26
LOT00366;2/1/2025; PRD028 ;PRE05;T3;3/1/2025 04:05;94.7;6.52;30;28;47509.27
LOT00367;27/03/25;PRD007;PRE02;T3;28/3/2025 03:12;108.3;8.17;150;149;1129.35
LOT00368;15/7/2024;PRD029;PRE05;T1;15/7/2024 09:11;95.7;6.71;15;14;21194.28
LOT00369;17/7/2024;PRD004;PRE01;T1;17/7/2024 11:17;93.6;7.06;400;393;1397.71
LOT00370;20/11/2024;PRD029;PRE03;T1;20/11/2024 10.50;95.7;7.67;120;115;13689.64
LOT00371;20/8/2024;PRD007;PRE03;T3;21/8/2024 04:13;97.3;8.88;100;98;2764.39
LOT00372;24/3/2025;PRD017;PRE02;T1;24/3/2025 12:01;67.6;6.84;100;95;1585.6
LOT00373;5/2/2025;PRD022;PRE05;T3;6/2/2025 00:30;128.2;7.55;10;9;11979.96
LOT00374;22/8/2024;PRD003;PRE01;T3;23/8/2024 00:21;94.6;7.51;600;595;1956.81
LOT00375;30/12/2024;PRD025;PRE05;T3;31/12/2024 03:53;98.6;7.14;10;7;14991.82
LOT00376;13/6/2025;PRD002;PRE04;T1;13/6/2025 09:17;89.3;7.14;40;39;2811.17
LOT00377;3/4/2025;PRD016;PRE04;T2;3/4/2025 15:53;97.0;6.68;100;96;11313.1
LOT00378;16/1/2025;PRD028;PRE05;T2;16/1/2025 17:22;89.8;7.53;30;29;45560.3
LOT00379;15/7/2024;PRD019;PRE05;T2;15/7/2024 16:38;58.7;7.11;10;9;8610.26
LOT00380;30/4/2025;PRD014;PRE04;T1;30/4/2025 08:02;77.9; 6.75 ;120;115;13811.17
LOT00381;16/1/2025;PRD009;PRE01;T2;16/1/2025 20:39;106.2;8.15;300;290;570.32
LOT00382;8/8/2024;PRD012;PRE05;T3;9/8/2024 02:08;76.2;7.99;25; 24 ;29722.52
LOT00383;25/12/2024;PRD019;PRE02;T2;25/12/2024 18:16;70.1;6.65;300;289;4681.18
LOT00384;18/10/2024;PRD018;PRE02;T1;18/10/2024 10:46;70.2;7.28;250;249;4148.89
LOT00385;2/8/2024;PRD008;PRE02;T2;8/2/2024 19:13;106.5;8.97;200;196;1432.21
LOT00386;28/5/2025;PRD026;PRE05;T3;29/5/2025 01:03;62.3;7.97;20;16;28055.91
LOT00387;2/8/2024;PRD001;PRE01;T3;3/8/2024 03:06;86.0;8.26;300;288;1011.66
LOT00388;30/10/2024;PRD019;PRE05;T2;30/10/2024 18:11;90.3;8.13;15;11;11889.38
LOT00389;24/6/2025;PRD014;PRE03;T2;24/6/2025 18:26;85.6;7.52;80;79;7568.27
LOT00390;19/6/2025;PRD001;PRE03;T3;20/6/2025 02:09;85.8;7.96;80;79;4355.61
LOT00391;29/10/2024;PRD001;PRE05; T2 ;29/10/2024 17:37;93.7;7.95;25;24;16709.13
LOT00392;23/6/2025;PRD024;PRE02;T1;23/6/2025 12:03;110.6;7.9;300;296;6740.4
LOT00393;4/12/2024;PRD021;PRE02;T2;4/12/2024 20:39;103.3;7.37;150;148;3528.39
LOT00394;29/1/2025;PRD024;PRE01;T2;29/1/2025 17:38;126.3;8.42;600;576;3726.51
LOT00395;26/07/2024;PRD003;PRE05;T3;27/7/2024 03:50;77.2;6.27;30;16;21918.05
LOT00396;14/11/2024;PRD022;PRE02;T1;11-14-2024 12:17;101.4;8.0;200;169;4254.19
 LOT00397 ;28/5/2025;PRD009;PRE02;T2;28/5/2025 16:38;99.4;9.31;250;246;1970.64
LOT00398;7/5/2025;PRD004;PRE03;T1;7/5/2025 07:28; 87,6 ;7.57;100;98;4863.85
LOT00399;29/3/2025;PRD006;PRE03;T1;29/3/2025 09:23;92.3;8.07;60;58;1970.41
LOT00400;23/9/2024;PRD029;PRE05;T3;24/9/2024 04:00;86.7;7.88;25; 23 ;34864.66
LOT00401;14/4/2025;PRD023;PRE02;T1;14/4/2025 12:20;103.4;8.08;150;143;3125.47
LOT00402;3/7/2024;PRD017;PRE04;T3;4/7/2024 03:02;47.5;5.74;80;56;6963.68
LOT00403;28/6/2025;PRD004;PRE04;T1;28/6/2025 12:04;88.9;7.01;40;39;3052.5
LOT00404;29/7/2024;PRD026;PRE04;T3;30/7/2024 04:14;72.8;6.88;60;59;9657.93
LOT00405;7/2/2025;PRD025;PRE04;T2;7/2/2025 17:09;90.0;7.75;120;115;17803.59
LOT00406;17/8/2024;PRD003;PRE04;T2;17/8/2024 19:53;94.6;8.01;60;59;4222.91
LOT00407;16/6/2025;PRD003;PRE05;T1;16/6/2025 10:20;78.3;7.88;10;8;7014.91
LOT00408;4/6/2025;PRD027;PRE03;T3;5/6/2025 01:37;95.3;6.57;100;99;10794.71
LOT00409;6/5/2025;PRD020;PRE04;T1;6/5/2025 09:01;63.4;6.01;40;38;3464.7
LOT00410;12/5/2025;PRD024;PRE03;T3;13/5/2025 03:21;102.6;7.2;60;57;4877.16
LOT00411;2/4/2025;PRD021;PRE01;T3;3/4/2025 00:28;134.7;7.4;200;109;1060.75
LOT00412;17/1/2025;PRD028;PRE04;T2;17/1/2025 18:00;73.1;7.77;100;99;16045.85
LOT00413;10/5/2025;PRD010;PRE01;T3;11/5/2025 01:56;100.6;8.63;400;391;724.71
LOT00414;21/9/2024;PRD020;PRE05;T3;22/9/2024 01:48;58.6;6.35;15;14;13066.13
LOT00415;10/6/2025;PRD015;PRE03;T2;10/6/2025 19:51;90.5;6.92;40;39;3221.85
LOT00416;25/7/2024;prd014;PRE05;T1;25/7/2024 10:29;83.9;6.74;30;28;31763.11
LOT00417;12/4/2025;PRD008;PRE02;T1;12/4/2025 09:29;102.1;8.16;100;99;746.6
LOT00418;23/8/2024;PRD004;pre04;T3;24/8/2024 00:38;93.7;7.24;80;78;5893.4
LOT00419;29/1/2025;PRD012;PRE04;T1;29/1/2025 09:45;83.5;7.26;40;38;4839.71
LOT00420;28/1/2025;PRD025;PRE05;T1;28/1/2025 12:22;93.8;7.04;10;9;15810.46
LOT00421;19/7/2024;PRD011;PRE02;T1;19/7/2024 12:22;109.6;9.47;300;299;2231.4
LOT00422;9/5/2025;PRD024;PRE03;T2;9/5/2025 19:19;148.0;8.31;120;83;11226.54
LOT00423;3/9/2024;PRD007;PRE04;T3;4/9/2024 01:34;100.2;8.47;80;79;2982.42
LOT00424;31/7/2024;PRD008;PRE04;T3;1/8/2024 02:24;97.1;8.07;40;38;1623.18
LOT00425;23/11/2024;PRD024;PRE05;T3;24/11/2024 03:11;122.1;7.16;30;29;38324.47
LOT00426;1/3/2025;PRD027;PRE04;t2;1/3/2025 19:17;59.5;7.65;120;88;19339.25
LOT00427;4/9/2024;PRD023;PRE05;T1;4/9/2024 11:57;129.0;7.77;30;28;33931.03
LOT00428;19/4/2025;PRD012;PRE05;T1;19/4/2025 08:33;78.8;7.06;20;19;23134.69
LOT00429;8/3/2025;PRD002;PRE05; T1 ;8/3/2025 08:47;85.2;8.31;25;24;16833.96
 LOT00430 ;21/2/2025;PRD027;PRE05;T1;21/2/2025 11:53;96.0;6.99;30;29;44186.65
LOT00431;19/4/2025;PRD022;PRE04;T1;19/4/2025 12:34;119.3;7.13;120;117;15141.93
LOT00432;18/11/2024;PRD017;PRE04;T1;18/11/2024 09:58;47.9;6.3;120;85;10809.74
LOT00433;20/8/2024;PRD028;PRE04;T1;20/8/2024 10:00;75.5;7.65;60;57;8833.1
LOT00434;28/1/2025;PRD001;PRE03;T1;28/1/2025 10:16;94.1;8.35;40;38;2205.9
LOT00435;25/1/2025;PRD013;PRE05;T2;25/1/2025 19:18;85.2;6.85;10;9;12675.26
LOT00436;22/5/2025;PRD026;PRE03;T2;22/05/2025 17.00;86.2;6.75;60;58;6647.07
LOT00437;01/07/2024;PRD015;PRE05;T3;2/7/2024 03:33;106.2;6.95;20;17;21867.18
LOT00438;10/9/2024;PRD018;PRE03;T2;10/9/2024 19:34;65.3;7.44;80;79;5488.97
LOT00439;3/5/2025;prd009;PRE02;T1;3/5/2025 07:56;102.9;8.0;250;237;1704.62
LOT00440;2/4/2025;PRD016;PRE05;T3;03/04/2025 03.04;83.8;7.72;30;29;32553.22
LOT00441;11/7/2024;PRD015;PRE04;T1;11/7/2024 10:55;77.2;7.42;80;79;8762.45
LOT00442;23/5/2025;PRD016;PRE05;T1;23/5/2025 09:08;89.2;7.24;30;28;36462.15
LOT00443;25/10/2024;PRD019;PRE01;T2;25/10/2024 17:19;79.6;6.83;400;334;1718.29
LOT00444;14/6/2025;PRD021;PRE01;T2;14/6/2025 20:31;115.5;7.07;300;285;1853.09
LOT00445;19/6/2025; PRD011 ;PRE01;T3;20/6/2025 00:48;93.9;8.49;200;196;349.35
LOT00446;18/12/2024;PRD021;PRE05;T1;18/12/2024 08:30;122.9;7.94;30;28;39416.58
LOT00447;9/5/2025;PRD023;PRE01;T2;9/5/2025 16:34;120.3;7.84; 400 ;396;2235.17
LOT00448;5/2/2025;PRD026;PRE05;T2;5/2/2025 18:04;83.6;6.99; 15 ;14;20305.3
LOT00449;14/5/2025;PRD029;PRE04;T2;14/5/2025 17:45;74.1;6.57;60;57;8884.53
LOT00450;23/12/2024;PRD029;PRE04;T2;23/12/2024 18:48;85.5;7.49;60;57;9012.79
LOT00451;1/3/2025; PRD007 ;PRE05;t2;1/3/2025 19:05;102.3;8.63;15;14;6451.33
LOT00452;4/3/2025;PRD021;PRE02;T3;5/3/2025 03:05;112.0;8.24;100;96;2074.64
LOT00453;23/11/2024;PRD007;PRE03;T1;23/11/2024 09:33;104.4;8.51;120;115;3381.11
LOT00454;4/12/2024;PRD027;PRE05;T2;4/12/2024 18:20;104.3;8.35;30;26;48405.49
LOT00455;3/5/2025;PRD026;PRE03;T3;4/5/2025 02:02;92.9;7.38;120;115;12551.13
LOT00456;26/2/2025;PRD005;PRE04;T1;26/2/2025 09:07;85.8;8.32;120;116;8431.74
LOT00457;23/5/2025;PRD016;PRE05;T2;23/5/2025 17:10;97.4;7.18;15;14;16724.88
LOT00458;28/12/2024;prd012;PRE03;T1;28/12/2024 12:25;86.6;7.43;100;97;8582.56
LOT00459;12/8/2024;PRD001;PRE02;T3;13/8/2024 04:28;88.2;7.12;200;199;2433.48
LOT00460;18/11/2024; PRD007 ;PRE03;T3;19/11/2024 01:09;108.2;8.01;80;77;2326.38
LOT00461;25/10/2024;PRD025;PRE05;T1;25/10/2024 09:42;60.6;7.49;25;17;37210.51
LOT00462;12/4/2025;PRD025;PRE05;T2;12/4/2025 18:29;87.3;6.69;10;9;15476.54
LOT00463;17/4/2025;PRD025;PRE04;T2;17/4/2025 16:30;99.3;7.99;120;117;18370.81
 LOT00464 ;16/12/2024;PRD007;pre05;T2;16/12/2024 18:35;93.4;9.01;15;14;6226.83
LOT00465;18/2/2025;PRD013;PRE03;T3;19/2/2025 02:51;75.3;6.99;100;96;9551.9
LOT00466;6/6/2025;PRD013;PRE05;T1;6/6/2025 09:35;89.7;7.25;25;24;26143.17
LOT00467;16/8/2024;PRD026;PRE03;t2;16/8/2024 19:55;91.0;7.57;80;77;9582.17
LOT00468;18/4/2025;PRD020;PRE03;T3;19/4/2025 02:33;56.0;7.31;80;79;5078.04
LOT00469;09/08/24;PRD029;PRE03;T3;10/8/2024 03:48;82.3;6.75;60;58;6698.93
LOT00470;6/11/2024;PRD013;PRE04;T2;6/11/2024 16:39;91.8;7.2;100;95;11712.35
LOT00471;28/11/2024;PRD027;PRE03;T1;28/11/2024 12:08;75.1;7.51;40;39;4188.15
LOT00472;5/6/2025;PRD022;PRE03;T3;6/6/2025 02:48;113.3;7.9;40;39;3792.32
LOT00473;14/6/2025;PRD003;PRE01;T2;14/6/2025 17:08;92.0;8.25;300;295;906.53
LOT00474;31/8/2024;PRD021;PRE02;T2;31/08/2024 17:20;93.9;7.51;200;140;4275.42
LOT00475;3/5/2025;PRD020;PRE02;T2;3/5/2025 17:21;69.8;7.38;300;287;5200.06
LOT00476;18/6/2025;prd022;PRE05;T1;18/6/2025 11:50;110.1;7.91;30;29;36079.39
lot00477;5/2/2025;PRD001;PRE02;T2;5/2/2025 16:08;82.1;7.75;150;143;1867.17
LOT00478;24/3/2025;PRD015;PRE05;T2;24/3/2025 18:23;80.7;7.6;20;19;23382.41
LOT00479;12/2/2025;PRD022;PRE03;T3;13/2/2025 00:14;102.1;7.29;60;59;4995.61
LOT00480;23/9/2024;PRD007;PRE02;T3;24/9/2024 01:57;93.5;8.37;200;195;1653.44
LOT00481;9/5/2025;PRD012;PRE04;T2;9/5/2025 17:44;75.5;7.07;40;39;5031.18
LOT00482;7/5/2025;PRD009;PRE02;T2;7/5/2025 16:52;92.7;8.7;150;149;1021.55
LOT00483;28/4/2025;PRD013;PRE05;T2;28/4/2025 18:41;99.8;6.69; 30 ;28;36630.14
LOT00484;14/1/2025;PRD012;PRE04;T3;15/1/2025 02:16;86.9;7.88;80;78;9607.45
LOT00485;5/6/2025;PRD015;PRE05;T1;5/6/2025 07:38;94.3;7.47;25;24;29499.73
LOT00486;3/6/2025;PRD014;PRE03;T3;4/6/2025 05:14;93.3;7.63;40;38;3530.54
 LOT00487 ;1/7/2024;PRD007;PRE05;T1;1/7/2024 08:11;114.2;9.33;15;11;5623.68
LOT00488;2/10/2024;prd004;PRE02;T1;2/10/2024 10:03;86.6;8.37;100;99;1234.66
LOT00489;21/8/2024;PRD011;PRE01;T2;21/8/2024 15:58;105.0;8.01;600;593;1035.54
LOT00490;6/5/2025;PRD017;PRE05;T2;6/5/2025 19:10;67.0;6.51;20;19;18281.73
LOT00491;22/1/2025;PRD012;PRE05;T2;22/1/2025 15:45;107.0;8.15;15;9;17811.86
LOT00492;24/7/2024;PRD007;PRE01;T3;25/7/2024 03:41;102.1;8.6;600;593;1105.42
LOT00493;30/6/2025;PRD022;PRE04;T2;30/6/2025 20:23;101.0;7.75;40;38;4966.14
LOT00494;26/9/2024;PRD015;PRE05;T1;26/9/2024 08:31;99.8;6.54;20;19;24435.67
LOT00495;16/8/2024;PRD029;PRE05;t3;17/8/2024 01:38;89.3;7.07;25;24;39638.11
LOT00496;30/4/2025;PRD009;PRE01;T1;30/4/2025 08:47;92.5;8.47;500;489;855.32
LOT00497;29/4/2025;PRD014;PRE04;T3;30/4/2025 00:44;75.2;7.78;80;76;10102.0
LOT00498;18/6/2025;PRD020;PRE02;T2;18/6/2025 18:00;65.8;6.32;200;197;3096.91
LOT00499;17/1/2025;PRD007;PRE04;T1;17/1/2025 09:02;118.1;9.55;80;58;3130.28
LOT00500;24/4/2025;PRD007;PRE03;T1;24/4/2025 10:14;103.1;8.87;100;98;2874.65
LOT00501;14/9/2024;PRD024;PRE03;T3;15/9/2024 03:43;127.8;7.14;100;95;8194.45
LOT00502;20/1/2025;PRD005;PRE03;T1;20/1/2025 10:40;89.8;7.56;40;39;2253.26
LOT00503;18/3/2025;PRD012;PRE01;t1;18/3/2025 08:06;81.8;7.62;600;575;3295.55
LOT00504;11/7/2024;PRD004;PRE02;T2;11/7/2024 21:13;91.8;7.8;100;97;1345.42
LOT00505;3/7/2024;PRD025;PRE03;T3;4/7/2024 02:42;71.2;7.36;60;57;6421.63
LOT00506;2/6/2025;PRD010;PRE02;T2;2/6/2025 17:36;92.4;9.76;200;166;1495.34
LOT00507;23/7/2024;PRD012;PRE04;T3;23/7/2024 23:55;78.5;7.78;60;59;7102.18
LOT00508;21/1/2025;PRD020;PRE02;T2;21/1/2025 16:53;66.9;7.41;150;146;2176.87
LOT00509;17/9/2024;PRD007;PRE03;T3;18/9/2024 03:46;90.5;8.91;40;38;1207.55
LOT00510;24/10/2024;PRD003;PRE02;T1;24/10/2024 07:51;77.4;7.2;100;73;1223.38
lot00511;22/11/2024;PRD026;PRE04;T3;23/11/2024 00:33;75.1;7.92;100;95;15918.25
LOT00512;20/3/2025;PRD029; PRE05 ;T2;20/3/2025 16:38;81.4;7.6;10;9;15417.58
LOT00513;15/3/2025;PRD014;PRE05;T2;15/3/2025 18:28;88.0;7.58;15;14;18645.57
LOT00514;30/7/2024;PRD003;PRE03;T1;30/7/2024 10:11;93.9;8.21;40;39;2068.07
LOT00515;4/7/2024;PRD017;PRE03;T2;4/7/2024 20:50;56.1;7.11;120;118; 6868.04 
LOT00516;7/9/2024;PRD025;PRE04;T1;7/9/2024 08:33;84.9;6.76;40;38;6214.88
LOT00517;20/5/2025;PRD010;PRE02;T1;20/5/2025 10:05;108.6;9.44;300;297;2057.27
LOT00518;3/7/2024;PRD012;PRE01;T2;3/7/2024 17:40;83.9;6.65;500;479;2771.03
LOT00519;3/1/2025;PRD001;PRE02;T2;03/01/2025 18.02;92.2;7.16;250;245;3267.38
LOT00520;7/9/2024;PRD029;PRE05;T1;7/9/2024 11:51;97.0;6.74; 15 ;14;24568.64
LOT00521;16/1/2025;PRD016;PRE05;T2;16/1/2025 16:27;94.8;6.69;20;19;24440.67
LOT00522;12/8/2024;PRD020;PRE03;T2;12/8/2024 18:10;68.2; 6.28 ;80;79;5407.08
LOT00523;29/4/2025;PRD007;PRE02;T3;30/4/2025 01:29;92.6;8.06;150;149;1117.29
LOT00524;1/8/2024;PRD014;PRE04;T2;01/08/2024 16.40;77.8;7.05;80;78;8810.37
LOT00525;7/5/2025; PRD022 ;PRE03;T2;7/5/2025 19:01;107.6;7.74;80;77;6619.52
LOT00526;29/5/2025;PRD011;PRE02;T3;30/5/2025 01:51;91.7;8.16;300;286;2307.26
LOT00527;2/12/2024;PRD023;PRE02;T3;3/12/2024 02:12;121.6;7.07;150;145;3545.97
LOT00528;5/3/2025;PRD018;PRE05;T3;6/3/2025 04:55;69.8;6.25;20;19;15553.22
LOT00529;20/3/2025;PRD023;PRE02;T3;21/3/2025 01:02;122.5;7.58;250;242;5410.87
LOT00530;26/3/2025;PRD023;PRE01;T3;27/3/2025 02:29;108.9;7.4;200;191;1036.4
LOT00531;5/11/2024;PRD029;PRE03;T1;5/11/2024 12:05;70.0;7.02;120;119;13026.32
LOT00532;17/5/2025;PRD005;PRE02;T2;17/5/2025 18:26;95.1;7.14;100;80;1449.68
LOT00533;15/11/2024;PRD024;PRE03;T2;15/11/2024 20:47;104.7;7.35;100;96;9723.9
LOT00534;22/11/2024;PRD028;PRE03;T3;23/11/2024 01:58;96.6;7.73;120;115;12537.51
 LOT00535 ;5/5/2025;PRD013;PRE03;T3;6/5/2025 02:47;75.5;7.74;40;38;3668.0
LOT00536;28/6/2025;PRD026;PRE05;T3;29/6/2025 01:01;84.4;7.34;25;24;36055.39
LOT00537;29/11/2024;PRD009;PRE03;T1;29/11/2024 11:57;92.8;9.37;40;38;1172.49
LOT00538;23/10/2024;PRD022;PRE02;T1;23/10/2024 09:56;95.7;7.4;100;87;2315.4
LOT00539;16/11/2024;PRD022;PRE02;T2;16/11/2024 19:19;144.8;5.84;100;75;2484.84
LOT00540;20/11/2024;PRD015;PRE05;T1;20/11/2024 08:31;99.9;6.77;25;24;28966.4
LOT00541;2/4/2025;PRD021;PRE02;T2;2/4/2025 21:01;124.6;7.58;300;295;6840.67
LOT00542;28/2/2025;prd003;PRE02;T1;28/2/2025 08:24;93.7;7.54;150;144;1843.26
LOT00543;26/6/2025;PRD008;PRE02;T3;27/6/2025 02:39;103.9;8.64;100;98;780.61
LOT00544;18/4/2025;prd001;PRE01;T1;18/4/2025 09:22;87.0;7.21;600;590;1915.0
LOT00545;17/7/2024;PRD023;PRE01;T1;17/7/2024 11:52;95.0;8.56;500;333;3037.83
LOT00546;3/9/2024;PRD014;PRE05;T3;4/9/2024 02:53;80.5;6.78;30;29;31857.38
LOT00547;8/10/2024;PRD013;PRE05;T2;8/10/2024 16:41;76.9;7.4;20;19;22189.44
LOT00548;1/11/2024;PRD025;PRE05;T3;2/11/2024 00:25;116.2;5.21;20;10; 28851,63 
LOT00549;19/8/2024;PRD017;PRE02;T1;19/8/2024 11:40;52.5;7.21;150;142;2522.41
LOT00550;19/10/2024;PRD006;PRE02;T3;20/10/2024 01:19;100.3;9.09;300;298;2196.07
LOT00551;9/5/2025;PRD028;PRE05;T1;9/5/2025 08:59;72.9;6.52;20;19;32813.68
LOT00552;3/1/2025;PRD011;PRE02;T1;3/1/2025 08:29;93.6;9.16;200;199;1656.69
LOT00553;22/1/2025;PRD004;PRE05;T2;22/1/2025 17:29;75.2;9.78;20;10;13756.94
LOT00554;5/7/2024;PRD002;PRE03;T3;6/7/2024 00:36;85.6;7.86;40;38;2257.15
LOT00555;20/1/2025; PRD018 ;PRE05;T1;20/1/2025 10:02;58.2;6.48;30;29;26219.55
LOT00556;11/1/2025;PRD005;PRE05;T2;11/1/2025 18:42;94.7;7.32;15;14;11450.55
LOT00557;30/6/2025;PRD003;PRE01;T1;30/6/2025 12:02;83.2;8.34;300;297;916.19
LOT00558;21/9/2024;PRD006;PRE02;t2;21/9/2024 19:20;106.5;8.84;300;287;2369.03
LOT00559;14/9/2024;PRD027;PRE05;T1;14/9/2024 10:44;114.1;6.18;10;7;16329.97
LOT00560;24/9/2024;PRD019;PRE01;T2;24/9/2024 18:07; 55.2 ;6.29;600;598;2331.88
LOT00561;28/12/2024;PRD027;PRE05;T2;28/12/2024 20:43;73.4;6.76;25;24;37895.65
LOT00562;20/8/2024;PRD022;PRE03;T3;21/8/2024 00:08;119.5;7.92;100;95;9449.9
LOT00563;18/2/2025;PRD017;PRE03;T2;18/2/2025 17:05;71.4;7.43;80;79;5457.34
LOT00564;3/6/2025;PRD024;PRE02;T3;4/6/2025 02:43;120.2;7.01;250;237;5132.76
LOT00565;1/11/2024;PRD024;PRE03;t3;2/11/2024 01:58;135.8;7.94;60;53;5281.64
LOT00566;22/4/2025;PRD006;PRE02;T3;04-23-2025 02:43;93.2;8.48;100;95;746.54
LOT00567;5/9/2024;PRD023;PRE03;T1;5/9/2024 11:09;107.2;8.35;80;76;7690.26
LOT00568;23/5/2025;PRD009;PRE03;T1;23/5/2025 08:35;108.5;8.18;60;57;1942.06
LOT00569;7/3/2025;PRD027;PRE03;T1;7/3/2025 09:23;81.3;6.97;100;99;10529.56
LOT00570;3/7/2024;PRD020;PRE04;T2;3/7/2024 20:08;73.2;6.29;40;39;3372.09
LOT00571;20/6/2025;PRD029;PRE03;T1;20/6/2025 09:59;84.4;7.93;80;78;9273.46
LOT00572;21/11/2024;PRD013;PRE05;T1;21/11/2024 09:06;79.1;6.81;25;24;28687.71
LOT00573;20/5/2025;PRD004;PRE03;T3;21/5/2025 03:10;93.3;8.44;80;78;4026.52
LOT00574;4/10/2024;PRD012;PRE04;T2;4/10/2024 17:49;80.4;7.06;60;59;6434.25
LOT00575;23/11/2024;PRD015;PRE04;T3;24/11/2024 04:07;77.6;6.92;120;119;14775.88
LOT00576;10/3/2025;PRD022;PRE04;T1;10/03/2025 08.35;112.6;7.19;60;58;7331.29
lot00577;23/1/2025;PRD026;PRE05;T2;23/1/2025 20:16;71.2;7.47;10;9;15989.55
LOT00578;18/1/2025;PRD012;PRE04;T2;18/1/2025 20:03;96.2;7.95;40;39;5046.19
LOT00579;2/4/2025;PRD005;PRE01; T1 ;2/4/2025 07:52;93.2;7.06;200;199;608.48
LOT00580;14/9/2024;PRD009;PRE03;T1;14/9/2024 11:50;100.4;8.36;100;98;3285.81
LOT00581;2/11/2024;PRD009;PRE04;T3;3/11/2024 00:08;109.4;8.09;40;39;1589.81
LOT00582;7/12/2024;PRD027;PRE04; T2 ;7/12/2024 17:45;73.2;6.7;80;77;11885.84
LOT00583;14/9/2024;PRD003;PRE02;T3;15/9/2024 00:56;83.6;8.34;150;144;1975.07
LOT00584;6/2/2025;PRD018;PRE01;T1;6/2/2025 08:35;56.8;6.15;500;493;1964.11
LOT00585;27/5/2025;PRD017;PRE03;T1;27/5/2025 08:35;52.9;7.34;120;115; 6903.56 
LOT00586;20/6/2025;PRD023;PRE02;T1;20/6/2025 12:06;105.1;7.31;200;197;4343.65
LOT00587;5/8/2024;PRD020;PRE02;T1;5/8/2024 09:21;72.5;6.21;100;98;1564.71
LOT00588;8/3/2025;PRD006;PRE03;T2;8/3/2025 19:33;90.9;8.03;80;79;2412.13
LOT00589;9/11/2024;PRD010;PRE04;T2;9/11/2024 18:27;99.2;9.24;80;78;3450.48
LOT00590;14/9/2024;PRD020;PRE02;T3;15/9/2024 01:56;58.9;6.05;300;296;5213.64
LOT00591;27/3/2025;PRD013;PRE04;T2;27/3/2025 18:02;101.3;7.04;80;60;8428.28
LOT00592;5/7/2024;PRD014;PRE05;T2;5/7/2024 17:39;92.0;7.28;20;19;23962.45
LOT00593;8/3/2025;PRD001;PRE02;T3;9/3/2025 00:09;85.3;8.25;100;96;1283.37
LOT00594;9/10/2024;PRD025;PRE04;T1;9/10/2024 12:59;62.4;8.33;60;51;9246.68
LOT00595;13/6/2025;PRD009;PRE05;T1;13/6/2025 12:44;103.7;8.3;15;14;5639.43
LOT00596;12/2/2025;PRD015;PRE04;T1;12/2/2025 12:19;86.7;7.14;100;99;11510.18
LOT00597;8/1/2025;prd003;PRE04;t1;8/1/2025 12:21;80.8;8.27;60;58;3785.0
LOT00598;26/11/2024;PRD002;PRE01;T2;26/11/2024 18:47;81.8;7.88;600;592;1816.66
LOT00599;4/7/2024;PRD016;PRE03;T3;5/7/2024 01:44;76.7;6.73;40;39;3304.06
 LOT00600 ;3/10/2024;PRD013;PRE02;T2;3/10/2024 20:20;95.5;7.52;300;286;6111.86
LOT00601;26/11/2024;PRD008;PRE02;T2;26/11/2024 19:45;103.4;8.59;100;97;803.4
LOT00602;2/6/2025;PRD013;PRE01;T3;3/6/2025 00:38;99.1;7.2;500;481;3020.45
LOT00603;16/9/2024;PRD012;PRE05;T3;17/9/2024 04:49;86.5;7.79;15;14;18313.87
LOT00604;17/3/2025;PRD021;PRE02;T3;18/3/2025 01:06;117.7;7.87;300;294;6673.06
LOT00605;30/10/2024;PRD004;PRE03;T2;30/10/2024 17:03;91.3;7.63;40;38;1995.2
LOT00606;10/1/2025;PRD012;PRE04;T2;10/1/2025 20:53;80.0;6.88;100;98;10963.15
LOT00607;19/8/2024;PRD026;PRE03;T3;19/8/2024 23:50;101.0;7.02;120;104;13069.92
LOT00608;13/5/2025;PRD017;PRE02;T3;14/5/2025 00:27;60.7;6.56;100;97;1469.23
LOT00609;26/11/2024;PRD002;PRE03;T1;26/11/2024 11:21;81.0;8.31;80;76;4263.3
LOT00610;12/11/2024;PRD013;PRE04;T3;12/11/2024 23:47;85.5;6.8;40;38;4683.7
LOT00611;25/6/2025;PRD029;PRE02;T3;26/6/2025 02:11;112.8;7.76;100;76;2822.96
LOT00612;25/10/2024;PRD016;PRE04;T2;25/10/2024 15:39;94.3;7.72;120;117;13584.22
LOT00613;9/9/2024;PRD013;PRE05;T3;10/9/2024 03:01;97.4;7.97;20;19;22472.1
 LOT00614 ;5/11/2024;PRD001;PRE02;T1;5/11/2024 07:52;63.3;5.7;200;136;2852.61
LOT00615;14/10/2024;PRD022;PRE01;T2;14/10/2024 19:11;95.3;7.42;600;455;3525.09
LOT00616;6/3/2025;PRD017;PRE01;T3;7/3/2025 00:33;81.3;6.8;400;339;1503.68
LOT00617;18/7/2024;PRD008;PRE03;T1;18/7/2024 10:26;96.0;9.45;40;38;1226.34
LOT00618;27/7/2024;PRD002;PRE02;T3;28/7/2024 00:30;91.4;8.41;300;296;3838.99
LOT00619;30/7/2024;PRD007;PRE04;T2;30/7/2024 20:17;109.0;9.4;80;79;3480.3
LOT00620;30/10/2024;PRD017;PRE02;T3;30/10/2024 23:49;82.5;5.71;150;128;2284.16
LOT00621;4/6/2025;PRD009;PRE03;T1;4/6/2025 10:06;98.9; 8.03 ;40;38;1311.81
LOT00622;2/8/2024;PRD002;PRE03; T3 ;3/8/2024 01:43;91.5;7.41;100;95;5386.86
LOT00623;22/7/2024;PRD004;PRE03;T2;22/7/2024 16:12;94.6;7.02;80;78;3817.58
LOT00624;14/6/2025;PRD004;PRE03;T2;14/6/2025 16:58;93.1;7.21;80;78;4082.64
LOT00625;29/4/2025;PRD010;PRE03; T1 ;29/4/2025 08:17;106.2;8.77;120;118;3753.24
LOT00626;23/10/2024;PRD022;PRE03;T1;23/10/2024 12:37;132.8;6.63; 100 ;83;9036.6
LOT00627;29/8/2024;PRD008;PRE02;T2;29/8/2024 19:38;97.2;8.53;300;286;2205.54
LOT00628;25/1/2025;PRD008; PRE03 ;T1;25/1/2025 09:56;96.8;8.18;100;97;3289.95
LOT00629;12/11/2024;PRD029;PRE03;T1;12/11/2024 08:54;96.1;7.75;40;39;4940.94
LOT00630;30/6/2025;PRD029;PRE04;T3;1/7/2025 01:01;96.9;7.85;120;117;16587.98
LOT00631;24/6/2025;PRD015;PRE05;T2;24/6/2025 17:30;77.1;7.84;30;29;36010.39
 LOT00632 ;25/7/2024;PRD024;PRE03;T2;25/7/2024 18:41;111.5;8.14;60;57;5880.66
LOT00633;23/9/2024;PRD009;PRE03;T1;23/9/2024 09:54;99.7;8.34;60;57;1950.37
LOT00634;25/9/2024;PRD022;PRE02;T3;26/9/2024 00:04;116.1;7.29;250;247;5132.23
LOT00635;27/6/2025;PRD024;PRE02;T2;27/6/2025 19:24;81.6;6.12;200;143;4188.05
LOT00636;19/5/2025;PRD024;PRE01;T2;19/5/2025 17:53;113.0;8.4;600;579;3653.54
LOT00637;21/10/2024;PRD021;PRE03;T3;22/10/2024 02:10;104.5;8.22;100;96;8457.43
LOT00638;15/10/2024;PRD024;PRE02;T2;15/10/2024 16:10;120.6;7.92;300;288;6598.12
LOT00639;17/1/2025;PRD027;PRE03;T2;17/1/2025 20:48;78.9;6.83;80;77;8904.91
LOT00640;5/3/2025;PRD011;PRE03;T3;6/3/2025 03:40;90.6;8.4;60;59;1901.82
LOT00641;15/11/2024;PRD011;PRE02;T2;15/11/2024 18:08;102.7;8.07;250;242;1917.41
LOT00642;11/07/24;PRD020;PRE03;T1;11/7/2024 09:02;80.4;6.88;40;32;2450.5
LOT00643;19/10/2024;PRD028;PRE05;T2;19/10/2024 15:33;95.4;7.63;30;28;44081.44
LOT00644;10/1/2025;PRD008;PRE03;T2;10/1/2025 17:19;107.2;8.11;120;118;3788.92
LOT00645;7/12/2024;PRD020;PRE05;T1;7/12/2024 11:49;68.6;6.45;25;24;20009.93
 LOT00646 ;25/6/2025;prd003;PRE02;T2;06-25-2025 18:41;94.9;8.09;200;197;2759.56
LOT00647;7/12/2024;PRD025;PRE03;T3;8/12/2024 00:58;72.9;6.75;100;97;10313.75
LOT00648;7/12/2024;PRD027;PRE04;T2;7/12/2024 16:59;79.6;7.35;100;99;14304.43
LOT00649;21/3/2025;PRD016; PRE04 ;T2;21/3/2025 16:30;92.5;7.06;40;38;4870.28
LOT00650;7/3/2025;PRD002;PRE04;T3;8/3/2025 04:31;86.0;7.45;100;99;7307.92
LOT00651;7/1/2025;PRD029;PRE04;T2;7/1/2025 20:10;76.3;7.0;60;57;9387.15
LOT00652;21/6/2025; PRD016 ; PRE02 ;t3;22/6/2025 04:14;83.3;6.59;250;244;5006.1
LOT00653;4/12/2024;PRD001;PRE05;T2;4/12/2024 19:22;88.4;7.96;15;14;9770.09
LOT00654;30/4/2025;PRD004;PRE01;T2;30/4/2025 19:55;82.5;8.18;300;286;1058.02
LOT00655;3/2/2025;PRD011;PRE01;T3;4/2/2025 03:01;100.0;8.18;600;581;1202.45
LOT00656;20/11/2024;PRD011;PRE03;T1;20/11/2024 11:43;89.6;8.13;40;32;1184.5
LOT00657;8/1/2025;PRD015;PRE05;T1;8/1/2025 07:42;86.1;7.29;10;9;11202.01
LOT00658;23/7/2024;PRD001;PRE03;T3;24/7/2024 02:03;94.6;8.23;100;99;5388.85
LOT00659;17/9/2024;PRD025;PRE04;T2;17/9/2024 16:37;82.6;7.77;40;38;6252.71
LOT00660;10/12/2024;PRD028;PRE03;T2;10/12/2024 20:48;85.5;7.91;100;97;11627.38
LOT00661;8/5/2025;PRD005;PRE03;T2;8/5/2025 20:09;82.6;8.12;40;38;2125.43
LOT00662;2/10/2024;PRD003;PRE03;T1;2/10/2024 09:05;114.4;8.95;40;22;2047.3
LOT00663;27/6/2025;PRD027;PRE05;T2;27/6/2025 17:28;74.2;6.97;15;14;21477.6
LOT00664;25/3/2025;PRD015;PRE03;T3;26/3/2025 01:24;98.7;7.38;60;58;4917.93
LOT00665;15/11/2024;PRD026;PRE03;T3;16/11/2024 03:45; 77.7 ;7.2;40;39;4515.33
LOT00666;19/5/2025;PRD011;PRE02;T2;19/5/2025 15:54;98.4;8.5;100;95;734.53
LOT00667;2/11/2024;PRD015;PRE05;T3;3/11/2024 03:12;87.1;7.1;10;9;12475.64
LOT00668;20/3/2025;PRD014;PRE04;T3;21/3/2025 02:31;80.0;7.96;60;57;6727.74
LOT00669;1/7/2024;PRD025;PRE03;T2;1/7/2024 17:18;79.0;6.62;60;59;6664.34
LOT00670;8/4/2025;PRD025;PRE04;T2;8/4/2025 18:13;90.1;7.75;60;59;8272.48
LOT00671;6/8/2024;PRD025;PRE04;T3;7/8/2024 03:51;76.7;7.41;60;58;8711.73
LOT00672;2/12/2024;PRD003;PRE03;T1;2/12/2024 09:03;85.8;7.27;60;57;3078.69
LOT00673;12/8/2024;PRD014;PRE03;T1;12/8/2024 08:56;95.1;6.52;80;76;6969.7
LOT00674;21/5/2025;PRD022;PRE02;T2;21/5/2025 19:32;111.2;7.71;200;198;4963.99
LOT00675;28/6/2025;PRD025;PRE04;T1;28/6/2025 09:53;94.4;7.59;100;97;14894.29
LOT00676;29/11/2024;PRD002;PRE04;T2;29/11/2024 20:04;82.7;7.54;40;38;2686.7
lot00677;3/9/2024;PRD018;PRE03;t1;3/9/2024 12:04;72.3;6.52;100;98;5977.57
LOT00678;14/9/2024;PRD017;PRE03;T2;14/9/2024 18:57;74.5;6.12;80;77;4558.56
LOT00679;3/12/2024;PRD029;PRE02;T1;3/12/2024 08:13;87.2;6.82;250;240;7355.21
 LOT00680 ;10/7/2024;PRD013;PRE05;T1;10/7/2024 09:18;81.7;7.4;20;19;21923.19
LOT00681;04/04/2025;PRD024;PRE03;t3;5/4/2025 04:33;100.4;7.51;80;79;6698.56
LOT00682;19/4/2025;PRD006;PRE03;T1;04-19-2025 11:54;109.7;8.12;120;116;3450.11
LOT00683;12/7/2024;PRD020;PRE03;T3;13/7/2024 04:55;74.7;6.56;120;114;7721.97
LOT00684;8/4/2025;PRD004;PRE03;T3;9/4/2025 03:08;78.6;7.3;80;66;4337.96
LOT00685;19/9/2024;PRD017;PRE03;T2;19/9/2024 19:07;50.1;7.24;100;98;6531.02
LOT00686;15/3/2025;PRD014;PRE04;T1;03-15-2025 12:28;98.6;6.99;60;57;7134.69
LOT00687;21/9/2024;PRD020;PRE04;T1;21/9/2024 11:18;46.9;8.65;80;43;6135.11
 LOT00688 ;26/8/2024;PRD022;PRE03;T2;26/8/2024 17:16;113.9;8.44;40;39;3731.06
LOT00689;7/5/2025;PRD013;pre02;T3;8/5/2025 03:24;95.7;6.59;250;247;5727.81
LOT00690;12/11/2024;PRD021;PRE03;T1;12/11/2024 08:59;112.4;7.51;60;59;5086.89
LOT00691;13/2/2025;PRD029;PRE05;T2;13/2/2025 19:46;87.0;7.39;15;14;21547.94
LOT00692;10/6/2025;PRD010;PRE02;T2;10/6/2025 17:07;92.9;8.44;250;240;1787.15
LOT00693;26/9/2024;PRD001;PRE02;T2;26/9/2024 17:31;84.7;7.56;250;245;3552.77
LOT00694;20/11/2024;PRD022;PRE05;T2;20/11/2024 17:12;115.0;7.85;10;9;12829.79
LOT00695;16/12/2024;PRD007;PRE02;T3;17/12/2024 02:03;109.2;9.27;300;298;2481.39
LOT00696;19/2/2025;PRD009;PRE04;T1;19/2/2025 08:02;101.0;8.14;60;59;2600.38
LOT00697;27/7/2024;PRD007;PRE02;T2;27/7/2024 16:29;99.6;8.66;250;239;1906.02
LOT00698;22/5/2025;PRD019;PRE02;T3;23/5/2025 00:11;68.9;6.9;250;245;3832.97
LOT00699;15/3/2025;PRD009;PRE04;T2;15/3/2025 19:32;109.5;9.42;100;95;4314.69
lot00700;17/6/2025;PRD025;PRE04;T2;17/6/2025 17:10;92.9;6.82;120;115;18959.11
LOT00701;26/9/2024;PRD007;PRE03;T1;26/9/2024 09:05;109.1;9.47;120;118;3801.42
LOT00702;9/12/2024;PRD028;PRE05;T2;9/12/2024 18:59;86.9;7.64;10;9;14712.24
LOT00703;9/11/2024;PRD015;pre05;T1;9/11/2024 10:52;83.0;7.69;20;19;24309.04
LOT00704;30/4/2025;PRD009;PRE01;T2;30/4/2025 16:42;103.8;9.36;500;481;1042.52
LOT00705;7/9/2024;PRD011;PRE02;T2;7/9/2024 18:22;106.5;9.31;300; 289 ;2131.92
LOT00706;10/9/2024;PRD025; PRE05 ;T2;10/9/2024 18:13;97.2;7.17;15;14;22357.47
LOT00707;27/1/2025;PRD023;PRE02;T1;27/1/2025 11:48;123.9;8.25;100;99;2273.56
LOT00708;18/12/2024;PRD017;PRE04;T2;18/12/2024 15:53;74.4;7.17;120;114;10107.22
 LOT00709 ;16/9/2024;PRD021;PRE05;T2;16/9/2024 16:28;119.4;7.51;30;29;37724.1
LOT00710;4/2/2025;PRD010;PRE01;T1;4/2/2025 09:51;101.7;9.15;600;583;1177.71
LOT00711;14/10/2024;PRD029;PRE05;T1;14/10/2024 09:18;70.8;7.4;10;9;15120.23
LOT00712;16/11/2024;PRD008;PRE03;T1;16/11/2024 09:38;90.5;9.32;100;95;3268.81
LOT00713;11/1/2025;PRD007;PRE02;T2;11/01/2025 16:08;100.1;8.87;300;286;2384.4
LOT00714;17/3/2025;PRD024;PRE05;T1;17/3/2025 12:00;137.4;6.54;25;21;29401.85
LOT00715;26/5/2025;PRD027;PRE02;T3;27/5/2025 03:57;98.5;6.91;200;190;6063.97
LOT00716;4/6/2025;PRD005;PRE03;T3;5/6/2025 03:16;92.3;7.63;60;59;3443.14
LOT00717;23/1/2025;PRD029;PRE05;T2;23/1/2025 18:15;70.9;6.54;10;9;13602.67
LOT00718;26/12/2024;PRD013;PRE05;T1;26/12/2024 08:38;99.7;6.67;25;24;28507.45
LOT00719;9/11/2024;PRD026;PRE04;T2;9/11/2024 18:44;61.0;8.22;100;64;15993.27
LOT00720;23/1/2025;PRD026;PRE05;T3;24/1/2025 00:48;76.8;6.78;20;19;32843.74
LOT00721;13/9/2024;PRD029;PRE03;T2;13/9/2024 18:30;93.8;7.97;40;38;4080.7
 LOT00722 ;22/4/2025;PRD019;pre02;T3;23/4/2025 03:59;34.7;6.48;200;139;3184.4
LOT00723;23/12/2024;PRD011;PRE04;T3;24/12/2024 00:35;98.5;8.04;120;114;4538.04
LOT00724;12/8/2024;PRD010;PRE01;T2;12/8/2024 19:20;93.9;9.26;300;296;535.65
lot00725;26/10/2024;PRD019;PRE04;T3;27/10/2024 02:46;52.5;6.25;120;115;10948.19
LOT00726;25/3/2025;PRD014;PRE05;T2;25/3/2025 20:27;83.0;7.58;20;19;22046.17
LOT00727;4/3/2025;PRD020;PRE03;t2;4/3/2025 17:54;69.7;6.97;100;97;5983.2
LOT00728;10/6/2025;PRD005;PRE04;T1;10/6/2025 10:27;89.6;7.78;120;114;8615.96
LOT00729;8/11/2024;PRD004;PRE03;T1;8/11/2024 11:35;88.8;8.31;100;98;4960.87
LOT00730;1/2/2025;PRD020;PRE04;T3;02/02/2025 00.20;80.1;7.76;120;91;10416.63
LOT00731;6/6/2025;PRD023;PRE04;T1;6/6/2025 09:04;116.8;8.26;100;98;12888.94
LOT00732;31/10/2024;PRD027;PRE05;T1;31/10/2024 13:03;104.9;6.1;25;21;38050.09
LOT00733;13/7/2024;PRD021;PRE03;T1;13/7/2024 08:48;127.6;8.2;100;99;8556.33
LOT00734;22/5/2025; PRD008 ;PRE02;T2;22/5/2025 17:15;101.2;9.3;200;197;1588.6
LOT00735;25/10/2024;PRD003;PRE02;T3;26/10/2024 02:22;93.7;7.14;250;241;3305.64
LOT00736;25/9/2024;PRD023;PRE02; T2 ;25/9/2024 15:55;105.7;7.47;300;295;6886.31
LOT00737;5/6/2025;PRD023;PRE01;T3;6/6/2025 02:18;121.5;7.8;500;478;2784.59
LOT00738;12/2/2025;PRD026;PRE03;T2;12/2/2025 17:50;72.9;6.07;60;51;7402.4
LOT00739;5/3/2025;PRD007;PRE01;T1;5/3/2025 12:02;122.2;8.36;600;404;1169.01
LOT00740;29/10/2024;PRD023;PRE04;T2;29/10/2024 20:38;102.3;8.04;80;79; 10533.61 
 LOT00741 ;6/5/2025;PRD026;PRE05;T2;6/5/2025 18:58;94.6;6.84;20;19;27319.21
LOT00742;27/6/2025;prd006;PRE01;T2;27/6/2025 16:19;91.3;9.08;600;577;1230.41
LOT00743;2/4/2025;PRD025;PRE05;T3;03/04/2025 02.43;87.1;7.81;25;23; 37797.09 
LOT00744;29/3/2025;PRD020;PRE01;T1;29/3/2025 09:29;56.2;6.9;300;297;1084.36
LOT00745;28/2/2025;PRD004;PRE05;T2;28/2/2025 18:31;81.4;7.53;25;24;17498.89
LOT00746;11/7/2024;PRD021;PRE03;T1;7/11/2024 11:58;120.5;7.14;40;39;3620.97
LOT00747;14/5/2025;PRD029;PRE04;T1;14/5/2025 10:02;76.6;7.02;60;58;9133.17
LOT00748;2/4/2025;PRD006;PRE03;T3;3/4/2025 02:07;92.2;9.02;120;117;3888.17
LOT00749;10/4/2025;PRD011;PRE05;T2;10/4/2025 18:18;84.6;9.54;15;12;5449.91
LOT00750;12/12/2024;PRD027;PRE05;T3;13/12/2024 04:46;78.5;6.7;15;14;23068.53
LOT00751;12/3/2025;prd016;PRE03;T3;13/3/2025 00:41;95.8;6.78;40;38;3540.88
LOT00752;28/12/2024;PRD024;PRE01;T2;28/12/2024 19:24;115.7;7.27;400;393;2072.39
LOT00753;24/5/2025;PRD008;PRE03;T2;24/5/2025 15:57;94.1;9.03;80;76;2275.39
LOT00754;3/5/2025;PRD013;PRE05;T1;3/5/2025 10:04;92.0;7.57;20;19;24957.08
LOT00755;7/3/2025;PRD014;PRE05;T1;7/3/2025 08:10;76.0;7.65;15;14;16435.95
LOT00756;9/11/2024;PRD016;PRE02;T1;9/11/2024 10:54;76.4;6.65;100;77;2361.48
LOT00757;26/10/2024;PRD007;pre01;T2;26/10/2024 18:39;91.7;9.04;200;192;388.76
LOT00758;23/7/2024;PRD002;PRE03;T1;23/7/2024 08:49;92.9;7.38;60;58;2961.41
LOT00759;2/6/2025;PRD010; PRE03 ;T3;3/6/2025 00:35;91.4;8.37;120;115;3355.99
LOT00760;12/12/2024;PRD003;PRE02;T3;13/12/2024 00:08;93.5;8.03;100;96;1339.59
LOT00761;1/3/2025;PRD008;PRE04;T1;1/3/2025 10:43;99.0;9.12;100;98;3876.12
LOT00762;28/9/2024;PRD005;PRE02;t1;28/9/2024 10:16;85.5;7.03;200;191;2624.8
LOT00763;30/1/2025;PRD013;PRE03;t2;30/1/2025 20:14;98.8;7.2;80;77;6819.25
LOT00764;8/1/2025; PRD007 ;PRE03;t2;8/1/2025 17:54;92.8;8.16;100;96;3199.73
LOT00765;12/2/2025;PRD007;pre02;T3;13/2/2025 01:19;101.3;8.26;300;296;2332.07
LOT00766;10/5/2025;PRD011;PRE02;T2;10/5/2025 16:03;91.7;8.01;100;96;694.0
LOT00767;25/4/2025;PRD007;PRE02;t3;26/4/2025 04:19;117.2;6.96;300;164;2440.62
LOT00768;19/6/2025;PRD014;PRE03;T3;20/6/2025 00:32;98.1;6.1;100;79;8659.77
LOT00769;9/6/2025;PRD012;PRE05;T2;9/6/2025 18:38;103.2;5.61;20;14;25133.78
LOT00770;12/8/2024;PRD007;PRE05;T3;13/8/2024 03:54;102.4;8.89;15;14;5703.26
LOT00771;4/12/2024;PRD001;PRE02;T3;5/12/2024 03:56;85.1;7.41;250;245;3196.98
LOT00772;26/2/2025;PRD001;PRE03;T2;26/2/2025 19:15;90.4;7.41;100;96;5568.3
LOT00773;22/11/2024;prd011; PRE01 ;T3;23/11/2024 00:50;108.4;8.13;400;397;820.16
LOT00774;30/10/2024;PRD008;PRE01;T1;30/10/2024 07:48;104.5;9.1;400;397;777.85
LOT00775;26/6/2025;PRD015;PRE04;T3;27/6/2025 01:12;79.6;7.58;40;38;4910.6
LOT00776;11/3/2025;PRD011;PRE03;T1;11/3/2025 11:43;104.6;8.89;40;38;1201.82
 LOT00777 ;5/10/2024;PRD029;PRE04;T3;6/10/2024 02:23;74.9;7.45;120;115;17684.22
LOT00778;6/11/2024;PRD012;PRE05;T3;7/11/2024 01:06;63.9;9.06;10;6;12337.07
LOT00779;2/1/2025;PRD001;PRE05;T3;3/1/2025 04:17;90.9;7.48;20;19;13945.26
LOT00780;24/2/2025;PRD024;PRE02;T1;24/2/2025 11:06;113.9;8.35;250;239;5939.73
LOT00781;4/6/2025;PRD026;PRE04;T2;4/6/2025 16:53;76.5;6.52;100;95;14511.95
LOT00782;13/3/2025;PRD028;PRE04;T2;13/3/2025 19:47;84.6;7.5;80;79;10960.57
LOT00783;5/12/2024; PRD008 ;PRE03;T2;5/12/2024 18:37;103.7;8.64;40;39;1207.11
LOT00784;30/1/2025;PRD005;PRE02;T1;30/1/2025 09:32;90.3;8.37;200;196;2858.65
LOT00785;26/10/2024;PRD026;PRE04;T2;26/10/2024 18:03;86.9; 7.84 ;80;78;11029.4
LOT00786;7/10/2024;PRD016;PRE04;t2;7/10/2024 17:16;96.2;6.59;60;57;6268.25
LOT00787;1/4/2025;PRD026;PRE03;T2;1/4/2025 17:08;78.9;6.59;60;58;6755.57
LOT00788;15/7/2024;PRD028;PRE01;T1;15/7/2024 08:58;83.9;7.86;300;291;2087.06
LOT00789;4/9/2024;PRD009;PRE02;T2;4/9/2024 15:55;91.0;8.49;250;242;1820.17
LOT00790;18/7/2024;PRD021;PRE02;T3;19/7/2024 02:27;126.5;7.08;150;146;3692.5
LOT00791;23/12/2024;PRD023;PRE02;T2;23/12/2024 19:47;116.4;7.79;250;246;5724.54
LOT00792;12/4/2025;PRD025;PRE05;T1;12/4/2025 07:50;84.4;6.56;15;14;24544.89
lot00793;29/1/2025;PRD021;PRE03;T2;29/1/2025 15:42;117.7;7.31;120;116;10474.66
lot00794;15/5/2025;PRD027;PRE03; T3 ;16/5/2025 02:31;81.2;7.08;60;59;6420.98
LOT00795;9/6/2025;PRD021;PRE02;T3;10/6/2025 01:50;96.3;6.77;150;111;3449.77
LOT00796;17/5/2025;PRD029;PRE04;T2;17/5/2025 20:31;76.5;6.54;40;38;5617.1
LOT00797;2/5/2025;PRD024;PRE02;T2;2/5/2025 17:51;118.5;8.33;100;98;2430.01
LOT00798;27/5/2025;PRD013;PRE05;T1;27/5/2025 11:24;76.9;7.13;10;9;10521.18
LOT00799;16/7/2024;PRD029;PRE05;T3;17/7/2024 01:24;73.4;7.59;25;24;38098.33
LOT00800;10/1/2025;PRD016;PRE02;T1;10/1/2025 08:00;85.8;7.2;150;149;3339.09
LOT00801;5/10/2024;PRD009;PRE03;T2;5/10/2024 19:14;109.9;8.07;120;119;3553.45
LOT00802;19/2/2025;PRD028;PRE05;T1;19/2/2025 12:43;81.2;7.85;30;29;43386.4
LOT00803;11/3/2025;PRD012;PRE04;T1;11/3/2025 11:26;77.2;6.88;60;57;6763.27
LOT00804;3/4/2025;PRD006;PRE04;T3;4/4/2025 04:26;109.5;9.19;100;95;3935.18
LOT00805;19/12/2024;PRD004;PRE03;T3;20/12/2024 01:14;91.0;8.2;120;119;6329.13
LOT00806;18/9/2024;PRD014;PRE05;T3;18/9/2024 23:57; 95,0 ;7.24;10;9;11151.21
LOT00807;31/8/2024;PRD021;PRE01;T1;31/8/2024 09:04;102.0;7.68;200;194;1107.51
LOT00808;22/5/2025;PRD013;PRE04;T3;23/5/2025 03:23;87.5;7.03;80;78;9950.34
LOT00809;7/3/2025;PRD023;PRE03;T1;7/3/2025 11:29;116.3;7.12;40;38;3779.32
LOT00810;6/7/2024;PRD010;PRE03;T3;7/7/2024 00:11;98.9;8.75;100;96;3039.03
LOT00811;28/11/2024;PRD009;PRE03; T1 ;28/11/2024 08:03;119.7;9.59;40;22;1196.7
LOT00812;25/4/2025;PRD029;PRE03;T2;25/4/2025 18:20;94.3;7.92;40;38;4175.28
LOT00813;21/6/2025;PRD015;PRE04;T3;22/6/2025 04:24;85.5;6.55;100;97;11419.63
LOT00814;21/9/2024;PRD012;PRE04;T1;21/9/2024 12:13;91.6;7.17;120;116;13260.21
LOT00815;7/9/2024;PRD014;PRE03;T1;7/9/2024 08:23;76.5;7.68;40;39;3317.06
LOT00816;3/3/2025;PRD011;PRE05;T1;3/3/2025 08:26;97.8;8.95;30;29;10970.2
LOT00817;17/5/2025;PRD025;PRE02;T3;18/5/2025 03:14;94.8;7.11;250;238;6833.04
LOT00818;3/3/2025;PRD012;PRE04;T3;4/3/2025 01:30;107.2;8.48;100;67;11408.17
LOT00819;29/5/2025;PRD025;PRE04;T2;29/5/2025 18:49;88.2;7.88;100;97;14658.28
LOT00820;20/6/2025;PRD022;PRE03; T2 ;20/6/2025 19:24;115.5;7.95;80;78;7825.19
LOT00821;7/10/2024;PRD029;PRE04;T2;7/10/2024 20:31;68.6;7.67;60;51;9702.99
LOT00822;24/4/2025;PRD022;PRE03;T1;24/4/2025 08:43;119.2;7.31;80;76;7412.37
LOT00823;7/5/2025;PRD009;PRE05;T2;7/5/2025 17:26;109.3;9.22;25;23;9377.86
LOT00824;14/11/2024;PRD018;PRE03;T3;15/11/2024 03:19;64.9;6.71;100;96;5846.06
LOT00825;4/9/2024;PRD002;PRE04;T3;5/9/2024 02:59;80.6;7.99;40;38;2709.06
LOT00826;30/10/2024;PRD008;PRE02;T3;31/10/2024 00:11;101.7;9.14;150;148;1207.74
LOT00827;4/11/2024;PRD003;PRE03;T2;4/11/2024 18:03;86.9;7.25;60;59;3011.07
LOT00828;30/6/2025;PRD028;PRE04;T1;30/6/2025 11:50; 92.2 ;7.08;120;118;16282.9
LOT00829;17/3/2025;PRD014;PRE05;T2;17/3/2025 19:54;84.3;7.56;30;29;36075.62
LOT00830;26/2/2025;PRD012;PRE04;T1;26/2/2025 12:13;91.1;6.6;40;38;4496.33
LOT00831;11/11/2024;PRD014;PRE02;T1;11/11/2024 09:25;80.5;7.38;300;293;6985.17
LOT00832;26/7/2024;PRD025;PRE03;T3;27/7/2024 00:53;98.0;7.18;80;76;8884.61
LOT00833;25/11/2024;PRD006; PRE03 ;T3;26/11/2024 03:41;94.7;9.21;60;58;1647.74
LOT00834;31/3/2025;PRD018;PRE01;T3;1/4/2025 01:30;58.1;6.26;400;390;1443.01
LOT00835;20/11/2024;PRD002;PRE02;T3;21/11/2024 02:29;82.6;7.16;150;143;2026.58
LOT00836;23/1/2025;PRD010;PRE02;T3;24/1/2025 04:43;105.7;8.87;250;246;1898.87
LOT00837;28/1/2025;PRD026;PRE02;T2;28/1/2025 19:26;81.2;6.97;150;148;4010.59
LOT00838;9/7/2024;PRD019;PRE04;t2;9/7/2024 19:25;62.2;6.7;100;96;7903.88
LOT00839;24/2/2025;PRD005;pre04;T2;24/2/2025 19:40;89.0;7.53;120;117;7628.08
LOT00840;13/9/2024;PRD011;PRE02;T1;13/9/2024 08:11;113.9;8.43;250;195;2002.84
LOT00841;7/2/2025;PRD002;PRE04;T2;7/2/2025 20:22;81.0;8.45;100;96;7299.98
LOT00842;22/7/2024;PRD025;PRE05;T2;22/7/2024 17:45;98.6;6.79;30;28;47695.25
LOT00843;5/3/2025;PRD007;PRE01;T1;5/3/2025 09:31;108.3;8.25;500;477;982.19
LOT00844;27/3/2025;PRD012;PRE05;T3;28/3/2025 04:08;95.2;7.67;15;14;15737.34
LOT00845;9/11/2024;PRD016;pre05;t3;10/11/2024 01:00;80.6;7.68;15;14;16193.34
LOT00846;16/5/2025;PRD024;PRE02;t2;16/5/2025 16:48;127.8;7.09;250;247;5277.69
LOT00847;24/1/2025;PRD004;PRE02;T2;24/1/2025 18:13;83.6;8.21;200;191;2554.52
LOT00848;17/8/2024;PRD026;PRE05;T2;17/8/2024 15:51;84.1;6.55;20;19;29200.6
LOT00849;25/4/2025;PRD019;PRE01;T2;25/4/2025 15:30;70.5;6.29;300;298;1274.61
LOT00850;7/5/2025;PRD027;PRE04;T1;7/5/2025 09:32;72.9;7.41;80;76;12845.18
LOT00851;22/1/2025;PRD012;PRE05;T3;23/1/2025 02:14;91.7;6.82;25;23;27000.27
LOT00852;18/12/2024;PRD004;PRE05;T3;19/12/2024 04:51;90.8;7.65;10;9;7235.58
LOT00853;7/10/2024;PRD023;PRE02;T2;7/10/2024 16:16;100.9;8.28;200;193;4819.52
LOT00854;03/06/2025;PRD028;PRE04;T3;4/6/2025 04:41;70.6;8.39;100;71;16126.56
LOT00855;20/7/2024;PRD017;PRE03;T3;21/7/2024 02:35;70.0;6.56;40;38;2656.87
LOT00856;28/3/2025;PRD022;pre03;T3;29/03/2025 03.09;113.6;8.08;120;115;11873.07
LOT00857;8/5/2025;PRD019;PRE03;T2;08/05/2025 18.20;35.4;7.43;40;29;2604.89
LOT00858;25/7/2024;PRD008;PRE01;T2;25/7/2024 18:04;106.3;8.82;500;475;1020.02
LOT00859;4/6/2025;PRD025;PRE04;T3;5/6/2025 00:54;97.8;7.08;80;76;12374.65
LOT00860;25/9/2024;PRD008;PRE05;T1;25/9/2024 10:17;86.7;9.32;20;14;8690.79
LOT00861;3/8/2024;PRD003;PRE01;T1;3/8/2024 09:18;95.7;7.75;600;475;1844.22
LOT00862;6/11/2024;PRD026;PRE02;T1;6/11/2024 07:58;74.9;7.01;300;297;8564.21
LOT00863;23/1/2025;PRD001;PRE02;T1;23/1/2025 09:02;89.3;7.73;300;296;3625.21
LOT00864;10/10/2024;PRD025;pre04;T2;10/10/2024 15:56;75.6;7.36;40;39;6520.7
LOT00865;14/4/2025;PRD011;pre04;t1;14/4/2025 08:49;99.9;9.49;80;76;3398.93
LOT00866;6/6/2025;PRD018;PRE04;T1;6/6/2025 10:01;75.0;6.42;100;99;9198.22
LOT00867;9/9/2024;PRD014;PRE02;T1;9/9/2024 10:22;77.4;6.9;200;193;4054.82
LOT00868;8/4/2025;PRD002;PRE02;T1;8/4/2025 12:41;81.5;7.61;100;96;1423.01
LOT00869;22/7/2024;PRD005;PRE01;T1;22/7/2024 11:24;101.8;8.16;600;461;1894.28
LOT00870;3/9/2024;PRD023;PRE04;T1;3/9/2024 12:00;129.7;7.01;120;119;14620.87
LOT00871;27/11/2024;PRD008;PRE01;T1;27/11/2024 09:14;109.5;8.62;600;578;1082.78
LOT00872;7/11/2024;PRD021;PRE03;T2;7/11/2024 20:31;124.4;7.87;60;57;4903.42
LOT00873;30/5/2025;PRD022;PRE02;T1;30/5/2025 08:21;112.4;7.51;250;239;5924.37
LOT00874;22/5/2025;PRD014;PRE04;T2;22/5/2025 17:34;83.8;7.8;60;58;7585.21
LOT00875;28/1/2025;PRD006;PRE01;T3;29/1/2025 01:46;95.7;8.27;200;194;399.96
LOT00876;3/3/2025;PRD008;PRE02;T2;3/3/2025 19:17;90.3;8.35;250;242;2073.89
LOT00877;3/6/2025;PRD009;PRE03;T3;4/6/2025 03:07;91.3;9.44;40;38;1147.88
LOT00878;28/3/2025;PRD018;PRE04;T1;28/3/2025 08:27;58.2;7.03;120;116;9760.05
LOT00879;22/1/2025;PRD024;PRE04;T3;23/1/2025 00:53;114.2;7.29;60; 57 ;7715.23
LOT00880;16/4/2025;PRD016;PRE03;T3;17/4/2025 01:49;96.7;6.81;100;97;9115.19
LOT00881;9/11/2024;PRD023;PRE01;T2;9/11/2024 20:36;103.6;7.42;600;596;3688.88
LOT00882;1/11/2024;PRD003;PRE04;T3;2/11/2024 03:30;88.1;7.99;40;39;2794.15
LOT00883;4/2/2025;PRD004;PRE01;T3;5/2/2025 03:10;88.3;7.25;200;199;674.54
LOT00884;29/11/2024;PRD008;PRE03;T1;29/11/2024 08:54;94.5;8.2;40;39;1253.77
LOT00885;4/7/2024;PRD027;PRE05;T1;4/7/2024 10:38;86.0;7.53;25;23;39483.13
LOT00886;11/4/2025;prd008;PRE03;T3;12/4/2025 03:41;106.6;8.89;120;115;3563.32
LOT00887;9/1/2025;PRD011;PRE02;T1;9/1/2025 08:48;105.9;8.19;100;96;786.28
LOT00888;3/9/2024;PRD021;PRE03;t3;4/9/2024 00:22;125.7;7.82;40;38;3637.64
LOT00889;14/10/2024;PRD011;PRE03;T2;14/10/2024 17:22;100.4;8.94;40;38;1232.13
LOT00890;6/6/2025;PRD022;PRE02;T1;6/6/2025 07:30;109.7;8.14;300;286;7059.77
LOT00891;6/5/2025;PRD029;PRE04;T3;7/5/2025 00:48;79.4;7.51;120;117;18909.11
LOT00892;9/8/2024;PRD020;PRE03;T2;9/8/2024 17:12;62.5;7.18;80;77;4576.71
LOT00893;15/8/2024;PRD001;PRE03;T2;15/8/2024 20:21;88.0;7.61;120;114;6190.35
LOT00894;9/1/2025;PRD012;PRE05;T1;9/1/2025 11:54;90.6;6.58;15;14;17755.32
LOT00895;15/11/2024;PRD001;PRE04;T1;15/11/2024 08:37;83.8;7.79;120;119;8800.69
LOT00896;10/1/2025;PRD021;PRE02;t1;10/01/2025 11:59;112.0;7.36;100;95;2222.68
LOT00897;2/11/2024;PRD021;PRE03;T2;2/11/2024 17:24;121.7;8.27;100;96;8657.25
LOT00898;8/1/2025;PRD027;PRE04;T2;8/1/2025 16:12;64.5;7.69;80;64;11248.69
LOT00899;26/11/2024;PRD022;PRE01;T2;26/11/2024 17:11;111.1;7.83;600;585;3646.0
LOT00900;24/5/2025;PRD020;PRE04;T1;24/5/2025 09:54;55.1;6.32;80;76;6755.23
LOT00901;18/2/2025;PRD024;PRE02;T1;18/2/2025 09:32;101.4;8.46;150;146;3491.05
LOT00902;12/8/2024;PRD011; PRE05 ;T1;12/8/2024 11:06;91.9;9.44;25;24;10440.57
LOT00903;27/8/2024;prd007;PRE04;T2;27/8/2024 19:53;94.9;8.57;100;98;3997.88
LOT00904;25/12/2024;PRD024;PRE05;T2;25/12/2024 15:58;109.3;7.11;10;9;12334.29
LOT00905;25/1/2025;PRD008;PRE02;T1;25/1/2025 09:02;108.8;8.91;300;287;2150.13
LOT00906;22/7/2024;PRD009; PRE05 ;T3;23/7/2024 00:11;94.8;9.4;25;24;10581.46
 LOT00907 ;29/7/2024;PRD005;PRE02;T1;29/7/2024 10:53;70.9;9.18;100;61;1371.93
LOT00908;6/2/2025;PRD006;PRE04;T2;6/2/2025 19:14;99.7;9.27;100;98;4115.32
LOT00909;10/4/2025;PRD009;PRE02;T1;10/4/2025 12:08;105.6;8.51;150;146;1171.9
LOT00910;6/1/2025;PRD002;PRE02;T1;06/01/2025 08.07;87.6; 8,49 ;300;295;4209.75
LOT00911;27/6/2025;PRD015;PRE05;T2;27/6/2025 21:12;96.7;7.49;30;29;36606.08
LOT00912;4/1/2025;PRD028;PRE04;T1;4/1/2025 13:01;74.4;7.35;80;76;12001.05
LOT00913;23/10/2024;PRD007;PRE05;T1;23/10/2024 09:19;98.1;8.84;10;9;4159.74
LOT00914;19/10/2024;PRD004;PRE02;T3;20/10/2024 04:41;87.8;7.33;300;298;4088.22
 LOT00915 ;5/6/2025;PRD018;PRE04;T2;5/6/2025 16:49;48.0;7.62;60;46;5305.21
lot00916;7/8/2024;PRD003;PRE04;T2;7/8/2024 16:07;87.2;7.64;60;59;4458.08
LOT00917;1/11/2024;PRD004;pre02;T2;1/11/2024 20:17;89.4;7.06;100;99;1234.16
LOT00918;29/8/2024;PRD017;PRE02;T1;29/8/2024 12:24;49.4;7.54;200;172;3380.52
LOT00919;7/8/2024;PRD002;PRE03;T2;7/8/2024 16:36;86.1;7.27;120;115;6403.9
LOT00920;11/2/2025;PRD024;PRE02;T1;11/2/2025 10:44;92.9;7.52;150;107;3580.92
LOT00921;28/2/2025;PRD001;PRE03;T3;1/3/2025 00:29;88.5;8.4;40;39;2000.69
LOT00922;6/9/2024;PRD003;PRE05;T2;6/9/2024 18:53;83.0;8.37;25;23;17656.4
LOT00923;11/1/2025;PRD029;PRE05;T3;12/1/2025 01:29;77.1;7.27;20;19;29974.49
LOT00924;26/7/2024;PRD007;PRE02;T2;26/7/2024 20:41;91.0;9.3;200;195;1655.06
LOT00925;11/9/2024;PRD008;PRE02;T2;11/9/2024 20:42;93.4;8.28;100;99;777.03
LOT00926;31/1/2025;PRD027;PRE03;T3;1/2/2025 04:52;71.1;7.96;120;94;14196.27
LOT00927;11/12/2024;PRD008;PRE04;T3;12/12/2024 00:30;94.6;9.13;40;38;1664.9
LOT00928;24/1/2025;PRD004;PRE02;T2;24/1/2025 15:55;91.5;7.56;150;143;2119.72
LOT00929;3/4/2025;PRD006;PRE01;T1;03/04/2025 09:04;98.1;8.23;200;195;400.53
LOT00930;15/11/2024;PRD019;PRE02;T3;16/11/2024 03:39;57.2;6.82;100;99;1469.13
LOT00931;3/5/2025;PRD020;PRE03;T2;3/5/2025 20:17;75.3;7.01;120;96;7755.83
LOT00932;30/9/2024;PRD018;PRE03; T1 ;30/9/2024 12:28;61.2;6.72;120;118;7796.97
lot00933;22/2/2025;PRD025;PRE02;T3;23/2/2025 04:58;81.5;6.72;300;293;8396.93
LOT00934;20/7/2024;PRD005;PRE02;T2;20/7/2024 20:08;74.0;8.06;150;116;2062.09
LOT00935;20/7/2024;PRD025;PRE05;T3;21/7/2024 00:23;78.4;7.31;20;19;28609.93
LOT00936;21/5/2025;PRD013;PRE03;T1;21/5/2025 12:14;94.7;7.75;60;59;4901.13
LOT00937;4/10/2024;PRD011;PRE02;T3;5/10/2024 03:58;108.3;8.52;150;149;1059.58
LOT00938;24/8/2024;PRD011;PRE03;T1;24/8/2024 11:27;81.6;8.84;100;78;3035.21
LOT00939;16/5/2025;PRD022;PRE02;T1;16/5/2025 11:36;127.8;7.17;250;244;5289.9
LOT00940;5/12/2024;PRD008;PRE02;T2;5/12/2024 18:14;99.1;8.49;200;192;1426.3
LOT00941;15/2/2025;PRD014;PRE04;T1;15/2/2025 08:04;99.0;6.9;60;59;7159.49
LOT00942;29/4/2025;PRD002;PRE04;T2;29/4/2025 20:45;89.1;8.25;100;95;6805.38
LOT00943;5/2/2025;PRD025;PRE04;T2;5/2/2025 16:44;95.9;7.38;100;98;14849.34
LOT00944;21/11/2024;PRD016;PRE05;T3;22/11/2024 03:39;107.7;8.21;30;17;34814.14
LOT00945;4/7/2024;PRD003; PRE04 ;T1;4/7/2024 07:40;92.0;7.56;60;58;4517.86
LOT00946;3/7/2024;PRD027;PRE05;T2;3/7/2024 19:04;71.0;6.81;25;24;35116.12
LOT00947;19/6/2025;PRD017;PRE03;T1;19/6/2025 11:29;72.5;7.18;80;78;4686.9
LOT00948;5/8/2024;PRD024;PRE03;T1;5/8/2024 09:27;128.2;6.83;40;29;3676.74
LOT00949;29/1/2025;PRD020;PRE01;T1;29/1/2025 12:00;55.1;6.83;400;380;1489.09
LOT00950;11/11/2024;PRD015;PRE03;T2;11/11/2024 20:44;87.1;7.07;120;119;10075.51
LOT00951;8/4/2025;PRD022;PRE03;T3;9/4/2025 03:17;119.4;7.26;100;98;8456.98
lot00952;18/9/2024;PRD021;PRE03;T2;18/9/2024 19:05;128.7;8.1;80;78;7322.65
LOT00953;22/4/2025;PRD008;PRE04;T3;23/4/2025 02:43;109.9;7.81;100;84;4306.01
LOT00954;13/3/2025;PRD001;PRE03;T3;14/3/2025 01:10;89.1;8.27;120;116;5905.36
LOT00955;27/8/2024;PRD008;PRE03;T3;28/8/2024 03:56;87.1;10.76;120;68;3347.45
LOT00956;23/7/2024;PRD026;PRE04;T1;23/7/2024 12:54;88.2;7.91;100;97;15017.75
LOT00957;23/5/2025;PRD024;PRE03;T2;23/5/2025 16:28;106.1;7.42;80;76;7038.51
LOT00958;19/4/2025;PRD011;PRE01;T1;19/4/2025 07:30;108.8;9.82;600;509;1177.39
LOT00959;3/7/2024;PRD028;PRE05;T3;4/7/2024 04:00;76.3;7.39;10;9;13845.51
LOT00960;4/6/2025;PRD004;PRE02;T2;4/6/2025 15:59;89.1;8.12;100;95;1291.93
LOT00961;28/3/2025;PRD020;PRE03;T3;29/3/2025 02:14;73.1;7.12;60;57;3834.34
LOT00962;22/11/2024;PRD022;PRE02;T1;22/11/2024 08:21;108.5;8.18;250;245;5262.45
LOT00963;29/4/2025;PRD005;pre02;T1;29/4/2025 10:54;90.8;8.26;100;99;1385.44
LOT00964;26/10/2024;PRD019;PRE03;T1;26/10/2024 09:04;56.9;6.64;80;78;5079.96
LOT00965;4/3/2025;PRD028;PRE02;T1;4/3/2025 10:53;80.9;6.74;150;146;4063.63
LOT00966;25/10/2024;PRD024;PRE05;T3;26/10/2024 00:47;115.9;8.42;10;9;11426.55
LOT00967;9/7/2024;PRD021;PRE01;T1;9/7/2024 11:38;116.9;8.15;500;484;3074.03
LOT00968;27/9/2024;PRD022;PRE04;T2;27/9/2024 18:03;125.2;7.21;80;77;8645.25
LOT00969;28/1/2025;PRD026;PRE04;T1;28/1/2025 08:44;82.0;7.65;40;38;5908.57
LOT00970;23/12/2024;PRD024;PRE03;T1;23/12/2024 11:12;105.9;7.06;100;95;8196.99
LOT00971;11/10/2024;PRD027;PRE05;T2;11/10/2024 17:31;91.1;6.54;30;29;43640.4
LOT00972;14/4/2025;PRD023;PRE02;T1;14/4/2025 10:12;130.0;8.21;150;147;3168.34
LOT00973;26/4/2025;PRD027;PRE04;T1;26/4/2025 11:53;94.9;7.55;100;95;13672.74
LOT00974;28/4/2025;PRD011;PRE03;T1;28/4/2025 12:01;108.3;8.06;80;78;2421.06
LOT00975;28/6/2025;PRD025;PRE05;T2;28/6/2025 18:03;71.3;7.42;30;28;45806.81
LOT00976;3/8/2024;PRD013;PRE05;T3;4/8/2024 03:50;92.1;7.72;25;24;30449.46
LOT00977;14/11/2024;PRD005;PRE02;T2;14/11/2024 17:35;91.4;7.66;150;148;2169.87
LOT00978;13/11/2024;PRD004;PRE05;T1;13/11/2024 11:13;80.4;7.7;30;29;22697.12
 LOT00979 ;12/8/2024;PRD027;PRE03;T1;12/8/2024 11:06;87.9;7.83;120;116;12545.84
LOT00980;6/8/2024;PRD024;PRE04;T3;7/8/2024 02:27;116.1;7.24;40;38;5164.97
LOT00981;3/4/2025;PRD019;PRE05;T2;3/4/2025 15:57;42.5;6.69;25;20;22381.0
LOT00982;13/3/2025;PRD010;PRE03;T1;13/3/2025 09:31;101.2;8.76;100;98;2935.26
LOT00983;30/8/2024;PRD022;PRE03;T3;31/8/2024 00:52;103.4;7.64;100;99;9256.19
LOT00984;24/8/2024;PRD023;PRE03;T3;25/8/2024 05:17;105.5;7.96;120;119;11236.34
LOT00985;19/3/2025;PRD008;pre03;T1;19/3/2025 09:01;98.9;8.23;80;76;2228.32
LOT00986;15/3/2025;PRD027;PRE04;T3;16/3/2025 02:15;82.0;7.55;60;58;9684.6
LOT00987;2/8/2024;PRD025;PRE04;T2;2/8/2024 17:47;76.4;7.74;120;119;19779.2
 LOT00988 ;1/3/2025;PRD021;PRE04;T1;1/3/2025 08:16;105.6;7.37;80;77;9621.2
LOT00989;2/9/2024;PRD006;PRE02;T2;2/9/2024 19:09;103.0;9.31;200;192;1599.0
LOT00990;1/5/2025;PRD024;PRE02;T1;1/5/2025 12:23;128.7;8.09;250;243;5728.01
LOT00991;18/1/2025;PRD017;PRE04;T2;18/1/2025 18:44;60.6;6.99;120;118;9573.94
LOT00992;16/8/2024;PRD015;PRE04;T3;17/8/2024 02:50;99.5;7.71;40;38;4745.51
LOT00993;21/6/2025;PRD022;PRE04;T3;22/6/2025 02:16;81.4;8.57;40;22;4892.17
lot00994;11/11/2024;PRD014;PRE04;T1;11/11/2024 10:53;84.5;6.51;40;39;4780.43
LOT00995;18/11/2024;PRD019;PRE02;T2;18/11/2024 20:06;45.6;6.59;150;105;2519.76
LOT00996;5/12/2024;PRD025;PRE04;T3;6/12/2024 01:45;93.4;7.71;40;38;5691.02
LOT00997;20/1/2025;PRD013;PRE05;T2;20/1/2025 18:51;98.1;6.51;25;23;27183.08
LOT00998;9/12/2024;PRD026;PRE04;T2;9/12/2024 18:30;73.1;6.77;40;38;6492.86
LOT00999;1/4/2025;PRD026;PRE04;T1;1/4/2025 08:35;87.7;7.97;100;98;16474.91
LOT01000;14/2/2025;PRD020;PRE04;T1;14/2/2025 11:10;79.0;6.56;60;50;5462.88
LOT01001;28/4/2025;PRD025;PRE05;T2;28/4/2025 20:30;83.8;7.03;15;14;21441.27
LOT01002;2/1/2025;PRD018;PRE03;T2;2/1/2025 16:06;84.7; 5.87 ;80;46;5006.96
LOT01003;2/4/2025;PRD003;PRE01;T3;3/4/2025 01:06;80.5;8.41;300;249;1026.44
LOT01004;7/8/2024;PRD007;PRE04;T2;7/8/2024 18:56;103.1;8.09;40;39;1563.85
LOT01005;15/3/2025;PRD021;PRE02;T2;15/3/2025 17:55;109.9;7.34;200; 190 ;4860.63
LOT01006;21/3/2025;PRD017;PRE01;T2;21/3/2025 19:09;74.7;6.42;400;398;1741.4
LOT01007;26/6/2025;PRD007;PRE04;T2;26/6/2025 15:37;94.8;8.89;60; 58 ;2620.97
LOT01008;18/9/2024;PRD013;PRE05;T3;19/9/2024 02:06;87.0;7.55;25;23;30970.52
LOT01009;7/11/2024;PRD026;PRE02;T3;8/11/2024 01:50;106.1;7.62;300;236;8541.51
 LOT01010 ;19/9/2024;PRD004;PRE05;T1;19/9/2024 09:26;93.0;8.39;30;29;19790.78
LOT01011;14/1/2025;PRD006;PRE02;T1;14/1/2025 12:01;92.3;9.37;300;297;2311.94
LOT01012;13/1/2025;PRD023;PRE02;T2;13/1/2025 17:40;127.5;7.35;300;289;6558.14
LOT01013;8/4/2025;PRD025;PRE02;T2;8/4/2025 17:24;79.3;7.8;300;289;8804.85
LOT01014;20/11/2024;PRD001;PRE02;T1;20/11/2024 11:22;92.5;7.5;100;97;1448.01
LOT01015;28/6/2025; PRD001 ;PRE05;T2;28/6/2025 17:23;68.0;6.96;25;17;18978.38
LOT01016;12/10/2024;PRD017;PRE03;T2;12/10/2024 20:32;59.4;7.09;120;117;7044.87
LOT01017;27/2/2025;PRD018;PRE02;T3;28/2/2025 00:55;50.8;7.2;250;239;3932.12
LOT01018;25/6/2025;PRD023;PRE03;T1;25/6/2025 12:05;117.3;8.25;60;58;5186.94
LOT01019;19/3/2025;PRD029;PRE04;T2;19/3/2025 17:09;84.6;6.94;40;39;5565.56
LOT01020;30/6/2025;PRD004;PRE03;T2;30/6/2025 17:32;84.0;7.24;120;119;6091.18
LOT01021;23/8/2024; PRD029 ;PRE05;T2;23/8/2024 18:33;65.0;6.44;30;16;48104.3
LOT01022;20/5/2025;PRD027;PRE01;T3;21/5/2025 02:08;82.3;7.93;500;479;3795.69
LOT01023;21/11/2024;PRD017;PRE02;T3;21/11/2024 23:44;41.7;8.61;300;166;4942.69
LOT01024;31/7/2024;PRD014;PRE02;T1;31/7/2024 12:30;77.3;7.36;100;98;2343.17
LOT01025;2/1/2025;PRD003;PRE02;T3;3/1/2025 03:13;99.5;5.7;250;130;3261.32
LOT01026;14/4/2025;PRD009;PRE05;T3;15/4/2025 02:24;106.2;8.21;30;29;11791.69
LOT01027;28/1/2025;PRD012;PRE03;T2;28/1/2025 19:42;99.4;6.8;80;79;6379.04
LOT01028;23/1/2025;PRD009;PRE02;T3;24/1/2025 01:02;99.4;8.45;200;194;1519.26
LOT01029;8/2/2025;PRD005;PRE02;T2;8/2/2025 19:17;78.0;8.97;200;175;2874.06
LOT01030;3/4/2025;PRD011;PRE04;T2;3/4/2025 18:20;84.7;10.67;40;24;1583.68
LOT01031;18/12/2024;PRD006; PRE02 ;T3;19/12/2024 00:36;99.9;9.05;100;98;771.13
LOT01032;17/6/2025;PRD004;PRE02;T1;06-17-2025 08:43;92.1;8.06;250;246;3012.46
LOT01033;12/8/2024;PRD023;PRE03;T2;12/08/2024 15.30;120.0;7.27;80;79;7776.14
LOT01034;18/10/2024;PRD028;PRE04;T2;18/10/2024 18:38;83.2;7.84;80;76;11478.05
LOT01035;28/6/2025;PRD023;PRE02;T3;29/6/2025 00:08;120.0;8.24;100;95;2219.32
lot01036;3/9/2024;PRD025;PRE05;T1;3/9/2024 09:26;71.4;7.42;20;19;30256.57
LOT01037;2/11/2024;PRD021;PRE02;T3;03/11/2024 04.51;104.4;7.54;100;95;2226.07
 LOT01038 ;10/2/2025;PRD001;PRE02;T1;10/2/2025 10:11;91.7;8.34;250;243;3436.09
LOT01039;8/1/2025;PRD007;PRE03;T3;08/01/2025 23.35;97.9;8.69;60;58;1622.9
LOT01040;17/1/2025;PRD016;PRE03;T2;17/1/2025 17:57;86.5;6.88;120;114;9785.98
LOT01041;17/7/2024;PRD026;PRE03;T1;17/7/2024 10:47;80.7;6.51;120;117;13267.81
LOT01042;12/5/2025;PRD004;PRE01;T1;12/5/2025 09:55;94.4;8.39;500;483;1787.67
LOT01043;30/4/2025;PRD011;PRE04;T1;30/4/2025 10:44;97.9;8.35;60;58;2545.97
LOT01044;13/7/2024;PRD015;PRE04;T1;13/7/2024 07:53;77.9;7.7;60;57;7310.69
LOT01045;26/3/2025;PRD006;PRE01;T1;26/3/2025 12:08;104.5;9.03;600;572;1050.26
LOT01046;19/6/2025;PRD011;PRE03;T3;20/6/2025 01:26;97.6;8.78;40;39;1265.55
LOT01047;8/5/2025;PRD023;PRE03;T3;9/5/2025 04:15;135.8;7.19;80;69;7426.59
LOT01048;28/11/2024;PRD016; PRE03 ;T3;29/11/2024 01:30;91.6;6.73;80;76;6652.01
LOT01049;1/1/2025;PRD024;PRE04;T2;1/1/2025 15:38;135.1;6.82;60;53;6878.88
LOT01050;22/8/2024;PRD005;PRE03;T1;22/8/2024 10:47;80.6;8.17;60;58;3098.3
LOT01051;11/2/2025;PRD001; PRE03 ;T3;12/2/2025 04:12;86.0;7.88;120;117;5836.34
LOT01052;8/5/2025;PRD020;PRE01;T2;8/5/2025 17:04;55.5;7.42;200;192;852.61
LOT01053;31/1/2025;PRD013;PRE04;T1;31/1/2025 08:34;71.5;8.21;100;86;12545.19
LOT01054;18/1/2025;PRD013;PRE03;T1;18/1/2025 10:48;82.6;6.93;80;77;6314.36
LOT01055;5/7/2024;PRD010;PRE03;T3;6/7/2024 03:02;99.1;8.19;60;58;1776.18
LOT01056;11/4/2025;PRD009;PRE02;t3;12/4/2025 02:05;92.0;8.77;300;294;2474.37
LOT01057;7/12/2024;PRD022; PRE03 ;T1;7/12/2024 12:26;107.9;7.3;80;79;7757.8
LOT01058;29/10/2024;PRD015;PRE05;T3;30/10/2024 01:46;98.7;7.92;10;9;10998.85
LOT01059;25/2/2025;PRD017;PRE02;T3;26/2/2025 05:00;62.5;7.19;250;244;4282.48
LOT01060;6/1/2025;PRD029;PRE05;T2;6/1/2025 18:38;70.0;7.94;25;22;34226.87
LOT01061;18/12/2024;PRD011;PRE02;T3;19/12/2024 04:05;115.3;8.3;150;89;1233.78
LOT01062;19/11/2024;PRD006;PRE01;T2;19/11/2024 17:50;122.6;7.03;300;184;619.38
LOT01063;29/8/2024;PRD021;PRE03;t1;29/8/2024 10:41;100.9;7.63;100;74;9486.58
LOT01064;24/9/2024;PRD001;PRE01;T3;25/9/2024 00:31;85.5;7.82;200;199;672.58
LOT01065;14/11/2024;PRD022;PRE02;T3;15/11/2024 00:26;114.9;7.96;150;149;3697.13
LOT01066;6/9/2024;PRD011;PRE04;T2;6/9/2024 19:39;98.1;8.29;40;38;1731.53
LOT01067;14/12/2024;PRD023;PRE02;T3;14/12/2024 23:29;127.6;7.73;150;147;3106.51
LOT01068;20/6/2025;PRD007;PRE01;T1;20/6/2025 09:26;113.9;7.72;300;264;535.62
LOT01069;27/5/2025;PRD005;PRE03;T3;28/5/2025 04:50;91.8;7.52;80;79;4075.89
LOT01070;25/3/2025;PRD008;PRE01;T1;25/3/2025 07:43;97.3;8.71;300;296;538.71
LOT01071;24/7/2024;PRD002;PRE02;T3;25/7/2024 03:15;93.3;7.76;150;129;1865.39
LOT01072;20/5/2025;PRD013;PRE02; T3 ;21/5/2025 00:41;91.7;7.76;250;249;5768.25
LOT01073;19/10/2024;PRD007;PRE02; T1 ;19/10/2024 08:47;108.4;8.76;100;98;724.56
LOT01074;24/1/2025;PRD028;PRE05;T1;24/1/2025 10:34;94.6;7.43;20;19;30936.54
LOT01075;29/7/2024;PRD026;PRE05;T3;30/7/2024 03:34;78.3;7.74;10;9;14445.77
LOT01076;14/1/2025;PRD021;PRE03;T3;15/1/2025 02:53;115.3;7.43;100;96;9590.71
LOT01077;18/4/2025; PRD024 ;PRE02;T2;18/4/2025 16:43;111.0;7.64;200;190;4596.08
LOT01078;29/4/2025;PRD001; PRE03 ;T3;30/4/2025 04:05;80.9;6.65;40;34;1897.63
LOT01079;15/8/2024; PRD003 ;PRE03;T1;15/8/2024 10:06;94.1;7.86;100;99;5376.32
LOT01080;4/2/2025;PRD002;PRE03;T1;4/2/2025 12:16;81.2;7.9;60;57;3245.78
lot01081;5/4/2025;PRD023;PRE03;T3;6/4/2025 03:10;125.2;8.4;120;119;11228.29
 LOT01082 ;10/6/2025;PRD025;PRE04;T1;10/6/2025 09:27;62.5;6.3;40;30;5428.22
LOT01083;26/7/2024;PRD010;PRE03;T2;26/7/2024 16:47;109.4;8.7;80;77;2479.38
LOT01084;14/1/2025;PRD019;PRE02;T2;14/1/2025 19:20;56.4;6.5;100;97;1540.93
LOT01085;11/2/2025;PRD024;PRE02;T3;12/02/2025 00.28;104.1;8.04;150;144;3095.51
lot01086;11/6/2025;PRD012;PRE04; T1 ;11/6/2025 11:22;80.9;6.62;80;78;10052.4
LOT01087;4/11/2024;PRD011;PRE03;T2;4/11/2024 18:45;107.5;9.41;80;78;2307.55
LOT01088;27/6/2025;PRD020;pre01;T3;28/6/2025 02:29;57.1;6.86;400;397;1520.6
LOT01089;1/2/2025;PRD018;PRE02;T3;2/2/2025 03:42;74.7;7.0;300;294;5127.0
lot01090;27/9/2024;prd006;PRE01;T1;27/9/2024 11:17;99.6;8.45;600;580;1091.45
LOT01091;2/12/2024;PRD026;PRE04;T1;2/12/2024 12:57;95.4;7.07;40;38;6133.13
LOT01092;22/2/2025;PRD024; PRE04 ;T1;22/02/2025 11.23;115.9;7.89;60;57;6965.83
LOT01093;1/1/2025;PRD014;PRE05;T1;1/1/2025 09:32;92.4;7.09;15;14;16435.42
LOT01094;18/7/2024;PRD010;PRE04;T1;18/7/2024 09:23;84.0;8.52;40;28;1514.24
LOT01095;30/5/2025;PRD023;PRE03;T1;30/5/2025 09:09;111.4;7.87;40;38;3819.4
LOT01096;2/12/2024;PRD029;PRE03;T1;2/12/2024 10:11;67.9;7.98;80;71;8394.07
LOT01097;20/9/2024;PRD013;PRE04;T3;21/9/2024 01:15;104.8;8.57;40;21;4300.76
LOT01098;25/2/2025;PRD029;PRE01;T1;25/2/2025 08:36;90.1;7.14;500;484;3787.5
 LOT01099 ;20/11/24;PRD020;PRE03;T3;21/11/2024 01:30;52.0;7.36;60;59;3822.43
LOT01100;20/2/2025; PRD007 ;PRE02;T1;20/2/2025 12:08;91.8;9.08;150;147;1050.63
LOT01101;22/8/2024;PRD029;PRE05;T2;22/8/2024 20:28;94.7;7.12;30;29;45906.48
LOT01102;12/6/2025;PRD012;PRE04;T2;12/6/2025 17:31;87.6;7.9;60;57;7097.53
LOT01103;17/3/2025;PRD013;PRE04;T3;18/3/2025 02:02;81.2;6.78;120;118;12740.44
LOT01104;25/12/2024;PRD002;PRE01;T1;25/12/2024 08:24;86.8;7.07;500;482;1508.24
LOT01105;3/5/2025;PRD004;PRE03;T3;4/5/2025 01:07;81.5;7.26;100;99;5510.86
LOT01106;9/1/2025;PRD001;PRE02;t1;9/1/2025 10:17;92.7;7.29;150;148;1786.65
LOT01107;13/3/2025;PRD010;PRE02;T3;14/3/2025 00:03;99.3;9.21;100;99;773.21
LOT01108;9/11/2024;PRD020;PRE04;T3;10/11/2024 03:15;65.9;6.31;120;118;9906.86
LOT01109;31/1/2025;PRD011;PRE04;T3;1/2/2025 02:56;100.9;8.21;120;114;4947.96
lot01110;29/4/2025;PRD010;PRE01;T1;29/4/2025 10:46;94.7;8.37;300;294;532.65
LOT01111;16/5/2025;PRD006;PRE01;T2;16/5/2025 20:13;91.9;8.31;200;192;382.91
LOT01112;16/9/2024;PRD028;PRE05;T3;17/9/2024 00:42;81.2;6.94;10;9;15114.98
LOT01113;12/11/2024;PRD013;PRE03;T3;13/11/2024 02:48;99.7;7.63;40;38;3402.23
LOT01114;15/1/2025;PRD015;PRE04;T2;15/1/2025 18:44;93.7;7.66;40;39;4848.08
LOT01115;2/10/2024;PRD005;pre03;T1;2/10/2024 09:50;80.7;7.24;80;78;4448.5
LOT01116;14/2/2025;PRD029;PRE04;T2;14/2/2025 19:10;111.5;7.93;120;85;16599.22
LOT01117;9/10/2024;PRD014;PRE04;T1;9/10/2024 12:22;79.8;7.09;40;38;4762.32
LOT01118;21/9/2024;PRD017;PRE04;T2;21/9/2024 17:25;51.5;6.6;100;95;8328.41
LOT01119;10/6/2025;PRD028;PRE04;T3;11/6/2025 01:44;63.4;7.28;40;30;6556.17
LOT01120;1/7/2024;PRD006;PRE02;T2;1/7/2024 16:56;103.3;9.19;150;149;1183.19
LOT01121;2/8/2024;PRD024;PRE05;T2;2/8/2024 18:42;112.2;8.34;25;24;30903.86
LOT01122;14/11/2024;PRD019;PRE02;T1;14/11/2024 08:11;38.0;6.34;250;193;4123.63
LOT01123;30/9/2024;PRD018;PRE03;T2;30/9/2024 16:52;59.4;7.04;100;97;6632.29
LOT01124;16/4/2025;PRD005;PRE02;T3;17/4/2025 02:40;83.4;7.41;250;245;2982.72
 LOT01125 ;13/5/2025;PRD028;PRE04;T3;14/5/2025 03:50;71.9;7.16;120;116;16277.74
LOT01126;19/4/2025;PRD022;PRE03;T3;20/4/2025 03:24;102.3;7.76;120;118;11549.48
LOT01127;1/4/2025;PRD015;PRE04;T2;1/4/2025 18:42;94.4;7.3;80;77;8370.33
LOT01128;17/7/2024;PRD013;PRE05;T1;17/7/2024 10:57;99.0;6.56;25;24;29590.61
LOT01129;1/7/2024;PRD018;PRE04;T1;1/7/2024 08:07;62.1;7.0;120;117;10319.61
LOT01130;14/2/2025;PRD004;PRE03;T1;14/2/2025 07:49;80.0;7.07;80;78;4418.21
LOT01131;19/8/2024;PRD020;PRE02;T2;19/8/2024 20:41;70.6;7.47;200;194;3219.32
LOT01132;26/5/2025;PRD001; PRE03 ;T1;26/5/2025 07:32;89.5;7.31;80;79;3883.22
LOT01133;6/6/2025;PRD009;PRE01;T2;6/6/2025 19:51;108.0;8.6;400;383;826.88
LOT01134;3/2/2025;PRD011;PRE05;T2;2/3/2025 17:10;92.5;8.01;15;14;6162.24
LOT01135;14/12/2024;PRD016;PRE04;T3;15/12/2024 02:01;83.2;6.64;60;58;6699.06
LOT01136;2/5/2025;PRD011;PRE03;T1;2/5/2025 07:26;97.9;8.99;40;39;1096.32
LOT01137;16/11/2024;PRD021;PRE01; T1 ;16/11/2024 10:57;109.6;8.01;600;579;3201.77
LOT01138;15/3/2025;PRD005;PRE03;T2;15/3/2025 20:13;89.2;7.67;40;38;1911.93
LOT01139;4/1/2025;PRD003;PRE02;T2;4/1/2025 18:36;84.5;8.31;200;191;2799.19
 LOT01140 ;5/5/2025;PRD026;PRE05;T2;5/5/2025 16:04;76.9;7.27;10;9;13874.44
LOT01141;20/3/2025;PRD023;PRE02;T2;20/3/2025 20:48;135.9;7.89;200;171;4517.78
LOT01142;20/6/2025;PRD014;PRE03;T1;20/6/2025 11:29;95.8;6.82;80;78;6935.82
LOT01143;27/11/2024;PRD019;PRE04;T3;28/11/2024 03:26;52.2;6.72;100;99;8555.38
LOT01144;9/11/2024;PRD008;PRE02;T3;10/11/2024 03:51;109.4;8.51;300;293;2306.94
LOT01145;28/10/2024;PRD020;PRE03;T3;29/10/2024 01:09;67.6;6.81;100;98;6036.04
LOT01146;9/6/2025;PRD024;PRE05;T3;10/6/2025 05:16;113.1;7.84;20;19;25871.2
LOT01147;12/9/2024;PRD017;PRE01;T3;13/9/2024 03:24;68.3;6.91;200;198;765.96
LOT01148;28/3/2025;PRD015;PRE05;T2;28/3/2025 18:15;95.3;7.68;15;14;18306.71
LOT01149;8/2/2025;PRD004;PRE01;T1;8/2/2025 08:06;89.1;8.48;600;572;2172.66
LOT01150;22/4/2025;PRD024;PRE04;T1;22/4/2025 10:39;104.4;8.29;100;97;11330.43
LOT01151;11/12/2024;PRD011;PRE03;T3;12/12/2024 00:54;90.4;9.12;40;39;1268.94
LOT01152;9/12/2024;PRD005;PRE04;T1;9/12/2024 08:57;90.9;7.06;40;39;2703.73
LOT01153;22/2/2025;PRD004;PRE01;T1;22/2/2025 10:54;93.6;8.4;600;584;1946.77
LOT01154;28/12/2024;PRD023;PRE02;T3;28/12/2024 23:55;118.8;7.82;250;238;5820.67
LOT01155;4/10/2024;PRD011;PRE04;T3;5/10/2024 02:44;92.0;8.44;100;99;4090.76
LOT01156;1/2/2025;PRD016;PRE04;T1;1/2/2025 11:24;83.6;6.87;60;58;6789.77
LOT01157;19/12/2024;PRD014;PRE02;T2;19/12/2024 19:25;76.1;7.06;100;95;2266.63
LOT01158;18/3/2025;PRD001;PRE02;T1;03-18-2025 09:40;90.1;7.68;300;296;3754.61
LOT01159;21/6/2025;PRD014;PRE04;T2;21/6/2025 20:12;79.3;7.3;80;79;9296.98
LOT01160;18/2/2025;PRD012;PRE03;T3;19/2/2025 03:43;86.3;7.83;40;39;3427.67
LOT01161;15/10/2024;PRD004; PRE04 ;T1;15/10/2024 12:00;83.1;7.7;80;79;5289.14
LOT01162;6/5/2025;PRD015;PRE01;T1;6/5/2025 08:29;79.8;7.74;500;499;2582.15
LOT01163;28/10/2024;PRD006;PRE05;T3;28/10/2024 23:49;99.0;8.2;20;19;7306.06
LOT01164;31/10/2024;PRD027;pre05;T1;31/10/2024 08:10;91.4;6.96;15;14;21496.72
LOT01165;2/10/2024;PRD018;PRE02;T3;3/10/2024 02:41;74.8;7.26;150;143;2149.92
LOT01166;7/10/2024;PRD006;PRE02;T3;8/10/2024 03:28;98.6;9.03;150;142;1023.32
 LOT01167 ;30/10/2024;PRD002;PRE05;T1;30/10/2024 11:35;81.1;7.54;25;24;17791.87
LOT01168;15/4/2025;PRD001;PRE01;T1;15/4/2025 07:52;83.2; 7,69 ;300;296;904.65
LOT01169;8/8/2024;PRD018;PRE04;T3;9/8/2024 04:17;54.6;6.04;80;77;7287.23
LOT01170;18/2/2025;PRD016;PRE03;T2;18/2/2025 18:31;85.2;7.97;60;59;5491.0
 LOT01171 ;1/10/2024;PRD006;PRE02;T1;1/10/2024 12:42;105.1;8.21;100;97;726.53
LOT01172;17/5/2025;PRD006;PRE02;t3;05-18-2025 02:27;94.5;8.2;250;238;1877.0
LOT01173;27/8/2024;PRD022; PRE01 ;T3;28/8/2024 00:21;103.2;7.86;200;193;1238.07
LOT01174;1/4/2025;PRD014;PRE04;T3;2/4/2025 02:35;88.9;7.69;120;118;12881.29
LOT01175;10/2/2025;prd017;PRE03;T2;10/2/2025 20:06;64.3;6.74;120;119;7001.51
LOT01176;17/5/2025;PRD024;PRE03;t2;17/5/2025 17:26;129.4;7.42;80;78;6869.4
LOT01177;4/10/2024;PRD008;PRE03;T2;4/10/2024 15:39;91.3;8.25;100;98;3145.53
LOT01178;7/4/2025;PRD029;PRE03;T1;7/4/2025 10:20;92.3;7.99;100;96;10375.27
LOT01179;2/7/2024;PRD025;PRE04;T2;2/7/2024 20:11;81.5;7.63;60;59;8349.95
LOT01180;23/7/2024;PRD019;PRE03;T3;24/7/2024 00:33;69.9;6.51;120; 119 ;8241.84
LOT01181;2/5/2025;PRD016;PRE05;T1;2/5/2025 09:47;85.9;7.84;15;14;15947.04
LOT01182;6/12/2024;PRD022;PRE03;T2;6/12/2024 15:46;119.1;8.21;40;38;3386.49
LOT01183;26/6/2025;PRD015;PRE04;T2;26/6/2025 19:34;86.0;7.57;40;38;4304.02
LOT01184;31/05/2025;PRD023;PRE04;T1;31/5/2025 12:15;145.8;9.86;60;47;7043.16
LOT01185;31/12/2024;PRD016;PRE03;T2;31/12/2024 19:14;79.0;7.9;80;79;6288.22
LOT01186;17/6/2025;PRD025;pre04;T1;17/6/2025 08:41;93.6;7.96;80;78;11488.48
LOT01187;13/7/2024;PRD002;PRE02;T1;13/7/2024 08:01;88.4;7.78;250;238;3036.11
lot01188;16/7/2024;PRD029;PRE03;T2;16/7/2024 20:35;70.3;7.6;100;98;10629.87
LOT01189;12/9/2024;PRD025;PRE03;T2;12/9/2024 19:43;95.6;6.95;40;38;4129.3
LOT01190;29/10/2024;PRD026;PRE04; T2 ;29/10/2024 20:51;72.5;8.0;120;115;19584.72
LOT01191;18/3/2025;PRD015;PRE05;T2;18/3/2025 19:53;107.3;7.96;15;13;16620.7
LOT01192;16/11/2024;PRD029;PRE05;T3;17/11/2024 04:11;113.9;7.6;15;9;20414.25
LOT01193;16/10/2024;PRD017;PRE03;T1;16/10/2024 08:26;68.2;7.32;100;97;6863.82
LOT01194;27/9/2024;PRD027;PRE03;T2;27/9/2024 18:51;94.0;7.46;40;39;4140.97
LOT01195;5/2/2025;PRD018;PRE01;T1;5/2/2025 10:16;58.4;6.88;400;390;1712.19
LOT01196;24/1/2025;PRD009;PRE03;T1;24/1/2025 08:11;116.0;9.98;60;43;1913.46
lot01197;22/1/2025;PRD003;PRE04;T1;22/1/2025 10:22; 86,4 ;8.24;60;58;3864.4
LOT01198;8/4/2025;PRD002;PRE02;T1;8/4/2025 07:56;92.1;7.05;100;96;1433.86
LOT01199;24/7/2024;PRD023;PRE02;T3;25/7/2024 02:37;122.8;8.41;300;299;7471.64
LOT01200;5/7/2024;PRD010;PRE04;T2;5/7/2024 16:02;118.1;8.02;60;42;2170.86
LOT01201;3/5/2025;PRD027;PRE04;T1;3/5/2025 09:35;73.4;7.12;100;95;15570.78
LOT01202;31/8/2024;PRD005;PRE01;T2;31/8/2024 19:54;92.6;7.06;500;488;1531.51
lot01203;14/3/2025;PRD001;PRE03;T2;14/3/2025 15:27;89.8;8.0;80;76;4425.15
LOT01204;9/4/2025;PRD027;PRE03;T2;9/4/2025 19:49;82.0;7.21;100;99;11660.04
LOT01205;29/8/2024;PRD008;PRE03;T1;29/8/2024 10:36;97.8;8.01;40;38;1167.35
 LOT01206 ;21/6/2025;PRD025;PRE03;T1;21/6/2025 11:59;87.3;6.93;80;78;8496.7
LOT01207;24/7/2024;PRD020;PRE04;T2;24/7/2024 16:39;83.8;7.74;120;95;10479.74
LOT01208;17/8/2024;PRD028;PRE05;T2;17/8/2024 17:57;94.6;7.82;20;19;29523.67
LOT01209;9/4/2025;PRD026;PRE04;T2;9/4/2025 18:31;74.1;7.66;100;99;14488.55
LOT01210;9/1/2025;PRD019;PRE02;T2;9/1/2025 19:16;55.7;6.58;150;144;2282.68
LOT01211;3/8/2024;PRD009;PRE02;T1;3/8/2024 08:48;99.2;8.09;300;291;2205.25
LOT01212;10/12/2024;PRD021;PRE04;T1;10/12/2024 10:09;100.5;7.28;100;96;10974.95
LOT01213;18/1/2025;PRD022;PRE02;T3;19/1/2025 01:38;105.6;7.77;200;199;4489.46
LOT01214;27/6/2025;PRD029;PRE04;T2;27/6/2025 18:31;107.6;7.0;100;83;14574.4
LOT01215;21/6/2025;PRD017;PRE04;T2;21/6/2025 17:57;86.4;6.27;60;33;5235.47
LOT01216;31/1/2025;PRD012;PRE05;T2;31/1/2025 18:25;85.7;6.89;10;9;12021.8
LOT01217;8/11/2024;PRD016;PRE04;T3;9/11/2024 03:12;89.7;7.79;60;59;6997.54
LOT01218;31/7/2024;PRD013;PRE05;T3;1/8/2024 01:03;87.1;6.66;10; 9 ;12365.91
LOT01219;5/4/2025;PRD016;PRE03;T2;5/4/2025 16:56;81.7;7.33;120;117;9463.61
LOT01220;1/10/2024;PRD019;PRE01;T1;01/10/2024 13:21;50.3;7.5;400;383;1563.29
LOT01221;21/1/2025;prd001;PRE04;T1;21/1/2025 11:15;109.3;9.74;80;53;5273.72
LOT01222;20/11/2024;PRD009;PRE02;T2;20/11/2024 19:51;108.3;8.01;150;149;1027.97
LOT01223;21/10/2024;PRD006;PRE04;T1;21/10/2024 08:59;104.0;9.49;100;95;4288.94
LOT01224;31/7/2024;PRD008;PRE02;T3;1/8/2024 03:31;99.1;8.97;150;145;1058.3
LOT01225;1/7/2024;PRD016;PRE03;T1;01/07/2024 10.29;85.5;7.24;80;79;7442.31
LOT01226;4/10/2024;PRD023;PRE05;T3;5/10/2024 02:39;126.5;7.36;10;9;12101.31
LOT01227;24/9/2024;PRD006;PRE02;T1;24/9/2024 10:32;90.8;9.21;200;193;1655.16
LOT01228;10/4/2025;PRD011;PRE02;T2;10/4/2025 17:38;105.1;8.37;150;144;1076.46
LOT01229;3/9/2024;PRD026;PRE04;T3;4/9/2024 02:03;74.9;7.37;100;98;15754.07
LOT01230;12/3/2025;PRD020;PRE01;T1;12/3/2025 09:40;62.0;6.46;400;385;1457.33
LOT01231;20/8/2024;PRD009;PRE03;T2;20/8/2024 17:22; 98.9 ;9.05;40;38;1135.71
 LOT01232 ;6/11/2024;PRD009;PRE02;T3;7/11/2024 00:56;128.0;8.42;250;185;1787.4
LOT01233;24/9/2024;PRD029;PRE04;T1;24/9/2024 08:04;90.7;7.79;80;76;11025.81
LOT01234;6/3/2025;PRD021;PRE01;T3;7/3/2025 01:22;97.5;7.18;400;303;2121.92
LOT01235;4/7/2024;PRD009;PRE03;t1;4/7/2024 12:47;99.9;8.65;100;99;2818.96
lot01236;13/5/2025;PRD019; PRE05 ;T1;13/5/2025 08:55;61.7;6.81;20;19;16043.79
LOT01237;4/4/2025;PRD026;PRE04;T1;4/4/2025 10:36;91.3;7.22;100;98;13553.97
LOT01238;23/5/2025;PRD019;PRE04;T1;23/5/2025 10:56;84.1;7.0;60;33;4889.17
LOT01239;9/4/2025;PRD026;PRE05;T2;9/4/2025 17:47;96.4;7.47;10;9;14008.58
LOT01240;30/1/2025;PRD019;PRE03;T1;30/1/2025 09:50;51.0;6.61;40;38;2686.85
LOT01241;28/5/2025;PRD012;PRE04;T2;28/5/2025 15:33;90.4;6.57;40;39;4403.93
LOT01242;22/10/2024;PRD006;PRE02; T1 ;22/10/2024 07:59;82.2;8.82;250;199;1715.09
LOT01243;17/1/2025;PRD024;PRE02;T2;17/1/2025 18:04;138.4;5.57;200;113;4239.77
LOT01244;10/10/2024;PRD022;PRE01;t1;10/10/2024 08:53;135.7;7.15;200;178;1094.32
LOT01245;30/9/2024;PRD009;PRE04;T3;1/10/2024 04:19;100.5;8.71;100;99;4201.64
lot01246;5/8/2024;PRD020;PRE02;T2;5/8/2024 19:03;39.9;4.59;100;75;1585.83
LOT01247;5/12/2024;PRD006;PRE01;T3;6/12/2024 02:00;105.4;8.25;400;386;802.7
LOT01248;1/4/2025;PRD009;PRE02;T2;1/4/2025 17:59;114.5;9.02;100;58;751.1
LOT01249;20/12/2024;PRD003;PRE03;T1;20/12/2024 12:03;82.6;7.59;80;76;4435.39
LOT01250;26/7/2024;PRD025;PRE03;T2;26/7/2024 20:16;92.1;6.94;100;97;12164.69
LOT01251;27/12/2024;PRD024;PRE02;T3;28/12/2024 02:32;128.4;8.69;150;117;3690.91
LOT01252;8/5/2025;PRD010;PRE04;T2;8/5/2025 15:49;99.1;9.39;60;58;2212.8
lot01253;29/10/2024;PRD015;PRE04;T1;29/10/2024 11:37;75.8;7.85;60;59;6882.34
LOT01254;27/2/2025;PRD001;PRE02;T1;27/2/2025 11:58;82.7;7.28;250;248;3291.21
LOT01255;16/12/2024;PRD001;PRE04;T3;17/12/2024 04:03;90.1;8.21;40;38;2940.8
LOT01256;13/7/2024;PRD006;PRE03;T2;13/7/2024 18:26;114.0;8.93;60;51;1870.01
LOT01257;12/2/2025;PRD025;PRE05;T2;12/2/2025 19:03;76.2;7.76;10;9;13988.58
LOT01258;10/6/2025;PRD016;PRE03;T3;11/6/2025 03:43;89.0;7.13;80;79;7335.09
LOT01259;5/12/2024;PRD024;PRE05;T2;5/12/2024 17:32;117.6;7.24;15;14;18328.89
LOT01260;24/5/2025;PRD003;PRE03;T2;24/5/2025 16:25;85.4;7.85;100;97;5768.58
LOT01261;29/3/2025;PRD018;PRE02;T2;29/3/2025 17:58;77.6;7.44;150;129;2475.41
LOT01262;3/7/2024;PRD003;PRE02;T2;3/7/2024 19:24;89.9;8.02;200;198;2660.66
LOT01263;16/12/2024;PRD004;PRE02;T3;17/12/2024 01:20;91.6;7.17;100;99;1449.3
LOT01264;3/8/2024;PRD002;PRE02;T1;3/8/2024 09:41;82.3;7.25;250;244;3407.57
LOT01265;17/3/2025;PRD011;PRE04;T2;17/3/2025 20:40;102.8;8.7;80;76;3148.13
LOT01266;24/1/2025;PRD024;PRE03;T1;24/1/2025 09:02;116.7;7.8;40;38;3326.43
LOT01267;1/5/2025;PRD014;PRE03;T2;1/5/2025 17:45;83.4;7.28;100;99;7971.33
LOT01268;10/7/2024;PRD022;PRE01;T1;10/7/2024 08:43;113.8;7.37;300;293;1630.06
LOT01269;28/11/2024;PRD002;PRE02;T1;28/11/2024 10:57;82.0;8.15;200;190;2569.19
LOT01270;2/11/2024;PRD003;PRE03;T2;2/11/2024 18:46;88.2;7.18;120;116;6298.0
LOT01271;23/1/2025;PRD014;PRE03;T1;23/1/2025 12:51;82.1;6.61;80;78;7053.19
LOT01272;15/1/2025;PRD029;PRE03;T1;15/1/2025 09:15;86.9;6.69;100;97;10288.51
LOT01273;2/6/2025;PRD006;PRE02;T3;3/6/2025 04:20;90.3;9.34;250;202;1876.39
LOT01274;27/9/2024;PRD025;PRE04;T1;27/9/2024 11:53;96.9;7.72;40;38;6123.75
LOT01275;26/11/2024;PRD005;PRE05;T1;26/11/2024 08:34;93.9; 7,22 ;30;29;22864.36
LOT01276;9/7/2024;PRD008;PRE04;T1;9/7/2024 12:20;96.4;9.35; 120 ;116;4351.85
LOT01277;16/12/2024;PRD022;PRE02;T2;16/12/2024 16:26;86.1;6.54;300;233;7475.32
LOT01278;18/4/2025;PRD009;PRE03;T1;18/4/2025 10:44;127.8;6.88;80;45;2608.92
LOT01279;30/5/2025;PRD017;PRE02;T1;30/5/2025 08:02;56.2;7.41;250;240;4136.35
LOT01280;12/3/2025;PRD016;PRE05;T1;12/3/2025 12:20;91.1; 6.61 ;20;19;22824.36
LOT01281;5/3/2025;PRD002;PRE01;t3;6/3/2025 01:41;80.6;7.45;300;297;1067.68
LOT01282;31/3/2025;PRD020;PRE01;t2;31/3/2025 17:14;57.9;6.1;200;196;793.28
LOT01283;31/10/2024;PRD026;PRE04;T1;31/10/2024 12:22;72.4;7.03;60;59;8166.67
LOT01284;12/12/2024;prd001;PRE02;T3;13/12/2024 02:25;90.8;7.93;200;192;2734.06
LOT01285;7/12/2024;PRD016;PRE01;T3;8/12/2024 02:26;88.5;7.98;300;294;1748.37
LOT01286;31/10/2024;PRD001;PRE03;T2;31/10/2024 20:53;86.0;8.42;40;39;2114.35
LOT01287;14/10/2024; PRD023 ;PRE02;T3;10-15-2024 01:47;121.6;7.2;100;99;2315.58
LOT01288;6/5/2025;PRD017;PRE05;T1;6/5/2025 08:26;51.0;7.02;10;9;8593.42
LOT01289;13/9/2024;PRD029;PRE05;T1;13/9/2024 11:14;72.9; 7,31 ;30;29;40923.41
LOT01290;16/6/2025;PRD004;PRE01;T2;16/6/2025 16:41;78.6;7.68;200;159;725.11
LOT01291;9/9/2024;prd023;PRE05;T3;10/9/2024 00:33;137.2;8.86;30;20;37650.2
LOT01292;25/6/2025;prd026;pre04;t2;25/6/2025 16:19;77.0;6.52;100;95;15103.86
LOT01293;27/7/2024;PRD015;PRE01;T2;27/7/2024 17:58;84.9;6.86;200;193;1020.29
LOT01294;19/10/2024;PRD014;PRE03;T3;20/10/2024 00:20;76.5;7.61;40;38;3226.14
LOT01295;27/8/2024;PRD025;PRE05;T3;28/8/2024 02:47;71.5;7.57;25;23;40222.8
LOT01296;9/9/2024;PRD010;PRE03;T3;10/9/2024 02:11;104.9;9.44;80;78;2604.35
LOT01297;29/3/2025;PRD021;PRE03;T2;29/3/2025 18:08;122.9;7.6;100;95;8402.17
LOT01298;22/8/2024;PRD020;PRE02;T2;22/8/2024 17:25;63.5;6.05;100;96;1703.08
LOT01299;6/8/2024;PRD001;PRE01;T2;6/8/2024 17:21;81.0;7.35;200;194;706.09
LOT01300;16/10/2024;PRD019;PRE01;T2;16/10/2024 18:31;61.1;6.4;500;499;2087.54
LOT01301;2/9/2024;PRD023;PRE05;T2;2/9/2024 20:12;111.9;8.45;20;19;23542.16
LOT01302;21/2/2025;PRD018;PRE02;T2;21/2/2025 20:35;59.4;6.7;150;149;2616.6
LOT01303;4/10/2024;PRD003;PRE03;T3;5/10/2024 00:01;86.5;7.36;60;59;2925.5
LOT01304;4/10/2024;PRD022;PRE01;T2;4/10/2024 18:24;122.9;8.22;500;484;3054.9
LOT01305;21/12/2024;PRD008;PRE03;T3;21/12/2024 23:56;94.8;8.27;120;114;3735.89
LOT01306;30/11/2024;PRD025;PRE05;T2;30/11/2024 17:04;74.5;7.41;25;24;36158.12
LOT01307;19/6/2025;PRD005;PRE04;T2;19/6/2025 17:28;94.4;7.19;40;39;2740.27
LOT01308;25/2/2025;PRD006;PRE04;T1;25/2/2025 09:59;108.8;8.62;120;118;4352.42
LOT01309;27/7/2024;PRD001;PRE05; T1 ;27/7/2024 10:40;85.0;7.47;30;29;20177.79
LOT01310;16/11/2024;PRD021;PRE02;T1;16/11/2024 11:22;138.6;6.25;250;156;5524.0
LOT01311;18/3/2025;PRD006;PRE01;T3;19/3/2025 03:22;108.9;9.09; 400 ;391;724.62
LOT01312;4/4/2025;PRD017;PRE05;T3;05/04/2025 00.35;65.0;7.06;25;23;22008.39
LOT01313;29/11/2024;PRD010;PRE03;T2;29/11/2024 16:38;104.9;9.46;80;79;2208.69
LOT01314;14/4/2025;PRD029;PRE04;T2;14/4/2025 17:52;70.5;7.55;60;59;8886.49
LOT01315;23/5/2025; PRD007 ;PRE04;T2;23/5/2025 18:44;104.3;9.12;100;95;4010.71
lot01316;26/11/2024;PRD007;PRE02;T1;26/11/2024 11:01;91.0;9.05;150;147;1078.53
LOT01317;14/12/2024;PRD019;PRE03;T1;14/12/2024 11:59;64.2;7.2;60;59;3811.43
LOT01318;31/7/2024;PRD015;PRE03;T1;31/7/2024 11:03;84.6;6.7;40;38;3380.0
LOT01319;31/12/2024;PRD009;PRE02;T2;31/12/2024 19:01;109.8;8.26;250;242;1703.16
LOT01320;30/12/2024;PRD026;pre05;T2;30/12/2024 19:06;80.6;6.99;15;14;21405.1
LOT01321;12/10/2024;PRD020;PRE02;T1;12/10/2024 12:21;72.8;7.5;100;97;1502.94
LOT01322;15/5/2025;PRD003;PRE02;T1;15/5/2025 10:06;93.7;7.77;250;238;3006.66
LOT01323;15/11/2024;PRD024;PRE03;T3;16/11/2024 04:35;119.1;8.24;100;97;9662.41
lot01324;16/10/2024;PRD005;PRE04;T3;17/10/2024 03:16;87.9;7.45;40;38;2718.2
LOT01325;23/10/2024;PRD017;PRE05;T2;23/10/2024 16:10;64.6;6.94;30;28;25995.62
LOT01326;29/3/2025;PRD009;PRE01;T1;29/3/2025 10:48;95.6;9.26;200;194;406.17
LOT01327;2/1/2025;PRD015;PRE05;T3;3/1/2025 00:57;76.7;7.85;20;19;24066.45
LOT01328;21/3/2025;PRD025;PRE05;T3;22/3/2025 01:00;74.8;7.47;15;14;24261.75
LOT01329;4/3/2025;PRD013;PRE05; T2 ;4/3/2025 20:17;77.5;7.97;15;14;16996.14
LOT01330;29/3/2025;PRD021;PRE05;T1;29/3/2025 11:43;130.2;6.87;25;21;31930.21
LOT01331;12/9/2024;PRD027;PRE02;T1;12/9/2024 11:34;83.5;7.25;300;285;7912.21
LOT01332;4/4/2025;PRD002;PRE01;T2;4/4/2025 16:58;68.4;7.51;400;284;1215.78
LOT01333;17/2/2025;PRD007;PRE03;T3;18/2/2025 03:53;91.3;8.87;80;77;2187.88
LOT01334;16/10/2024;PRD025;PRE05;T2;16/10/2024 20:53;83.3;6.81;10;9;16378.45
LOT01335;7/6/2025;PRD019;PRE02;T1;7/6/2025 10:05;80.9;5.75;300;248;4800.92
LOT01336;4/7/2024;PRD004; PRE03 ;T3;5/7/2024 03:15;93.1;7.07;120;114;6276.12
LOT01337;4/6/2025;PRD020;PRE04;T3;5/6/2025 03:34;56.1;6.47;100;97;8333.21
LOT01338;7/3/2025;prd028;PRE03;T2;7/3/2025 18:01;93.0;7.76;60;57;6519.51
 LOT01339 ;26/3/2025;PRD015;PRE05;T1;26/3/2025 10:21;81.8;7.73;20;19;22585.87
LOT01340;22/8/2024;PRD010;PRE01;T3;23/8/2024 01:41;115.6;8.91;500;267;974.28
LOT01341;2/4/2025;PRD003;PRE03;T2;2/4/2025 16:36;89.6;7.45;80;77;4210.4
LOT01342;30/11/2024;PRD010;PRE01;T3;1/12/2024 00:10;72.4;7.94;300;218;570.69
LOT01343;23/8/2024;PRD016;PRE04;T3;24/8/2024 04:54;92.8;6.71;40;38;4517.77
lot01344;7/1/2025;PRD027;PRE03; T1 ;7/1/2025 12:13;88.8;6.88;60;58;7151.08
LOT01345;24/12/2024;PRD010;PRE04;T2;24/12/2024 20:36;103.0;9.38;100;96;4345.51
LOT01346;24/1/2025;PRD001;PRE02;T1;24/1/2025 09:42;83.4;8.14;200;196;2585.99
LOT01347;4/9/2024;PRD018;PRE02;T2;4/9/2024 20:24;57.2;6.96;150;149;2510.31
LOT01348;29/8/2024;PRD021;PRE02;T3;30/8/2024 03:21;113.6;7.18;250;249;5572.32
LOT01349;17/7/2024;PRD024;PRE02;T1;17/7/2024 08:38;120.4;8.47;200;196;4576.11
LOT01350;9/7/2024;PRD014;PRE04;T2;9/7/2024 19:40;90.4;6.99;80;77;9101.09
LOT01351;1/1/2025;PRD008;PRE04;T2;1/1/2025 18:40;107.4;8.57;40; 38 ;1562.79
LOT01352;30/12/2024;PRD019;PRE03;T3;31/12/2024 01:29;67.1;6.56;80;79;4837.02
LOT01353;19/12/2024;PRD026;PRE05;T1;19/12/2024 08:25;105.6;6.68;20;17;28534.91
LOT01354;28/10/2024;PRD018;PRE02;T2;28/10/2024 17:42;56.9; 7,1 ;100;96;1581.95
LOT01355;28/4/2025; PRD004 ;PRE02;T3;29/4/2025 01:33;82.0;8.03;200;190;2551.92
LOT01356;31/7/2024;PRD004;PRE03;T2;31/7/2024 20:14;94.5;7.13;60;58;3039.48
LOT01357;9/8/2024;PRD018;PRE02;T2;9/8/2024 16:46;65.4;6.61;300;289;4573.42
LOT01358;2/6/2025;PRD021;PRE03;T2;2/6/2025 17:34;111.2;7.39;60;57;4895.9
LOT01359;9/9/2024;PRD014;PRE05;T3;10/9/2024 01:58;77.4;7.68;10;9;11554.53
LOT01360;5/11/2024;PRD019; PRE03 ;T2;5/11/2024 19:59;53.2;7.28;80;76;5535.14
LOT01361;5/6/2025;PRD022;PRE02;T1;5/6/2025 07:55;122.7;7.38;200;192;4604.83
LOT01362;3/5/2025;PRD017;PRE02;T1;3/5/2025 10:57;67.0;6.5;150;144;2381.68
LOT01363;5/2/2025;PRD014;PRE05;T3;6/2/2025 01:53;93.6;7.59;30;29;33042.72
LOT01364;23/5/2025;PRD029;pre05;T3;24/5/2025 01:40;94.9;7.03;10;9;14032.69
LOT01365;16/1/2025;PRD011;PRE03;T2;16/1/2025 18:49;107.4;8.77;120;119;3539.87
LOT01366;12/2/2025; PRD008 ;PRE02;T1;12/2/2025 11:28;104.4;9.0;200;192; 1536,36 
LOT01367;26/11/2024;PRD021;PRE04;T3;27/11/2024 03:14;127.7;7.23;40;38;4398.52
LOT01368;3/6/2025;PRD014;PRE05;T2;03/06/2025 19:45;83.2;7.62;15;14;15750.95
LOT01369;2/6/2025;PRD010;PRE03;T3;3/6/2025 02:48;97.1;8.34;120;114;3523.43
LOT01370;11/1/2025;PRD003;PRE01;T1;11/1/2025 11:21;91.6;8.16;200;192;680.1
LOT01371;15/10/2024; PRD001 ;PRE03;T3;16/10/2024 00:24;94.7;7.6;60;58;3022.65
LOT01372;29/11/2024;PRD009;PRE04;T2;29/11/2024 19:20;108.3;8.29;40;38;1679.38
LOT01373;10/8/2024;PRD010;PRE01;T3;8/11/2024 01:08;104.1;8.57;400;391;697.44
LOT01374;26/8/2024;PRD022;PRE04;T2;26/8/2024 16:27;103.2;7.52;120;114;14115.89
LOT01375;19/10/2024;PRD019;PRE01;T1;19/10/2024 11:59;66.4;6.31;400;390;1468.44
LOT01376;19/10/2024;PRD009;PRE01;T2;19/10/2024 16:03;108.2;8.14;500;475;908.76
LOT01377;14/4/2025;PRD025;PRE02;T1;14/4/2025 11:35;82.1;7.32;100;98;2592.52
LOT01378;16/12/2024;PRD004;PRE05;T3;17/12/2024 04:39;114.9;6.44;15;7;9578.91
LOT01379;31/7/2024;PRD027;PRE05;T1;31/7/2024 10:25;62.6;5.39;25;13;40326.79
LOT01380;3/7/2024;PRD028;PRE05;T2;3/7/2024 20:26;94.1;6.63;10;9;16021.15
LOT01381;19/3/2025;PRD016;PRE05;T2;19/3/2025 20:15;82.4;7.14;30;28;35176.59
LOT01382;25/9/2024;PRD010;PRE03;T1;25/9/2024 08:49; 97,0 ;9.32;40;39;1099.78
LOT01383;7/11/2024;PRD022;PRE02;T1;7/11/2024 10:42;130.0;7.26;250;246;6116.14
LOT01384;19/11/2024;PRD024;PRE04;T3;20/11/2024 03:42;118.1;7.76;120;115;13128.06
LOT01385;15/10/2024;PRD024;PRE02;T3;16/10/2024 03:18;82.6;9.96;250;172;5201.0
LOT01386;1/3/2025;PRD012;PRE04;T2;1/3/2025 15:36;73.0;9.14;40;30;4180.73
LOT01387;22/8/2024;PRD014; PRE05 ;T3;22/8/2024 23:37;85.2;7.4;20;19;24611.52
lot01388;27/12/2024;prd016;PRE04;T3;28/12/2024 00:50;78.6;6.72;60;58;6659.2
LOT01389;17/8/2024;PRD017;PRE02;T1;17/8/2024 12:10;61.3;7.2;150;145;2515.59
LOT01390;12/2/2025;PRD001;PRE04;T2;12/2/2025 17:22;102.2;6.52;100;75;7195.38
LOT01391;3/4/2025;PRD002;PRE03;T1;03/04/2025 07:48;93.4;7.15;80;79;4378.33
LOT01392;26/2/2025;PRD028; PRE05 ;T3;27/2/2025 04:05;92.0;7.44;30;28;41265.02
LOT01393;13/07/2024;PRD001;PRE02;T3;14/7/2024 03:57;88.8;7.17;150;143;2113.06
LOT01394;9/4/2025;PRD029;PRE03;T2;9/4/2025 19:07;93.5;7.39;80;78;8137.54
LOT01395;19/6/2025;PRD001;PRE04;T3;20/6/2025 02:52;87.8;8.2;100;95;6393.35
LOT01396;12/8/2024;PRD008;PRE02;T2;12/8/2024 18:46;71.7;7.5;300;156;2307.8
LOT01397;21/9/2024;PRD001;PRE03;T3;22/9/2024 02:43;84.5;8.16;100;99;4914.37
LOT01398;20/3/2025;PRD022;PRE02;T1;20/3/2025 07:43;102.4;8.06;200;191;4382.68
lot01399;26/4/2025;PRD011;PRE03;T2;26/4/2025 18:37;106.7;8.84;100;95;2866.53
LOT01400;31/12/2024;PRD007;PRE02;T3;1/1/2025 01:23;96.4;8.81;150;146;1071.94
LOT01401;6/3/2025;PRD014;PRE04;T2;6/3/2025 17:08;95.7;6.54;40;38;4678.58
LOT01402;3/7/2024;PRD008;PRE03;T3;4/7/2024 01:56;106.4;9.13;60;57;1703.03
LOT01403;9/6/2025;PRD027;PRE04;T1;9/6/2025 08:19;89.3;6.82;120;115;18375.1
LOT01404;13/9/2024;PRD001;PRE02;T2;13/09/2024 18.43;90.7;8.02;250;238;3466.23
LOT01405;24/12/2024;PRD015;PRE04;T1;24/12/2024 08:48;77.1;7.08;100;97;12253.87
LOT01406;30/8/2024;PRD015;PRE05;T1;30/8/2024 10:52;91.9;7.55;10;9;11994.59
LOT01407;31/1/2025;PRD014;PRE04;T3;1/2/2025 00:15;94.6;6.74;40;39;4777.35
LOT01408;11/6/2025;PRD026;PRE05;T1;11/6/2025 11:00;88.8;7.52;25;23;38469.0
LOT01409;18/9/2024;PRD005;PRE02;T3;19/9/2024 00:44;92.3;7.78;200;196;2575.95
LOT01410;18/2/2025;PRD028;PRE03;T1;18/2/2025 10:19;86.9;7.55;60;59;6173.75
LOT01411;3/3/2025;PRD021;PRE03;T3;4/3/2025 01:03;119.8;7.3;100;97;9126.22
 LOT01412 ;16/7/2024;PRD017;PRE01;T2;16/7/2024 19:05;67.5;6.59;300;291;1284.57
LOT01413;21/10/2024;PRD026;PRE03;T2;21/10/2024 19:58;100.5;7.88;120;95;13258.98
LOT01414;31/8/2024;PRD006;PRE02;T3;1/9/2024 02:13;102.5;8.47;250;244;2067.92
LOT01415;30/1/2025;PRD028;PRE03;T1;30/1/2025 09:40;92.2;7.55;120; 116 ;14249.59
LOT01416;2/6/2025; PRD003 ;PRE01;T2;2/6/2025 15:53;63.5;9.52;500;332;1781.21
LOT01417;9/9/2024;PRD001;PRE02;T3;10/9/2024 01:12;84.4;7.98;250;237;3129.01
LOT01418;18/9/2024;PRD018;PRE03;T1;18/9/2024 12:17;57.9;7.08;100;97;6635.08
LOT01419;9/9/2024;PRD008;PRE03;T1;9/9/2024 07:41;107.8;9.08;120;115;3901.04
LOT01420;11/6/2025;PRD028;PRE04;T2;11/6/2025 16:38;75.0;7.97;120;117;17995.56
LOT01421;3/5/2025;PRD001;PRE04;T2;3/5/2025 16:12;113.5;6.76;40;21;2625.17
LOT01422;1/7/2024;PRD019;PRE05;T3;2/7/2024 00:26;43.2;6.36;30;25;27188.67
LOT01423;1/8/2024;PRD017;PRE03;T2;1/8/2024 16:28;56.0;6.52;100;99;6098.31
LOT01424;6/12/2024;PRD021;PRE03;T3;7/12/2024 03:00;115.2;7.3;120;117;9942.72
LOT01425;8/5/2025;PRD015;PRE03;T1;8/5/2025 08:58;94.8;7.49;100;99;8747.18
LOT01426;03/02/2025;PRD004;PRE02;T3;4/2/2025 00:57;105.5;9.24;250;151;3463.51
LOT01427;1/4/2025; PRD003 ;PRE02;T1;1/4/2025 10:48;83.8;7.97;100;97;1302.36
LOT01428;15/1/2025;PRD012;PRE05;T1;15/1/2025 09:13;86.7;7.67;25;24;26351.22
LOT01429;12/10/2024;PRD014;PRE04;T1;12/10/2024 08:59;83.5;6.74;100;95;12189.16
LOT01430;6/1/2025;PRD009;PRE02;T1;6/1/2025 11:24;109.4;8.01;300;292;2127.59
LOT01431;24/9/2024;PRD016;PRE03;T1;24/9/2024 12:28;86.4;7.62;40;38;3660.93
LOT01432;1/8/2024;PRD016;PRE05;T1;1/8/2024 11:01;78.7;6.57;15;14;16629.73
LOT01433;20/6/2025;PRD029;PRE05;T3;21/6/2025 04:01;92.7;7.75;25;24;38833.92
LOT01434;25/1/2025;PRD023;PRE03;T2;25/1/2025 16:24;115.7;7.35;80;79;6503.15
LOT01435;9/10/2024;PRD027;PRE05;T3;10/10/2024 01:48;73.8;6.63;10;9;14231.63
LOT01436;19/12/2024;PRD023;PRE02;T1;19/12/2024 13:02;102.5;8.42;100;98;2084.83
LOT01437;19/4/2025;PRD014;PRE01;T1;19/4/2025 10:07;97.7;7.4;600;597;3109.83
LOT01438;23/1/2025;PRD012;PRE04;T1;23/1/2025 12:51;95.5;7.08;120;119;15270.1
LOT01439;2/6/2025;PRD026;PRE03;T2;2/6/2025 19:54;74.4;7.28;80;77;8699.53
LOT01440;18/7/2024;PRD024;PRE02;T1;07-18-2024 08:09;111.7;7.07;200;196;4424.41
LOT01441;22/1/2025;PRD025;PRE04;T2;22/01/2025 16.06;107.8;6.89;60;36;9382.98
lot01442;28/4/2025;PRD002;PRE01;T3;29/4/2025 00:33;86.7;7.17;200;198;639.69
LOT01443;3/8/2024;PRD021;PRE05;T3;4/8/2024 04:29;127.6;8.35;10;8;12495.07
lot01444;12/8/2024; PRD025 ;PRE04;T3;13/8/2024 01:02;85.6;7.02;120;115;17851.91
LOT01445;26/12/2024;PRD001;PRE04;T1;26/12/2024 09:30;92.9;7.65;60;58;4299.74
LOT01446;25/1/2025;PRD004;PRE03;T3;26/1/2025 00:00;86.1;7.73;100;98;4828.21
LOT01447;27/3/2025;PRD022;PRE03;T1;27/3/2025 07:57;121.9;7.59;60;58;5293.64
LOT01448;8/10/2024;PRD015; PRE04 ;T3;9/10/2024 03:23;98.7;7.98;80;76;9373.35
LOT01449;24/8/2024;PRD020;PRE01;T2;08-24-2024 18:31;65.6;6.72;300;291;1310.6
LOT01450;10/12/2024;PRD027;PRE03;T3;11/12/2024 00:05;73.7;7.16;100;96;11365.73
LOT01451;31/3/2025;PRD019;PRE05;T2;31/3/2025 16:43;71.0;6.46;25;23;22566.76
LOT01452;14/4/2025;PRD006;PRE02;T3;15/4/2025 03:22;113.9;9.11;150;122;1024.69
LOT01453;18/11/2024;prd001;PRE01;T3;19/11/2024 04:18;86.0;7.96;400;382;1245.19
LOT01454;22/7/2024;PRD027; PRE03 ;T2;22/7/2024 19:37;70.6;6.7;80;79;9728.46
LOT01455;22/5/2025;PRD026;PRE04;T2;22/5/2025 16:12;70.6;6.23;80;60;13070.49
LOT01456;10/3/2025;PRD025;PRE05;T3;11/3/2025 02:49;77.6;7.06;20;19;27393.5
LOT01457;15/11/2024;PRD018;PRE03;T3;16/11/2024 02:31;68.5;6.34;80;78;5488.26
LOT01458;17/9/2024;PRD007;PRE02;T3;18/9/2024 03:35;97.3;8.71;300;298;2173.07
LOT01459;6/2/2025;PRD026;PRE04;T2;6/2/2025 20:16;80.7;7.64;80;77;10942.98
LOT01460;21/11/2024;PRD009;PRE02;T1;21/11/2024 09:07;103.9;8.67;250;248;2020.23
LOT01461;2/8/2024;PRD012;PRE05;T3;3/8/2024 01:26;108.3;6.59;15;10;17873.37
LOT01462;10/9/2024;PRD018;PRE01;T1;10/9/2024 10:24;90.5;7.29;400;222;1690.96
LOT01463;3/10/2024;PRD022;PRE02;T1;3/10/2024 10:19;116.5;8.26;250;248;6017.15
LOT01464;20/5/2025;PRD016;PRE03;T2;20/5/2025 16:20;89.6;6.99;40;38;3759.71
LOT01465;4/10/2024;PRD022;PRE02;T2;4/10/2024 19:11;106.0;7.66;250;238;6059.46
LOT01466;27/9/2024;PRD012;PRE05;T2;27/9/2024 16:41;57.1;9.39;25;15;26181.87
LOT01467;29/10/2024;PRD003;PRE03;T1;29/10/2024 08:44;91.2;8.41;80;77;4378.31
LOT01468;21/8/2024;PRD027;PRE03;T1;21/8/2024 09:32;93.4;7.74;120;119;13582.6
LOT01469;2/11/2024;PRD003;PRE03;T1;2/11/2024 10:50;80.7;8.02;120;115;6580.16
LOT01470;2/8/2024;PRD025;PRE04;T1;2/8/2024 10:17;87.7;7.62;80;76;11004.19
LOT01471;17/06/2025;PRD014;PRE05;T1;17/6/2025 12:54;67.2;5.48;10;6;12025.3
LOT01472;21/9/2024;PRD005;PRE02;T2;21/9/2024 18:57;90.3;7.13;100;98;1320.13
LOT01473;13/6/2025;PRD018;PRE02;T2;13/6/2025 20:07;52.8;6.04;150;146;2468.29
LOT01474;29/7/2024;PRD028;PRE04;T2;29/7/2024 18:20;64.6;5.8;60;43;8779.11
LOT01475;29/7/2024;PRD020;PRE01;T3;30/7/2024 02:38;60.0;7.14;200;192;842.55
LOT01476;1/4/2025;PRD007;PRE02;T2;1/4/2025 17:54;100.8;8.14;100;99;805.91
LOT01477;31/7/2024; PRD028 ;PRE05;T1;31/7/2024 12:08;74.8;6.5;15;14;22711.07
 LOT01478 ;23/5/2025;PRD018;PRE03;T3;24/5/2025 02:14;71.0;6.36;120;118;7832.49
LOT01479;27/6/2025;PRD024;PRE02;t3;28/6/2025 04:15;114.5;7.07;100;96;2077.85
LOT01480;14/4/2025;prd016;PRE05;T2;14/4/2025 16:28;95.9;6.98;15;14;15682.34
LOT01481;3/1/2025;PRD019;PRE04;T3;4/1/2025 04:05;65.4;6.52;100;99;8568.07
LOT01482;11/9/2024;PRD015;PRE05;T3;12/9/2024 02:20;85.0;6.7;25;24;28313.76
LOT01483;26/3/2025;PRD012;PRE04;T1;26/3/2025 10:23;79.1;6.71;80; 78 ;10136.39
LOT01484;14/6/2025;PRD006;PRE02;T1;14/6/2025 08:15;98.3;8.15;200;191;1563.69
LOT01485;29/1/2025;PRD020;PRE02;T1;29/1/2025 11:46;84.0;6.2;300;184;4772.82
LOT01486;21/10/2024;PRD018;PRE04;T1;21/10/2024 10:16;68.2;7.04;40;39;3411.51
LOT01487;5/3/2025;PRD023;PRE05;T3;6/3/2025 02:47;117.9;7.42;10;9;10919.71
LOT01488;3/3/2025;PRD003;PRE03;T3;4/3/2025 03:47;80.3;7.8;100;98;5536.31
LOT01489;24/3/2025;PRD016;PRE04;T3;25/3/2025 05:05;97.4;7.37;100;98;10571.96
LOT01490;30/12/2024;PRD004;PRE01;T2;30/12/2024 20:27;102.9;8.73;200;157;664.0
LOT01491;25/9/2024;PRD023;PRE02;T2;25/9/2024 19:24;113.5;7.27;250;238;5779.64
LOT01492;29/4/2025;PRD017;PRE01;T3;30/4/2025 03:03;80.0;4.71;300;207;1080.4
LOT01493;19/6/2025;PRD026;PRE05;T2;19/6/2025 19:07;94.1;6.86;25;24;37701.63
LOT01494;30/12/2024;PRD010; PRE03 ;T2;30/12/2024 19:23;105.5;8.76;80;78;2593.83
LOT01495;6/5/2025;PRD019;pre03;T2;6/5/2025 16:59;93.1;4.98;80;41;5141.0
LOT01496;24/8/2024;PRD003;pre03;T2;24/8/2024 17:26;99.2;7.94;60;40;2999.51
LOT01497;27/7/2024;PRD018;PRE02;T2;27/7/2024 15:59;64.9;6.78;200;197;3252.52
LOT01498;20/11/2024;PRD012;PRE05;T2;20/11/2024 20:08;92.6;7.19;15;14;18951.06
LOT01499;17/2/2025;PRD003;PRE04;T1;17/2/2025 11:22;79.2;8.27;40;33;2620.95
LOT01500;1/8/2024;PRD028;PRE05;T3;2/8/2024 02:11;92.0;7.15;20;19;27564.87
