id_lote;fecha;nombre_producto;presentacion;turno;inicio_dispersion;fin_dispersion;inicio_molienda;fin_molienda;inicio_mezclado;fin_mezclado;inicio_filtrado;fin_filtrado;inicio_envasado;fin_envasado;inicio_etiquetado;fin_etiquetado;cant_planificada;cant_producida;cant_rechazada;estado_supervisor;observaciones
LOT00001;22/8/2024;Sellador Acrílico para Fisuras; 1/4 galón ;Mañana;;;;;22/8/2024 06:32;22/8/2024 06:51;22/8/2024 07:01;22/8/2024 07:21;22/8/2024 07:23;22/8/2024 07:48;22/8/2024 07:58;22/8/2024 08:18;600;589;0;Aprobado;OK
LOT00002;20/11/2024;Anticorrosivo Base Zinc Inorgánico;CUÑETE;Noche;20/11/2024 22:38;20/11/2024 22:53;20/11/2024 23:02;20/11/2024 23:28;20/11/2024 23:31;21/11/2024 00:04;21/11/2024 00:06;21/11/2024 00:25;21/11/2024 00:36;21/11/2024 01:21;21/11/2024 01:36;21/11/2024 01:47;80;79;0;OK;
LOT00003;5/8/2024;Anticorrosivo Epóxico Industrial;Galón; noche ;5/8/2024 22:00;5/8/2024 22:47;5/8/2024 22:57;5/8/2024 23:57;6/8/2024 00:08;6/8/2024 01:25;6/8/2024 01:33;6/8/2024 01:54;6/8/2024 02:09;6/8/2024 03:05;6/8/2024 03:20;6/8/2024 03:32;100;96;0;Liberado;Turno sin incidentes
LOT00004;22/2/2025; Sellador de Silicona Neutra ;Galón;Noche;;;;;22/2/2025 22:46;22/2/2025 23:44;22/2/2025 23:55;23/2/2025 00:07;23/2/2025 00:14;23/2/2025 00:29;23/2/2025 00:34;23/2/2025 00:56;100;96;0;Aprobado;Sin observaciones
LOT00005;26/5/2025;Barniz Catalizado Alto Brillo;Cuñete;Noche;26/5/2025 22:40;26/5/2025 23:29;;;26/5/2025 23:39;27/5/2025 00:50;27/5/2025 00:59;27/5/2025 01:10;27/5/2025 01:19;27/5/2025 01:46;27/5/2025 02:00;27/5/2025 02:21;120;116;0;OK;OK
 LOT00006 ;20/9/2024;Esmalte Martillado Negro;Balde;Mañana;20/9/2024 06:06;20/9/2024 06:53;20/9/2024 06:56;20/9/2024 07:21;20/9/2024 07:23;20/9/2024 08:26;20/9/2024 08:39;20/9/2024 09:09;20/9/2024 09:16;20/9/2024 09:47;20/9/2024 09:49;20/9/2024 10:23;120;115;0;Conforme;Sin novedad
LOT00007;19/9/2024;Recubrimiento Poliuretánico para Piso;Cuñete;Mañana;19/9/2024 06:40;19/9/2024 07:21;19/9/2024 07:36;19/9/2024 08:39;19/9/2024 08:51;19/9/2024 09:36;19/9/2024 09:51;19/9/2024 10:21;19/9/2024 10:31;19/9/2024 11:10;19/9/2024 11:14;19/9/2024 11:53;120;120;0;Conforme;OK
LOT00008;3/5/2025;Esmalte Martillado Negro;Galón;noche;3/5/2025 22:08;3/5/2025 22:44;3/5/2025 22:56;3/5/2025 23:26;3/5/2025 23:34;4/5/2025 00:44;4/5/2025 00:48;4/5/2025 01:12;4/5/2025 01:19;4/5/2025 02:02;4/5/2025 02:15;4/5/2025 02:48;200;114;19;No conforme;Envase defectuoso en línea de envasado
LOT00009;8/4/2025;Recubrimiento Vinil-éster para Tanques;Galón;Mañana;8/4/2025 06:10;8/4/2025 06:58;8/4/2025 07:02;8/4/2025 07:43;8/4/2025 07:53;8/4/2025 08:55;8/4/2025 09:06;8/4/2025 09:26;8/4/2025 09:36;8/4/2025 10:06;8/4/2025 10:13;8/4/2025 10:31;150;149;0;Aprobado;
LOT00010;24/10/2024;Sellador de Silicona Neutra; Balde ;Tarde;;;;;24/10/2024 14:08;24/10/2024 14:33;24/10/2024 14:43;24/10/2024 14:57;24/10/2024 15:11;24/10/2024 16:00;24/10/2024 16:09;24/10/2024 16:34;60;58;0;Aprobado;Sin observaciones
LOT00011;3/4/2025;Látex Texturizado para Fachadas;1/4 Galón;Noche;3/4/2025 22:21;3/4/2025 22:50;3/4/2025 22:54;3/4/2025 23:53;4/4/2025 00:07;4/4/2025 01:25;4/4/2025 01:36;4/4/2025 01:49;4/4/2025 01:56;4/4/2025 02:40;4/4/2025 02:52;4/4/2025 03:29;500;479;0;Liberado;
LOT00012;5/11/2024;Sellador Acrílico para Techos;1/4 Galón;Tarde;5/11/2024 14:12;5/11/2024 14:38;;;5/11/2024 14:53;5/11/2024 16:01;5/11/2024 16:07;5/11/2024 16:22;5/11/2024 16:30;5/11/2024 17:08;5/11/2024 17:14;5/11/2024 17:27;400;389;0; conforme ;Sin novedad
LOT00013;30/10/2024;Esmalte Alto Tráfico Gris;1/4 Galón;Mañana;30/10/2024 06:03;30/10/2024 06:37;30/10/2024 06:48;30/10/2024 07:56;30/10/2024 08:03;30/10/2024 08:49;30/10/2024 08:55;30/10/2024 09:19;30/10/2024 09:26;30/10/2024 09:56;30/10/2024 10:05;30/10/2024 10:31;300;183;36;Rechazado;pH alto, se requiere ajuste con ácido
LOT00014;30/7/2024;Fondo Anticorrosivo Gris;Tambor;Mañana;30/7/2024 06:01;30/7/2024 06:47;30/7/2024 06:56;30/7/2024 07:50;30/7/2024 08:00;30/7/2024 08:33;30/7/2024 08:40;30/7/2024 08:57;30/7/2024 08:59;30/7/2024 09:43;30/7/2024 09:54;30/7/2024 10:28;30;28;0;Aprobado;Turno sin incidentes
LOT00015;1/5/2025;Sellador de Silicona Neutra;Cuñete;Noche;1/5/2025 22:14;1/5/2025 22:33;1/5/2025 22:39;1/5/2025 23:09;1/5/2025 23:16;2/5/2025 00:25;2/5/2025 00:27;2/5/2025 00:52;2/5/2025 00:57;2/5/2025 01:14;2/5/2025 01:18;2/5/2025 01:52;80;80;1;Liberado;Sin observaciones
LOT00016;15/5/2025;Sellador de Silicona Neutra;Balde;Mañana;;;;;15/5/2025 06:40;15/5/2025 07:30;15/5/2025 07:40;15/5/2025 07:52;15/5/2025 08:00;15/5/2025 08:41;15/5/2025 08:50;15/5/2025 09:03;80;78;0;OK;Rendimiento dentro de lo esperado
LOT00017;5/6/2025;Sellador Poliuretánico para Juntas;Galón;Noche;5/6/2025 22:09;5/6/2025 22:36;5/6/2025 22:41;5/6/2025 23:03;5/6/2025 23:08;5/6/2025 23:32;5/6/2025 23:34;5/6/2025 23:44;5/6/2025 23:51;6/6/2025 00:41;6/6/2025 00:46;6/6/2025 01:19;300;287;0;Liberado;Sin observaciones
LOT00018;19/11/2024;Recubrimiento Epóxico Alto Sólido;Balde;Mañana;19/11/2024 06:18;19/11/2024 06:53;19/11/2024 06:55;19/11/2024 08:02;19/11/2024 08:06;19/11/2024 09:20;19/11/2024 09:25;19/11/2024 09:51;19/11/2024 09:59;19/11/2024 10:39;19/11/2024 10:47;19/11/2024 10:59;80;76;1;Conforme;Producción normal
lot00019;25/4/2025;Recubrimiento Poliuretánico para Piso;Tambor;Mañana;25/4/2025 06:06;25/4/2025 06:50;25/4/2025 06:57;25/4/2025 07:52;25/4/2025 08:01;25/4/2025 09:01;25/4/2025 09:06;25/4/2025 09:28;25/4/2025 09:31;25/4/2025 10:18;25/4/2025 10:32;25/4/2025 10:45;10;9;0;Aprobado;
LOT00020;28/1/2025;Recubrimiento Poliuretánico para Piso;Tambor;Mañana;28/1/2025 06:11;28/1/2025 06:56;28/1/2025 07:11;28/1/2025 07:31;28/1/2025 07:45;28/1/2025 08:11;28/1/2025 08:14;28/1/2025 08:28;28/1/2025 08:36;28/1/2025 09:03;28/1/2025 09:05;28/1/2025 09:16;15;6;1;No conforme;Contaminación detectada, lote aislado
LOT00021;25/10/2024;Látex Lavable Mate;Galón;Tarde;25/10/2024 14:08;25/10/2024 14:45;25/10/2024 14:59;25/10/2024 15:32;25/10/2024 15:37;25/10/2024 16:47;25/10/2024 16:51;25/10/2024 17:03;25/10/2024 17:09;25/10/2024 17:44;25/10/2024 17:51;25/10/2024 18:26;100;99;0;APROBADO;Rendimiento dentro de lo esperado
LOT00022;13/11/2024;Barniz para Madera Brillante;Galón;Tarde;13/11/2024 14:07;13/11/2024 14:40;;;13/11/2024 14:42;13/11/2024 15:30;13/11/2024 15:40;13/11/2024 16:01;13/11/2024 16:05;13/11/2024 16:46;13/11/2024 16:57;13/11/2024 17:16;250;245;0;Aprobado;Turno sin incidentes
LOT00023;9/6/2025;Sellador Poliuretánico para Juntas;Galón;Noche;;;;;9/6/2025 22:48;9/6/2025 23:59;10/6/2025 00:12;10/6/2025 00:41;10/6/2025 00:51;10/6/2025 01:18;10/6/2025 01:30;10/6/2025 01:42;200;196;0;Conforme;OK
LOT00024;1/2/2025;Sellador de Silicona Neutra;Galón;Noche;1/2/2025 22:18;1/2/2025 23:08;1/2/2025 23:12;1/2/2025 23:56;2/2/2025 00:09;2/2/2025 00:27;2/2/2025 00:39;2/2/2025 00:54;2/2/2025 01:01;2/2/2025 01:27;2/2/2025 01:40;2/2/2025 02:09;200;191;0;aprobado;Turno sin incidentes
LOT00025;13/8/2024;Anticorrosivo Base Zinc Inorgánico;Tambor;Noche;13/8/2024 22:16;13/8/2024 22:47;13/8/2024 22:58;13/8/2024 23:34;13/8/2024 23:44;14/8/2024 00:14;14/8/2024 00:17;14/8/2024 00:37;14/8/2024 00:51;14/8/2024 01:46;14/8/2024 01:58;14/8/2024 02:17;15;14;2;Aprobado;Lote conforme a especificaciones
LOT00026;21/4/2025;Anticorrosivo Marino Bicomponente;Cuñete;Tarde;21/4/2025 14:39;21/4/2025 15:22;21/4/2025 15:37;21/4/2025 16:19;21/4/2025 16:23;21/4/2025 16:54;21/4/2025 17:02;21/4/2025 17:18;21/4/2025 17:20;21/4/2025 18:01;21/4/2025 18:16;21/4/2025 18:28;40;27;6;No conforme;Grumos detectados en control visual
lot00027;7/6/2025;Barniz para Madera Brillante;Galón;Mañana;7/6/2025 06:24;7/6/2025 06:43;7/6/2025 06:46;7/6/2025 07:56;7/6/2025 08:02;7/6/2025 08:23;7/6/2025 08:33;7/6/2025 08:49;7/6/2025 08:55;7/6/2025 09:48;7/6/2025 10:00;7/6/2025 10:20;250;247;0;Conforme;Sin observaciones
LOT00028;11/2/2025;Sellador Acrílico para Fisuras;Galón;Noche;;;;;11/2/2025 22:41;11/2/2025 23:15;11/2/2025 23:17;11/2/2025 23:44;11/2/2025 23:59;12/2/2025 00:18;12/2/2025 00:23;12/2/2025 00:45;300;286;0;OK;Rendimiento dentro de lo esperado
LOT00029;1/2/2025;Fondo Anticorrosivo Gris;Cuñete;Tarde;1/2/2025 14:04;1/2/2025 14:32;1/2/2025 14:34;1/2/2025 15:28;1/2/2025 15:41;1/2/2025 15:59;1/2/2025 16:01;1/2/2025 16:15;1/2/2025 16:25;1/2/2025 16:46;1/2/2025 16:48;1/2/2025 17:24;100;97;0;OK;
LOT00030;6/3/2025;Recubrimiento Vinil-éster para Tanques;Cuñete;Tarde;6/3/2025 14:21;6/3/2025 15:01;6/3/2025 15:13;6/3/2025 16:16;6/3/2025 16:18;6/3/2025 17:00;6/3/2025 17:14;6/3/2025 17:44;6/3/2025 17:57;6/3/2025 18:54;6/3/2025 19:01;6/3/2025 19:27;60;59;0;Conforme;OK
LOT00031;22/2/2025;Barniz Catalizado Alto Brillo;Balde;Noche;22/2/2025 22:34;22/2/2025 23:24;;;22/2/2025 23:26;22/2/2025 23:59;23/2/2025 00:10;23/2/2025 00:39;23/2/2025 00:51;23/2/2025 01:21;23/2/2025 01:36;23/2/2025 02:03;80;77;0;Conforme;
LOT00032;27/12/2024;Recubrimiento Vinil-éster para Tanques;Galón;Mañana;27/12/2024 06:41;27/12/2024 07:30;27/12/2024 07:41;27/12/2024 08:42;27/12/2024 08:49;27/12/2024 09:29;27/12/2024 09:36;27/12/2024 09:47;27/12/2024 09:56;27/12/2024 10:34;27/12/2024 10:46;27/12/2024 11:01;100;80;2;En reproceso;Reproceso parcial: se filtró y re-envasó
LOT00033;28/8/2024;Anticorrosivo Base Zinc Inorgánico;Tambor;Noche;28/8/2024 22:08;28/8/2024 22:29;28/8/2024 22:38;28/8/2024 23:31;28/8/2024 23:43;29/8/2024 01:01;29/8/2024 01:12;29/8/2024 01:42;29/8/2024 01:56;29/8/2024 02:52;29/8/2024 02:59;29/8/2024 03:30;30;29;0;Aprobado;Sin novedad
LOT00034;16/6/2025;Sellador Poliuretánico para Juntas;Cuñete;Noche;16/6/2025 22:23;16/6/2025 22:46;;;16/6/2025 22:58;17/6/2025 00:04;17/6/2025 00:08;17/6/2025 00:35;17/6/2025 00:45;17/6/2025 01:41;17/6/2025 01:50;17/6/2025 02:16;80;77;0;Liberado;Sin observaciones
LOT00035;25/3/2025;Fondo Anticorrosivo Gris;Tambor;tarde;25/3/2025 14:43;25/3/2025 15:26;25/3/2025 15:34;25/3/2025 16:41;25/3/2025 16:50;25/3/2025 17:55;25/3/2025 18:07;25/3/2025 18:30;25/3/2025 18:43;25/3/2025 19:03;25/3/2025 19:12;25/3/2025 19:36;30;27;0;CONFORME;Turno sin incidentes
LOT00036;14/12/2024;Látex Lavable Mate;Cuñete;Tarde;14/12/2024 14:15;14/12/2024 15:05;14/12/2024 15:15;14/12/2024 16:05;14/12/2024 16:20;14/12/2024 17:18;14/12/2024 17:20;14/12/2024 17:35;14/12/2024 17:44;14/12/2024 18:11;14/12/2024 18:26;14/12/2024 18:51;80;79;0;Aprobado;Turno sin incidentes
LOT00037;19/6/2025;Esmalte Antióxido Rojo Óxido;GALÓN;Noche;19/6/2025 22:17;19/6/2025 22:54;19/6/2025 23:06;19/6/2025 23:30;19/6/2025 23:44;20/6/2025 00:05;20/6/2025 00:09;20/6/2025 00:35;20/6/2025 00:44;20/6/2025 01:31;20/6/2025 01:44;20/6/2025 02:09;150;144;0;Liberado;Turno sin incidentes
LOT00038;16/11/2024;Anticorrosivo Zincromato Amarillo;Cuñete;Tarde;16/11/2024 14:21;16/11/2024 15:07;16/11/2024 15:10;16/11/2024 15:52;16/11/2024 16:00;16/11/2024 16:28;16/11/2024 16:31;16/11/2024 16:44;16/11/2024 16:49;16/11/2024 17:09;16/11/2024 17:17;16/11/2024 17:53;40;40;0;OK;OK
LOT00039;29/11/2024;Látex Económico Interior;Balde;Mañana;29/11/2024 06:45;29/11/2024 07:03;;;29/11/2024 07:13;29/11/2024 08:18;29/11/2024 08:33;29/11/2024 08:53;29/11/2024 08:56;29/11/2024 09:32;29/11/2024 09:35;29/11/2024 09:45;60;57;0;Conforme;Sin novedad
LOT00040;3/3/2025;Recubrimiento Epóxico Alto Sólido;tambor;Noche;3/3/2025 22:18;3/3/2025 22:51;3/3/2025 23:02;3/3/2025 23:52;4/3/2025 00:02;4/3/2025 00:21;4/3/2025 00:36;4/3/2025 00:50;4/3/2025 00:55;4/3/2025 01:54;4/3/2025 01:59;4/3/2025 02:36;25;23;1;Liberado;
LOT00041;30/8/2024;Esmalte Martillado Negro;1/4 Galón;Mañana;30/8/2024 06:30;30/8/2024 07:15;30/8/2024 07:24;30/8/2024 08:01;30/8/2024 08:07;30/8/2024 08:32;30/8/2024 08:47;30/8/2024 09:11;30/8/2024 09:26;30/8/2024 10:20;30/8/2024 10:28;30/8/2024 10:56;600;539;40;Ajuste en proceso; ph bajo, se adicionó amoniaco hasta rango 
LOT00042;31/10/2024;Recubrimiento Epóxico Piso Industrial;Balde;Noche;31/10/2024 22:03;31/10/2024 22:44;31/10/2024 22:53;31/10/2024 23:56;1/11/2024 00:07;1/11/2024 00:52;1/11/2024 00:56;1/11/2024 01:22;1/11/2024 01:35;1/11/2024 02:16;1/11/2024 02:19;1/11/2024 02:47;120;116;0;Conforme;
LOT00043;24/10/2024;Esmalte Antióxido Rojo Óxido;Balde;Tarde;24/10/2024 14:10;24/10/2024 14:33;24/10/2024 14:47;24/10/2024 15:26;24/10/2024 15:30;24/10/2024 16:43;24/10/2024 16:48;24/10/2024 17:17;24/10/2024 17:23;24/10/2024 17:50;24/10/2024 17:52;24/10/2024 18:26;80;78;1;Liberado;
LOT00044;3/5/2025;Látex Antihongos para Baños;Balde;Noche;3/5/2025 22:01;3/5/2025 22:37;3/5/2025 22:51;3/5/2025 23:21;3/5/2025 23:24;4/5/2025 00:10;4/5/2025 00:15;4/5/2025 00:27;4/5/2025 00:36;4/5/2025 01:18;4/5/2025 01:28;4/5/2025 01:54;60;58;0;Liberado;Lote conforme a especificaciones
LOT00045;30/5/2025;Sellador de Silicona Neutra;Cuñete;Mañana;;;;;30/5/2025 06:13;30/5/2025 07:15;30/5/2025 07:17;30/5/2025 07:46;30/5/2025 07:54;30/5/2025 08:36;30/5/2025 08:40;30/5/2025 09:19;100;99;0;Liberado;Sin observaciones
LOT00046;8/4/2025;Látex Vinílico Interior Blanco;Galón;Noche;8/4/2025 22:32;8/4/2025 22:59;;;8/4/2025 23:08;8/4/2025 23:38;8/4/2025 23:50;9/4/2025 00:05;9/4/2025 00:14;9/4/2025 01:09;9/4/2025 01:17;9/4/2025 01:34;250;219;8;Ajuste en proceso;Ajuste de color con pigmento, segunda medición OK
LOT00047;27/7/2024;Esmalte al Agua Satinado;Galón;Noche;27/7/2024 22:17;27/7/2024 22:51;27/7/2024 22:55;27/7/2024 23:54;27/7/2024 23:59;28/7/2024 00:15;28/7/2024 00:18;28/7/2024 00:41;28/7/2024 00:50;28/7/2024 01:09;28/7/2024 01:16;28/7/2024 01:42;250;238;0;Conforme;Lote conforme a especificaciones
LOT00048;28/8/2024;Barniz para Madera Brillante;1/4 Galón;Mañana;;;;;28/8/2024 06:54;28/8/2024 08:08;28/8/2024 08:11;28/8/2024 08:36;28/8/2024 08:43;28/8/2024 09:21;28/8/2024 09:26;28/8/2024 09:47;400;313;18;Ajuste en proceso;Reproceso parcial: se filtró y re-envasó
LOT00049;29/1/2025;Látex Acrílico Exterior Premium;TAMBOR;Mañana;29/1/2025 06:06;29/1/2025 06:43;29/1/2025 06:52;29/1/2025 07:40;29/1/2025 07:44;29/1/2025 08:29;29/1/2025 08:41;29/1/2025 09:01;29/1/2025 09:10;29/1/2025 09:34;29/1/2025 09:46;29/1/2025 10:13;20;19;0;OK;Turno sin incidentes
LOT00050;12/12/2024;Anticorrosivo Marino Bicomponente;Cuñete;Tarde;12/12/2024 14:10;12/12/2024 14:48;12/12/2024 15:02;12/12/2024 15:47;12/12/2024 15:55;12/12/2024 16:10;12/12/2024 16:15;12/12/2024 16:40;12/12/2024 16:51;12/12/2024 17:20;12/12/2024 17:31;12/12/2024 17:52;40;38;0;Conforme;Sin novedad
LOT00051;29/4/2025;Recubrimiento Poliuretánico UV;Tambor;Mañana;29/4/2025 06:29;29/4/2025 06:47;29/4/2025 06:53;29/4/2025 07:21;29/4/2025 07:25;29/4/2025 08:42;29/4/2025 08:56;29/4/2025 09:26;29/4/2025 09:31;29/4/2025 10:19;29/4/2025 10:31;29/4/2025 10:49;10;9;0;Aprobado;OK
lot00052;31/3/2025;Látex Económico Interior;Galón;Tarde;31/3/2025 14:16;31/3/2025 14:51;31/3/2025 14:54;31/3/2025 15:28;31/3/2025 15:37;31/3/2025 16:30;31/3/2025 16:37;31/3/2025 16:52;31/3/2025 16:58;31/3/2025 17:42;31/3/2025 17:51;31/3/2025 18:20;200;156;11;Rechazado;pH alto, se requiere ajuste con ácido
LOT00053;29/7/2024;Recubrimiento Epóxico Alto Sólido;Balde;mañana;29/7/2024 06:27;29/7/2024 07:15;29/7/2024 07:30;29/7/2024 08:29;29/7/2024 08:43;29/7/2024 09:45;29/7/2024 09:49;29/7/2024 10:05;29/7/2024 10:18;29/7/2024 10:37;29/7/2024 10:47;29/7/2024 11:13;100;97;0;OK;Sin observaciones
LOT00054;8/11/2024;Barniz Marino Transparente;Balde;Mañana;8/11/2024 06:12;8/11/2024 06:52;8/11/2024 07:04;8/11/2024 07:36;8/11/2024 07:41;8/11/2024 08:20;8/11/2024 08:32;8/11/2024 08:58;8/11/2024 09:10;8/11/2024 09:44;8/11/2024 09:53;8/11/2024 10:12;80;78;0;OK;Turno sin incidentes
LOT00055;13/1/2025;Sellador Acrílico para Fisuras;Tambor;Tarde;;;13/1/2025 14:27;13/1/2025 15:01;13/1/2025 15:04;13/1/2025 16:15;13/1/2025 16:28;13/1/2025 16:38;13/1/2025 16:52;13/1/2025 17:43;13/1/2025 17:54;13/1/2025 18:16;20;20;0;Conforme;Lote conforme a especificaciones
LOT00056;26/10/2024;Barniz Catalizado Alto Brillo;Cuñete;Tarde;;;26/10/2024 14:55;26/10/2024 15:34;26/10/2024 15:39;26/10/2024 16:50;26/10/2024 16:56;26/10/2024 17:12;26/10/2024 17:18;26/10/2024 18:03;26/10/2024 18:17;26/10/2024 18:48;60;58;1;OK;Turno sin incidentes
LOT00057;29/1/2025;Barniz Catalizado Alto Brillo;Galón;Tarde;29/1/2025 14:10;29/1/2025 14:58;;;29/1/2025 15:10;29/1/2025 16:20;29/1/2025 16:32;29/1/2025 16:53;29/1/2025 17:02;29/1/2025 17:58;29/1/2025 18:05;29/1/2025 18:15;200;195;0;Liberado;
LOT00058;8/8/2024;Anticorrosivo Marino Bicomponente;Tambor;mañana;8/8/2024 06:16;8/8/2024 06:39;8/8/2024 06:49;8/8/2024 07:33;8/8/2024 07:38;8/8/2024 07:53;8/8/2024 08:05;8/8/2024 08:33;8/8/2024 08:44;8/8/2024 09:13;8/8/2024 09:25;8/8/2024 09:40;20;19;0;OK;Turno sin incidentes
LOT00059;11/6/2025;Sellador Acrílico para Techos;Balde;Noche;11/6/2025 22:13;11/6/2025 22:53;;;11/6/2025 23:03;11/6/2025 23:57;12/6/2025 00:05;12/6/2025 00:20;12/6/2025 00:28;12/6/2025 00:54;12/6/2025 01:01;12/6/2025 01:28;120;90;1;En reproceso;Ajuste de color con pigmento, segunda medición OK
LOT00060;29/8/2024;fondo anticorrosivo gris;Balde;TARDE;29/8/2024 14:29;29/8/2024 14:51;29/8/2024 14:53;29/8/2024 15:52;29/8/2024 15:54;29/8/2024 17:00;29/8/2024 17:13;29/8/2024 17:26;29/8/2024 17:38;29/8/2024 18:05;29/8/2024 18:10;29/8/2024 18:26;120;93;8;En reproceso;Se adicionó solvente para ajustar viscosidad
LOT00061;13/2/2025;Anticorrosivo Marino Bicomponente;Cuñete;Noche;13/2/2025 22:32;13/2/2025 23:08;13/2/2025 23:21;13/2/2025 23:51;14/2/2025 00:00;14/2/2025 01:16;14/2/2025 01:28;14/2/2025 01:57;14/2/2025 02:05;14/2/2025 02:26;14/2/2025 02:38;14/2/2025 03:11;120;119;0;Aprobado;Producción normal
LOT00062;11/7/2024;Recubrimiento Epóxico Alto Sólido; Tambor ;Noche;11/7/2024 22:37;11/7/2024 23:27;11/7/2024 23:32;12/7/2024 00:07;12/7/2024 00:22;12/7/2024 01:11;12/7/2024 01:17;12/7/2024 01:30;12/7/2024 01:32;12/7/2024 02:30;12/7/2024 02:37;12/7/2024 03:15;15;13;0;Conforme;Sin novedad
LOT00063;13/9/2024;Látex Texturizado para Fachadas;Cuñete;Tarde;13/9/2024 14:44;13/9/2024 15:16;;;13/9/2024 15:26;13/9/2024 16:31;13/9/2024 16:46;13/9/2024 17:06;13/9/2024 17:21;13/9/2024 18:15;13/9/2024 18:23;13/9/2024 18:48;60;27;4;Rechazado;Envase defectuoso en línea de envasado
LOT00064;1/3/2025;Esmalte al Agua Satinado;1/4 galón;Mañana;1/3/2025 06:06;1/3/2025 06:46;1/3/2025 07:01;1/3/2025 08:05;1/3/2025 08:18;1/3/2025 08:34;1/3/2025 08:47;1/3/2025 09:03;1/3/2025 09:16;1/3/2025 09:40;1/3/2025 09:53;1/3/2025 10:30;300;299;0;Conforme;Sin observaciones
LOT00065;4/2/2025;Anticorrosivo Base Zinc Inorgánico;Cuñete;Tarde;4/2/2025 14:28;4/2/2025 14:48;4/2/2025 14:58;4/2/2025 15:22;4/2/2025 15:34;4/2/2025 16:48;4/2/2025 16:52;4/2/2025 17:16;4/2/2025 17:30;4/2/2025 18:24;4/2/2025 18:35;4/2/2025 19:04;120;114;0;Conforme;
LOT00066;6/2/2025;Anticorrosivo Epóxico Industrial;Tambor;Tarde;6/2/2025 14:10;6/2/2025 14:39;6/2/2025 14:48;6/2/2025 15:28;6/2/2025 15:37;6/2/2025 16:23;6/2/2025 16:28;6/2/2025 16:50;6/2/2025 17:00;6/2/2025 17:49;6/2/2025 17:55;6/2/2025 18:26;25;24;0;Aprobado;Rendimiento dentro de lo esperado
LOT00067;28/2/2025;Látex Texturizado para Fachadas;Galón;Mañana;28/2/2025 06:28;28/2/2025 06:51;28/2/2025 06:59;28/2/2025 07:27;28/2/2025 07:36;28/2/2025 08:06;28/2/2025 08:12;28/2/2025 08:26;28/2/2025 08:29;28/2/2025 08:50;28/2/2025 09:05;28/2/2025 09:33;200;198;0;Conforme;OK
LOT00068;28/12/2024;Esmalte Alto Tráfico Gris;Galón;TARDE;28/12/2024 14:05;28/12/2024 14:23;28/12/2024 14:31;28/12/2024 15:14;28/12/2024 15:29;28/12/2024 15:48;28/12/2024 16:03;28/12/2024 16:20;28/12/2024 16:32;28/12/2024 17:21;28/12/2024 17:24;28/12/2024 17:40;150;148;1;Liberado;Rendimiento dentro de lo esperado
LOT00069;21/6/2025;Látex Lavable Mate;Cuñete;Noche;21/6/2025 22:08;21/6/2025 22:41;;;21/6/2025 22:46;21/6/2025 23:54;22/6/2025 00:09;22/6/2025 00:33;22/6/2025 00:35;22/6/2025 01:08;22/6/2025 01:10;22/6/2025 01:47;80;38;11;No conforme;pH alto, se requiere ajuste con ácido
LOT00070;18/2/2025;Sellador Acrílico para Fisuras;Tambor;Mañana;;;18/2/2025 06:21;18/2/2025 07:27;18/2/2025 07:36;18/2/2025 08:19;18/2/2025 08:21;18/2/2025 08:42;18/2/2025 08:46;18/2/2025 09:28;18/2/2025 09:41;18/2/2025 10:12;30;29;0;OK;Producción normal
LOT00071;19/10/2024; Esmalte Antióxido Rojo Óxido ;Galón;Noche;19/10/2024 22:35;19/10/2024 22:59;19/10/2024 23:13;20/10/2024 00:08;20/10/2024 00:18;20/10/2024 00:33;20/10/2024 00:36;20/10/2024 00:53;20/10/2024 01:02;20/10/2024 01:59;20/10/2024 02:13;20/10/2024 02:49;300;292;0;Liberado;OK
LOT00072;31/8/2024;Esmalte Sintético Brillante Blanco;Galón;Tarde;31/8/2024 14:06;31/8/2024 14:37;31/8/2024 14:49;31/8/2024 15:33;31/8/2024 15:40;31/8/2024 16:59;31/8/2024 17:09;31/8/2024 17:24;31/8/2024 17:30;31/8/2024 17:56;31/8/2024 18:04;31/8/2024 18:41;150;146;0;OK;Rendimiento dentro de lo esperado
 LOT00073 ;24/1/2025;Esmalte al Agua Satinado;Galón;Tarde;24/1/2025 14:18;24/1/2025 14:40;24/1/2025 14:54;24/1/2025 15:51;24/1/2025 15:58;24/1/2025 16:22;24/1/2025 16:29;24/1/2025 16:39;24/1/2025 16:48;24/1/2025 17:45;24/1/2025 17:59;24/1/2025 18:36;150;149;0;OK;
LOT00074;6/12/2024;Recubrimiento Epóxico Alto Sólido;BALDE;Noche;6/12/2024 22:13;6/12/2024 22:35;6/12/2024 22:46;6/12/2024 23:30;6/12/2024 23:42;7/12/2024 00:21;7/12/2024 00:26;7/12/2024 00:52;7/12/2024 01:04;7/12/2024 01:52;7/12/2024 01:57;7/12/2024 02:12;40;39;0;Liberado;
LOT00075;27/9/2024;Sellador Acrílico para Fisuras;Cuñete;Mañana;;;;;27/9/2024 06:02;27/9/2024 06:58;27/9/2024 07:06;27/9/2024 07:36;27/9/2024 07:43;27/9/2024 08:34;27/9/2024 08:43;27/9/2024 09:17;100;98;0;Liberado;Lote conforme a especificaciones
LOT00076;26/2/2025;Sellador Acrílico para Fisuras;Tambor;Mañana;;;;;26/2/2025 06:56;26/2/2025 07:11;26/2/2025 07:15;26/2/2025 07:44;26/2/2025 07:47;26/2/2025 08:16;26/2/2025 08:23;26/2/2025 08:51;10;9;0;Conforme;Rendimiento dentro de lo esperado
LOT00077;10/4/2025;recubrimiento epóxico alto sólido;Tambor;Tarde;10/4/2025 14:33;10/4/2025 15:23;10/4/2025 15:29;10/4/2025 16:07;10/4/2025 16:19;10/4/2025 16:42;10/4/2025 16:49;10/4/2025 17:01;10/4/2025 17:04;10/4/2025 17:53;10/4/2025 18:03;10/4/2025 18:43;15;14;0;OK;Rendimiento dentro de lo esperado
LOT00078;10/2/2025;Esmalte Antióxido Rojo Óxido;Balde;Mañana;10/2/2025 06:08;10/2/2025 06:44;10/2/2025 06:50;10/2/2025 07:49;10/2/2025 07:54;10/2/2025 08:36;10/2/2025 08:45;10/2/2025 09:08;10/2/2025 09:12;10/2/2025 09:44;10/2/2025 09:53;10/2/2025 10:04;80;78;0;Aprobado;
LOT00079;5/5/2025;Barniz para Madera Brillante;Balde;Noche;5/5/2025 22:08;5/5/2025 22:46;5/5/2025 22:53;5/5/2025 23:33;5/5/2025 23:40;6/5/2025 00:00;6/5/2025 00:12;6/5/2025 00:42;6/5/2025 00:46;6/5/2025 01:21;6/5/2025 01:31;6/5/2025 02:03;100;52;12;No conforme;Color no coincide con muestra patrón
LOT00080;18/3/2025;Látex Texturizado para Fachadas;Cuñete;Noche;18/3/2025 22:20;18/3/2025 22:57;18/3/2025 23:05;19/3/2025 00:09;19/3/2025 00:18;19/3/2025 01:35;19/3/2025 01:46;19/3/2025 02:15;19/3/2025 02:23;19/3/2025 03:13;19/3/2025 03:28;19/3/2025 03:47;80;79;0;Conforme;Lote conforme a especificaciones
LOT00081;20/7/2024; Recubrimiento Epóxico Alto Sólido ;Tambor;Noche;20/7/2024 22:11;20/7/2024 22:48;20/7/2024 23:00;21/7/2024 00:00;21/7/2024 00:03;21/7/2024 00:45;21/7/2024 00:53;21/7/2024 01:06;21/7/2024 01:18;21/7/2024 02:14;21/7/2024 02:27;21/7/2024 02:51;30;20;5;Rechazado;Viscosidad fuera de rango, se envía a reproceso
LOT00082;28/10/2024;Látex Lavable Mate;Tambor;Noche;28/10/2024 22:33;28/10/2024 22:50;28/10/2024 22:52;28/10/2024 23:47;29/10/2024 00:01;29/10/2024 00:31;29/10/2024 00:33;29/10/2024 01:00;29/10/2024 01:05;29/10/2024 01:50;29/10/2024 01:57;29/10/2024 02:12;30;29;0;OK;
LOT00083;4/3/2025;Látex Vinílico Interior Blanco;Cuñete;Tarde;4/3/2025 14:17;4/3/2025 14:36;4/3/2025 14:46;4/3/2025 15:10;4/3/2025 15:23;4/3/2025 15:49;4/3/2025 16:01;4/3/2025 16:25;4/3/2025 16:33;4/3/2025 17:17;4/3/2025 17:22;4/3/2025 17:34;40;39;0;OK;
LOT00084;29/1/2025;Fondo Anticorrosivo Gris;Galón;Tarde;29/1/2025 14:33;29/1/2025 14:53;29/1/2025 15:04;29/1/2025 15:27;29/1/2025 15:41;29/1/2025 16:54;29/1/2025 16:57;29/1/2025 17:11;29/1/2025 17:24;29/1/2025 17:54;29/1/2025 18:02;29/1/2025 18:23;150;106;4;Reproceso parcial;Se repasó por molienda adicional 20 min
 LOT00085 ;12/5/2025;Esmalte Martillado Negro;1/4 Galón;Noche;12/5/2025 22:08;12/5/2025 22:26;12/5/2025 22:41;12/5/2025 23:25;12/5/2025 23:34;13/5/2025 00:23;13/5/2025 00:30;13/5/2025 00:55;13/5/2025 00:58;13/5/2025 01:48;13/5/2025 01:50;13/5/2025 02:05;600;598;0;OK;
LOT00086;13/3/2025;Esmalte Alto Tráfico Gris;1/4 Galón;Mañana;13/3/2025 06:18;13/3/2025 06:56;13/3/2025 07:06;13/3/2025 07:56;13/3/2025 08:07;13/3/2025 09:22;13/3/2025 09:30;13/3/2025 09:42;13/3/2025 09:47;13/3/2025 10:14;13/3/2025 10:19;13/3/2025 10:51;200;196;0;OK;Sin novedad
LOT00087;17/3/2025;Anticorrosivo Zincromato Amarillo;Galón;Noche;17/3/2025 22:11;17/3/2025 22:47;17/3/2025 22:56;17/3/2025 23:18;17/3/2025 23:26;17/3/2025 23:58;18/3/2025 00:04;18/3/2025 00:34;18/3/2025 00:46;18/3/2025 01:07;18/3/2025 01:11;18/3/2025 01:50;200;192;0;conforme;Rendimiento dentro de lo esperado
LOT00088;21/12/2024;Sellador Acrílico para Fisuras;1/4 Galón;Mañana;21/12/2024 06:39;21/12/2024 07:25;;;21/12/2024 07:28;21/12/2024 08:20;21/12/2024 08:24;21/12/2024 08:46;21/12/2024 09:01;21/12/2024 09:59;21/12/2024 10:02;21/12/2024 10:19;200;197;0;Aprobado;
LOT00089;5/4/2025;RECUBRIMIENTO POLIURETÁNICO PARA PISO;galón;Tarde;5/4/2025 14:24;5/4/2025 14:43;5/4/2025 14:50;5/4/2025 15:37;5/4/2025 15:39;5/4/2025 15:55;5/4/2025 16:05;5/4/2025 16:21;5/4/2025 16:33;5/4/2025 17:23;5/4/2025 17:30;5/4/2025 17:51;100;88;6;Reproceso parcial;Reproceso parcial: se filtró y re-envasó
LOT00090;12/3/2025;Sellador Acrílico para Techos;Galón;MAÑANA;12/3/2025 06:17;12/3/2025 06:33;12/3/2025 06:39;12/3/2025 07:02;12/3/2025 07:16;12/3/2025 08:03;12/3/2025 08:10;12/3/2025 08:30;12/3/2025 08:44;12/3/2025 09:07;12/3/2025 09:14;12/3/2025 09:33;100;97;2;OK;
LOT00091;24/9/2024;Látex Texturizado para Fachadas;Balde;Noche;24/9/2024 22:35;24/9/2024 23:23;24/9/2024 23:29;25/9/2024 00:12;25/9/2024 00:25;25/9/2024 01:10;25/9/2024 01:24;25/9/2024 01:45;25/9/2024 01:49;25/9/2024 02:33;25/9/2024 02:45;25/9/2024 02:55;80;77;0;Liberado;
LOT00092;16/7/2024;Sellador de Silicona Neutra; Balde ;Noche;;;16/7/2024 22:15;16/7/2024 23:09;16/7/2024 23:11;16/7/2024 23:27;16/7/2024 23:37;16/7/2024 23:51;16/7/2024 23:54;17/7/2024 00:34;17/7/2024 00:39;17/7/2024 01:08;80;77;0;Aprobado; lote conforme a especificaciones 
LOT00093;29/5/2025;Anticorrosivo Zincromato Amarillo;Cuñete;Noche;29/5/2025 22:40;29/5/2025 23:10;29/5/2025 23:13;30/5/2025 00:15;30/5/2025 00:23;30/5/2025 01:31;30/5/2025 01:42;30/5/2025 01:53;30/5/2025 01:55;30/5/2025 02:50;30/5/2025 02:56;30/5/2025 03:24;120;116;1;OK;Sin observaciones
LOT00094;7/8/2024;Barniz Marino Transparente; Galón ;MAÑANA;7/8/2024 06:30;7/8/2024 07:19;;;7/8/2024 07:21;7/8/2024 08:16;7/8/2024 08:25;7/8/2024 08:43;7/8/2024 08:58;7/8/2024 09:21;7/8/2024 09:34;7/8/2024 09:44;200;196;2;OK;Sin novedad
LOT00095;11/10/2024;Látex Vinílico Interior Blanco;Balde;Noche;11/10/2024 22:41;11/10/2024 23:28;11/10/2024 23:32;12/10/2024 00:18;12/10/2024 00:26;12/10/2024 01:27;12/10/2024 01:42;12/10/2024 02:07;12/10/2024 02:14;12/10/2024 02:50;12/10/2024 03:01;12/10/2024 03:20;80;77;1;Conforme;Rendimiento dentro de lo esperado
LOT00096;21/4/2025;Anticorrosivo Epóxico Industrial;Tambor;Tarde;21/4/2025 14:42;21/4/2025 15:09;21/4/2025 15:13;21/4/2025 16:11;21/4/2025 16:24;21/4/2025 17:02;21/4/2025 17:17;21/4/2025 17:37;21/4/2025 17:51;21/4/2025 18:45;21/4/2025 18:58;21/4/2025 19:16;30;28;0;Aprobado;Sin observaciones
LOT00097;23/9/2024;Esmalte Martillado Negro;Galón;Noche;23/9/2024 22:34;23/9/2024 23:11;;;23/9/2024 23:14;24/9/2024 00:14;24/9/2024 00:22;24/9/2024 00:33;24/9/2024 00:46;24/9/2024 01:40;24/9/2024 01:43;24/9/2024 02:09;200;198;2;Conforme;Producción normal
LOT00098;24/4/2025;Látex Antihongos para Baños;Balde;noche;24/4/2025 22:36;24/4/2025 23:07;24/4/2025 23:20;25/4/2025 00:02;25/4/2025 00:17;25/4/2025 00:32;25/4/2025 00:39;25/4/2025 01:04;25/4/2025 01:15;25/4/2025 01:58;25/4/2025 02:10;25/4/2025 02:30;40;38;0;Conforme;
LOT00099;2/12/2024;Barniz Catalizado Alto Brillo;Galón;Noche;2/12/2024 22:26;2/12/2024 22:55;;;2/12/2024 23:02;3/12/2024 00:21;3/12/2024 00:27;3/12/2024 00:56;3/12/2024 01:02;3/12/2024 01:31;3/12/2024 01:35;3/12/2024 02:00;100;96;0;Conforme;Producción normal
LOT00100;21/3/2025;recubrimiento epóxico alto sólido;Tambor;Mañana;21/3/2025 06:37;21/3/2025 07:23;21/3/2025 07:36;21/3/2025 08:43;21/3/2025 08:52;21/3/2025 09:55;21/3/2025 10:00;21/3/2025 10:28;21/3/2025 10:36;21/3/2025 10:55;21/3/2025 11:03;21/3/2025 11:37;15;14;0; OK ;
LOT00101;13/3/2025;Recubrimiento Epóxico Alto Sólido;Tambor;Mañana;13/3/2025 06:23;13/3/2025 06:42;13/3/2025 06:51;13/3/2025 07:29;13/3/2025 07:42;13/3/2025 08:53;13/3/2025 09:02;13/3/2025 09:28;13/3/2025 09:30;13/3/2025 10:14;13/3/2025 10:24;13/3/2025 10:43;25;24;0;Aprobado;Turno sin incidentes
LOT00102;6/2/2025;Anticorrosivo Marino Bicomponente;Cuñete;Noche;6/2/2025 22:04;6/2/2025 22:35;6/2/2025 22:37;6/2/2025 23:40;6/2/2025 23:46;7/2/2025 00:32;7/2/2025 00:47;7/2/2025 01:00;7/2/2025 01:10;7/2/2025 01:28;7/2/2025 01:42;7/2/2025 01:58;100;96;0;Aprobado;
LOT00103;18/1/2025;Anticorrosivo Base Zinc Inorgánico;Tambor;Mañana;18/1/2025 06:07;18/1/2025 06:45;18/1/2025 06:49;18/1/2025 07:13;18/1/2025 07:26;18/1/2025 07:45;18/1/2025 07:58;18/1/2025 08:13;18/1/2025 08:19;18/1/2025 08:41;18/1/2025 08:44;18/1/2025 09:03;30;23;1;En reproceso;pH bajo, se adicionó amoniaco hasta rango
LOT00104;10/5/2025;Barniz Marino Poliuretánico;Galón;Mañana;10/5/2025 06:38;10/5/2025 07:18;;;10/5/2025 07:23;10/5/2025 07:48;10/5/2025 08:03;10/5/2025 08:20;10/5/2025 08:26;10/5/2025 08:45;10/5/2025 09:00;10/5/2025 09:11;200;195;0;OK;Producción normal
LOT00105;30/1/2025;Anticorrosivo Marino Bicomponente;Tambor;Noche;30/1/2025 22:18;30/1/2025 22:54;30/1/2025 23:08;30/1/2025 23:59;31/1/2025 00:13;31/1/2025 01:01;31/1/2025 01:08;31/1/2025 01:28;31/1/2025 01:43;31/1/2025 02:21;31/1/2025 02:32;31/1/2025 02:50;30;29;0;Liberado;
LOT00106;24/6/2025;BARNIZ MARINO TRANSPARENTE;Cuñete;Noche;24/6/2025 22:24;24/6/2025 22:47;24/6/2025 22:51;24/6/2025 23:41;24/6/2025 23:46;25/6/2025 01:02;25/6/2025 01:11;25/6/2025 01:29;25/6/2025 01:43;25/6/2025 02:26;25/6/2025 02:33;25/6/2025 02:58;100;98;0; aprobado ;Sin observaciones
LOT00107;5/6/2025;Sellador Acrílico para Techos;Balde;Mañana;5/6/2025 06:07;5/6/2025 06:36;;;5/6/2025 06:47;5/6/2025 07:25;5/6/2025 07:30;5/6/2025 07:53;5/6/2025 08:08;5/6/2025 09:07;5/6/2025 09:18;5/6/2025 09:53;120;116;0;Conforme;Producción normal
LOT00108;30/11/2024;Sellador Poliuretánico para Juntas;Galón;Mañana;30/11/2024 06:16;30/11/2024 06:34;30/11/2024 06:41;30/11/2024 07:16;30/11/2024 07:18;30/11/2024 08:25;30/11/2024 08:31;30/11/2024 08:52;30/11/2024 08:54;30/11/2024 09:45;30/11/2024 10:00;30/11/2024 10:29;250;242;0;Conforme;Lote conforme a especificaciones
LOT00109;13/9/2024;Esmalte Alto Tráfico Gris;Balde;Tarde;13/9/2024 14:27;13/9/2024 15:15;13/9/2024 15:29;13/9/2024 16:09;13/9/2024 16:14;13/9/2024 16:58;13/9/2024 17:11;13/9/2024 17:36;13/9/2024 17:49;13/9/2024 18:04;13/9/2024 18:06;13/9/2024 18:46;100;99;0;OK;
LOT00110;31/10/2024;Barniz para Madera Brillante;Balde;Noche;;;;;31/10/2024 22:11;31/10/2024 23:07;31/10/2024 23:21;31/10/2024 23:38;31/10/2024 23:52;1/11/2024 00:50;1/11/2024 00:55;1/11/2024 01:13;40;39;1;Aprobado;Sin novedad
LOT00111;1/3/2025;Barniz para Madera Brillante;Tambor;Noche;1/3/2025 22:33;1/3/2025 22:51;1/3/2025 23:06;1/3/2025 23:42;1/3/2025 23:55;2/3/2025 00:18;2/3/2025 00:30;2/3/2025 00:45;2/3/2025 00:53;2/3/2025 01:18;2/3/2025 01:26;2/3/2025 01:44;10;9;1;Ajuste en proceso;Se repasó por molienda adicional 20 min
LOT00112;4/10/2024;Látex Vinílico Interior Blanco;Galón;Tarde;4/10/2024 14:20;4/10/2024 14:53;4/10/2024 15:07;4/10/2024 16:08;4/10/2024 16:15;4/10/2024 16:31;4/10/2024 16:45;4/10/2024 17:02;4/10/2024 17:17;4/10/2024 17:50;4/10/2024 18:05;4/10/2024 18:27;200;192;0;Liberado;
LOT00113;20/2/2025;Recubrimiento Epóxico Alto Sólido;Cuñete;Mañana;20/2/2025 06:38;20/2/2025 07:17;20/2/2025 07:27;20/2/2025 07:49;20/2/2025 08:03;20/2/2025 09:01;20/2/2025 09:14;20/2/2025 09:25;20/2/2025 09:37;20/2/2025 10:23;20/2/2025 10:28;20/2/2025 10:59;120;118;0;Liberado;Lote conforme a especificaciones
LOT00114;10/9/2024;Fondo Anticorrosivo Gris;Cuñete;Noche;10/9/2024 22:28;10/9/2024 22:54;10/9/2024 23:00;10/9/2024 23:40;10/9/2024 23:52;11/9/2024 00:27;11/9/2024 00:33;11/9/2024 00:50;11/9/2024 00:52;11/9/2024 01:36;11/9/2024 01:49;11/9/2024 02:28;100;98;0;Aprobado;Sin novedad
LOT00115;5/12/2024;Sellador Acrílico para Fisuras;Galón;Noche;;;;;5/12/2024 22:45;5/12/2024 23:17;5/12/2024 23:26;5/12/2024 23:41;5/12/2024 23:53;6/12/2024 00:53;6/12/2024 00:58;6/12/2024 01:12;200;196;0;Liberado;
LOT00116;27/2/2025;Esmalte Martillado Negro;Galón;Tarde;27/2/2025 14:45;27/2/2025 15:18;;;27/2/2025 15:27;27/2/2025 15:56;27/2/2025 15:58;27/2/2025 16:12;27/2/2025 16:16;27/2/2025 16:45;27/2/2025 16:53;27/2/2025 17:18;200;190;0;Aprobado;Sin novedad
LOT00117;14/6/2025;Barniz Catalizado Alto Brillo;Balde;Noche;14/6/2025 22:44;14/6/2025 23:23;;;14/6/2025 23:29;15/6/2025 00:49;15/6/2025 00:59;15/6/2025 01:09;15/6/2025 01:17;15/6/2025 01:43;15/6/2025 01:48;15/6/2025 02:16;40;38;0;Liberado;OK
LOT00118;23/4/2025;Recubrimiento Poliuretánico UV;Cuñete;Tarde;23/4/2025 14:22;23/4/2025 14:58;23/4/2025 15:03;23/4/2025 15:41;23/4/2025 15:55;23/4/2025 16:31;23/4/2025 16:34;23/4/2025 17:02;23/4/2025 17:16;23/4/2025 17:49;23/4/2025 18:02;23/4/2025 18:18;40;39;0;Aprobado;
LOT00119;10/1/2025;Recubrimiento Epóxico Piso Industrial;Balde;tarde;10/1/2025 14:09;10/1/2025 14:54;10/1/2025 15:09;10/1/2025 15:33;10/1/2025 15:35;10/1/2025 16:47;10/1/2025 16:52;10/1/2025 17:05;10/1/2025 17:07;10/1/2025 17:57;10/1/2025 18:03;10/1/2025 18:15;40;38;0;Liberado;
LOT00120;3/2/2025;Esmalte Sintético Brillante Blanco;Cuñete;Noche;3/2/2025 22:08;3/2/2025 22:56;3/2/2025 23:04;3/2/2025 23:37;3/2/2025 23:44;4/2/2025 00:29;4/2/2025 00:43;4/2/2025 01:02;4/2/2025 01:15;4/2/2025 01:38;4/2/2025 01:41;4/2/2025 01:57;60;59;0;Aprobado;Sin novedad
LOT00121;1/5/2025;Recubrimiento Epóxico Piso Industrial;tambor;Mañana;1/5/2025 06:40;1/5/2025 07:27;1/5/2025 07:32;1/5/2025 08:31;1/5/2025 08:45;1/5/2025 09:53;1/5/2025 10:06;1/5/2025 10:17;1/5/2025 10:20;1/5/2025 10:58;1/5/2025 11:13;1/5/2025 11:46;25;24;0; Liberado ;OK
LOT00122;10/6/2025;Látex Antihongos para Baños;Galón;Noche;10/6/2025 22:34;10/6/2025 23:24;;;10/6/2025 23:31;11/6/2025 00:33;11/6/2025 00:48;11/6/2025 00:58;11/6/2025 01:08;11/6/2025 01:55;11/6/2025 02:05;11/6/2025 02:41;300;288;0;Conforme;Producción normal
LOT00123;26/5/2025;Látex Vinílico Interior Blanco;Balde;Mañana;26/5/2025 06:21;26/5/2025 06:39;26/5/2025 06:44;26/5/2025 07:23;26/5/2025 07:29;26/5/2025 08:23;26/5/2025 08:35;26/5/2025 09:02;26/5/2025 09:14;26/5/2025 09:31;26/5/2025 09:45;26/5/2025 10:25;60;49;1;Ajuste en proceso;Ajuste de color con pigmento, segunda medición OK
LOT00124;7/9/2024;Recubrimiento Poliuretánico UV;cuñete;Tarde;7/9/2024 14:05;7/9/2024 14:28;7/9/2024 14:32;7/9/2024 15:13;7/9/2024 15:15;7/9/2024 16:06;7/9/2024 16:19;7/9/2024 16:36;7/9/2024 16:51;7/9/2024 17:24;7/9/2024 17:36;7/9/2024 18:00;100;99;0;Aprobado;Producción normal
LOT00125;9/6/2025;Sellador de Silicona Neutra;Balde;Mañana;9/6/2025 06:06;9/6/2025 06:30;9/6/2025 06:45;9/6/2025 07:22;9/6/2025 07:32;9/6/2025 08:39;9/6/2025 08:42;9/6/2025 09:11;9/6/2025 09:21;9/6/2025 10:01;9/6/2025 10:05;9/6/2025 10:30;40;38;0;Aprobado;Sin novedad
LOT00126;22/11/2024;Látex Lavable Mate;Balde;Mañana;22/11/2024 06:26;22/11/2024 07:12;22/11/2024 07:23;22/11/2024 08:03;22/11/2024 08:10;22/11/2024 09:16;22/11/2024 09:21;22/11/2024 09:51;22/11/2024 09:53;22/11/2024 10:11;22/11/2024 10:18;22/11/2024 10:34;80;77;1;OK;
LOT00127;15/4/2025;Recubrimiento Vinil-éster para Tanques;Cuñete;Tarde;15/4/2025 14:26;15/4/2025 14:58;15/4/2025 15:08;15/4/2025 16:02;15/4/2025 16:13;15/4/2025 16:58;15/4/2025 17:12;15/4/2025 17:41;15/4/2025 17:52;15/4/2025 18:35;15/4/2025 18:50;15/4/2025 19:00;120;117;0;Conforme;Rendimiento dentro de lo esperado
LOT00128;21/2/2025;Látex Lavable Mate;Galón;Tarde;21/2/2025 14:41;21/2/2025 14:56;21/2/2025 15:11;21/2/2025 16:06;21/2/2025 16:19;21/2/2025 17:21;21/2/2025 17:35;21/2/2025 18:02;21/2/2025 18:10;21/2/2025 18:51;21/2/2025 19:03;21/2/2025 19:29;300;267;2;Ajuste en proceso;Se repasó por molienda adicional 20 min
LOT00129;28/6/2025;Recubrimiento Vinil-éster para Tanques;Tambor;Mañana;28/6/2025 06:12;28/6/2025 06:30;28/6/2025 06:37;28/6/2025 06:58;28/6/2025 07:06;28/6/2025 07:38;28/6/2025 07:52;28/6/2025 08:15;28/6/2025 08:19;28/6/2025 09:02;28/6/2025 09:08;28/6/2025 09:39;30;29;0;OK;Sin observaciones
lot00130;1/4/2025;Barniz para Madera Brillante;Balde;Noche;1/4/2025 22:37;1/4/2025 22:52;1/4/2025 23:05;1/4/2025 23:58;2/4/2025 00:02;2/4/2025 00:30;2/4/2025 00:35;2/4/2025 00:56;2/4/2025 01:04;2/4/2025 01:33;2/4/2025 01:41;2/4/2025 01:54;60;56;0;Aprobado;OK
LOT00131;21/2/2025;Recubrimiento Vinil-éster para Tanques; Cuñete ;Tarde;21/2/2025 14:28;21/2/2025 14:55;21/2/2025 15:05;21/2/2025 15:35;21/2/2025 15:38;21/2/2025 16:41;21/2/2025 16:51;21/2/2025 17:08;21/2/2025 17:11;21/2/2025 18:11;21/2/2025 18:13;21/2/2025 18:26;40;27;3;Reproceso parcial;Se corrigió fórmula, pendiente segunda aprobación
LOT00132;28/3/2025;Látex Vinílico Interior Blanco;1/4 Galón;Noche;28/3/2025 22:14;28/3/2025 23:03;;;28/3/2025 23:09;28/3/2025 23:24;28/3/2025 23:28;28/3/2025 23:54;29/3/2025 00:01;29/3/2025 00:30;29/3/2025 00:36;29/3/2025 00:59;400;281;30;Ajuste en proceso;Se repasó por molienda adicional 20 min
LOT00133;30/6/2025;esmalte al agua satinado;Galón;Mañana;30/6/2025 06:35;30/6/2025 06:51;30/6/2025 06:57;30/6/2025 07:41;30/6/2025 07:43;30/6/2025 08:06;30/6/2025 08:12;30/6/2025 08:35;30/6/2025 08:50;30/6/2025 09:16;30/6/2025 09:20;30/6/2025 09:49;250;244;1;Aprobado;
LOT00134;8/8/2024;Sellador Poliuretánico para Juntas;Balde;Mañana;;;8/8/2024 06:19;8/8/2024 07:09;8/8/2024 07:21;8/8/2024 08:27;8/8/2024 08:29;8/8/2024 08:52;8/8/2024 08:57;8/8/2024 09:57;8/8/2024 10:05;8/8/2024 10:24;100;97;0;Conforme;
LOT00135;12/8/2024;Sellador de Silicona Neutra;Galón;Mañana;;;;;12/8/2024 06:28;12/8/2024 07:00;12/8/2024 07:02;12/8/2024 07:25;12/8/2024 07:36;12/8/2024 08:29;12/8/2024 08:42;12/8/2024 08:55;250;241;0;Liberado;Rendimiento dentro de lo esperado
LOT00136;11/4/2025;Látex Económico Interior;1/4 Galón;Tarde;11/4/2025 14:03;11/4/2025 14:32;11/4/2025 14:34;11/4/2025 15:01;11/4/2025 15:06;11/4/2025 15:51;11/4/2025 16:03;11/4/2025 16:21;11/4/2025 16:30;11/4/2025 17:30;11/4/2025 17:40;11/4/2025 18:12;600;588;0;OK;OK
LOT00137;16/6/2025;Esmalte Antióxido Rojo Óxido;Balde;Noche;16/6/2025 22:24;16/6/2025 23:07;;;16/6/2025 23:19;16/6/2025 23:37;16/6/2025 23:51;17/6/2025 00:04;17/6/2025 00:17;17/6/2025 00:49;17/6/2025 01:04;17/6/2025 01:14;60;56;0;Aprobado;
LOT00138;3/12/2024;Látex Económico Interior;TAMBOR;Tarde;3/12/2024 14:20;3/12/2024 14:50;3/12/2024 15:05;3/12/2024 16:15;3/12/2024 16:30;3/12/2024 17:16;3/12/2024 17:27;3/12/2024 17:40;3/12/2024 17:49;3/12/2024 18:14;3/12/2024 18:16;3/12/2024 18:54;20;19;1;Liberado;OK
lot00139;20/1/2025;Látex Antihongos para Baños;Galón;Tarde;20/1/2025 14:38;20/1/2025 15:22;20/1/2025 15:27;20/1/2025 16:25;20/1/2025 16:35;20/1/2025 17:24;20/1/2025 17:26;20/1/2025 17:47;20/1/2025 18:01;20/1/2025 18:56;20/1/2025 19:05;20/1/2025 19:44;200;193;0;APROBADO;
LOT00140;28/6/2025;Barniz Catalizado Alto Brillo;Tambor;Noche;28/6/2025 22:29;28/6/2025 23:01;;;28/6/2025 23:03;28/6/2025 23:47;28/6/2025 23:52;29/6/2025 00:10;29/6/2025 00:23;29/6/2025 01:01;29/6/2025 01:07;29/6/2025 01:21;25;24;0; conforme ;Rendimiento dentro de lo esperado
LOT00141;22/1/2025;Fondo Anticorrosivo Gris;Tambor;NOCHE;22/1/2025 22:09;22/1/2025 22:45;22/1/2025 22:51;22/1/2025 23:58;23/1/2025 00:04;23/1/2025 01:22;23/1/2025 01:25;23/1/2025 01:40;23/1/2025 01:46;23/1/2025 02:44;23/1/2025 02:58;23/1/2025 03:10;30;29;0;Conforme;Producción normal
LOT00142;6/2/2025;Látex Vinílico Interior Blanco;Balde;Tarde;6/2/2025 14:02;6/2/2025 14:37;;;6/2/2025 14:48;6/2/2025 15:28;6/2/2025 15:34;6/2/2025 15:48;6/2/2025 15:51;6/2/2025 16:38;6/2/2025 16:42;6/2/2025 17:04;120;98;8;Ajuste en proceso;pH bajo, se adicionó amoniaco hasta rango
LOT00143;29/1/2025;Sellador Poliuretánico para Juntas;Balde;Tarde;29/1/2025 14:05;29/1/2025 14:47;29/1/2025 14:49;29/1/2025 15:53;29/1/2025 16:02;29/1/2025 16:22;29/1/2025 16:27;29/1/2025 16:46;29/1/2025 16:52;29/1/2025 17:44;29/1/2025 17:59;29/1/2025 18:38;60;58;0;OK;Sin observaciones
LOT00144;12/6/2025;Esmalte Antióxido Rojo Óxido;Galón;Tarde;12/6/2025 14:10;12/6/2025 14:54;12/6/2025 15:06;12/6/2025 15:54;12/6/2025 16:01;12/6/2025 17:04;12/6/2025 17:16;12/6/2025 17:37;12/6/2025 17:43;12/6/2025 18:24;12/6/2025 18:30;12/6/2025 18:43;300;292;0;Aprobado;Producción normal
LOT00145;16/1/2025;Sellador de Silicona Neutra;Galón;Tarde;;;16/1/2025 14:14;16/1/2025 14:49;16/1/2025 15:00;16/1/2025 15:55;16/1/2025 16:05;16/1/2025 16:18;16/1/2025 16:23;16/1/2025 16:49;16/1/2025 16:52;16/1/2025 17:05;100;98;0;Liberado;OK
LOT00146;15/1/2025;Esmalte Alto Tráfico Gris;Galón;Noche;15/1/2025 22:07;15/1/2025 22:49;15/1/2025 23:04;15/1/2025 23:35;15/1/2025 23:48;16/1/2025 00:18;16/1/2025 00:21;16/1/2025 00:43;16/1/2025 00:46;16/1/2025 01:27;16/1/2025 01:38;16/1/2025 02:02;300;287;0;ok;
LOT00147;8/1/2025;Sellador de Silicona Neutra;1/4 Galón;Tarde;;;;;8/1/2025 14:32;8/1/2025 15:01;8/1/2025 15:03;8/1/2025 15:31;8/1/2025 15:35;8/1/2025 16:04;8/1/2025 16:15;8/1/2025 16:44;500;485;0;OK;Sin novedad
LOT00148;14/5/2025;Látex Vinílico Interior Blanco;Balde;Mañana;14/5/2025 06:41;14/5/2025 07:27;14/5/2025 07:37;14/5/2025 08:25;14/5/2025 08:31;14/5/2025 09:12;14/5/2025 09:21;14/5/2025 09:33;14/5/2025 09:42;14/5/2025 10:28;14/5/2025 10:33;14/5/2025 11:02;100;98;0;OK;Sin novedad
LOT00149;21/10/2024;Recubrimiento Vinil-éster para Tanques;Cuñete;Noche;21/10/2024 22:21;21/10/2024 23:05;21/10/2024 23:18;21/10/2024 23:55;22/10/2024 00:06;22/10/2024 00:53;22/10/2024 01:01;22/10/2024 01:29;22/10/2024 01:41;22/10/2024 02:39;22/10/2024 02:44;22/10/2024 02:58;100;97;0;OK;Lote conforme a especificaciones
LOT00150;11/2/2025;Látex Económico Interior;Cuñete;Mañana;11/2/2025 06:24;11/2/2025 07:00;;;11/2/2025 07:13;11/2/2025 08:07;11/2/2025 08:20;11/2/2025 08:46;11/2/2025 08:48;11/2/2025 09:26;11/2/2025 09:37;11/2/2025 10:03;60;57;0;OK;Sin novedad
LOT00151;28/4/2025;Anticorrosivo Base Zinc Inorgánico;Tambor;Mañana;28/4/2025 06:31;28/4/2025 07:01;28/4/2025 07:04;28/4/2025 07:37;28/4/2025 07:39;28/4/2025 08:00;28/4/2025 08:05;28/4/2025 08:25;28/4/2025 08:28;28/4/2025 09:16;28/4/2025 09:28;28/4/2025 09:56;15;15;0;Conforme;
LOT00152;13/6/2025;Sellador Poliuretánico para Juntas;Galón;Noche;13/6/2025 22:07;13/6/2025 22:37;13/6/2025 22:52;13/6/2025 23:54;14/6/2025 00:08;14/6/2025 01:27;14/6/2025 01:41;14/6/2025 01:51;14/6/2025 02:05;14/6/2025 02:31;14/6/2025 02:35;14/6/2025 03:02;150;125;10;En reproceso;Se repasó por molienda adicional 20 min
LOT00153;29/1/2025;Recubrimiento Vinil-éster para Tanques;Tambor;Noche;29/1/2025 22:36;29/1/2025 22:51;29/1/2025 22:53;30/1/2025 00:03;30/1/2025 00:09;30/1/2025 00:31;30/1/2025 00:41;30/1/2025 00:51;30/1/2025 01:03;30/1/2025 01:22;30/1/2025 01:37;30/1/2025 02:11;10;9;0;OK;Rendimiento dentro de lo esperado
LOT00154;22/5/2025;Anticorrosivo Marino Bicomponente;Cuñete;Noche;22/5/2025 22:43;22/5/2025 23:10;22/5/2025 23:20;22/5/2025 23:58;23/5/2025 00:09;23/5/2025 00:48;23/5/2025 00:58;23/5/2025 01:15;23/5/2025 01:21;23/5/2025 01:42;23/5/2025 01:47;23/5/2025 02:14;100;74;8;REPROCESO PARCIAL; reproceso parcial: se filtró y re-envasó 
LOT00155;21/2/2025;Anticorrosivo Marino Bicomponente; Tambor ;Mañana;21/2/2025 06:02;21/2/2025 06:29;21/2/2025 06:31;21/2/2025 07:01;21/2/2025 07:14;21/2/2025 07:30;21/2/2025 07:38;21/2/2025 07:55;21/2/2025 08:07;21/2/2025 08:26;21/2/2025 08:35;21/2/2025 08:59;25;24;0;Liberado;OK
LOT00156;29/5/2025;Recubrimiento Poliuretánico para Piso;Balde;Mañana;29/5/2025 06:22;29/5/2025 06:55;29/5/2025 07:01;29/5/2025 07:27;29/5/2025 07:41;29/5/2025 08:11;29/5/2025 08:20;29/5/2025 08:33;29/5/2025 08:46;29/5/2025 09:31;29/5/2025 09:33;29/5/2025 09:45;60;58;0;OK;OK
LOT00157;31/8/2024;Barniz Catalizado Alto Brillo;Galón;Mañana;31/8/2024 06:13;31/8/2024 06:39;31/8/2024 06:54;31/8/2024 07:24;31/8/2024 07:28;31/8/2024 08:20;31/8/2024 08:24;31/8/2024 08:41;31/8/2024 08:46;31/8/2024 09:27;31/8/2024 09:33;31/8/2024 09:49;100;95;2;OK;Rendimiento dentro de lo esperado
LOT00158;9/5/2025;Recubrimiento Epóxico Alto Sólido;Balde;Noche;9/5/2025 22:42;9/5/2025 23:25;9/5/2025 23:29;10/5/2025 00:08;10/5/2025 00:18;10/5/2025 01:15;10/5/2025 01:30;10/5/2025 01:48;10/5/2025 02:02;10/5/2025 02:43;10/5/2025 02:52;10/5/2025 03:25;60;59;0;Conforme;Sin novedad
LOT00159;9/12/2024;Esmalte Martillado Negro;Cuñete;Tarde;9/12/2024 14:31;9/12/2024 14:51;9/12/2024 14:57;9/12/2024 15:19;9/12/2024 15:23;9/12/2024 16:35;9/12/2024 16:37;9/12/2024 16:51;9/12/2024 16:54;9/12/2024 17:17;9/12/2024 17:23;9/12/2024 17:37;120;90;3;Ajuste en proceso;Se adicionó solvente para ajustar viscosidad
LOT00160;27/5/2025;Látex Acrílico Exterior Premium;Balde;Noche;27/5/2025 22:39;27/5/2025 23:23;27/5/2025 23:34;28/5/2025 00:37;28/5/2025 00:40;28/5/2025 01:00;28/5/2025 01:15;28/5/2025 01:36;28/5/2025 01:45;28/5/2025 02:28;28/5/2025 02:37;28/5/2025 02:47;120;113;0;Liberado;
LOT00161;27/9/2024;Anticorrosivo Epóxico Industrial;Tambor;Tarde;27/9/2024 14:27;27/9/2024 14:43;27/9/2024 14:56;27/9/2024 16:02;27/9/2024 16:08;27/9/2024 17:03;27/9/2024 17:15;27/9/2024 17:39;27/9/2024 17:42;27/9/2024 18:32;27/9/2024 18:44;27/9/2024 19:20;15;14;0;OK; producción normal 
LOT00162;2/4/2025;Barniz Marino Poliuretánico;Cuñete;Mañana;2/4/2025 06:09;2/4/2025 06:30;2/4/2025 06:40;2/4/2025 07:18;2/4/2025 07:31;2/4/2025 08:26;2/4/2025 08:34;2/4/2025 08:46;2/4/2025 08:55;2/4/2025 09:45;2/4/2025 09:54;2/4/2025 10:09;60;59;0;Aprobado;
LOT00163;31/10/2024;Sellador Acrílico para Fisuras;Balde;noche;;;;;31/10/2024 22:14;31/10/2024 23:25;31/10/2024 23:39;1/11/2024 00:01;1/11/2024 00:16;1/11/2024 01:03;1/11/2024 01:07;1/11/2024 01:20;120;117;0;OK;
LOT00164;25/3/2025;Sellador Poliuretánico para Juntas;1/4 Galón;tarde;25/3/2025 14:28;25/3/2025 15:09;;;25/3/2025 15:12;25/3/2025 15:33;25/3/2025 15:43;25/3/2025 16:10;25/3/2025 16:15;25/3/2025 16:50;25/3/2025 16:58;25/3/2025 17:16;200;171;10;Ajuste en proceso;Ajuste de color con pigmento, segunda medición OK
LOT00165;29/7/2024;Sellador Poliuretánico para Juntas;Tambor;Tarde;29/7/2024 14:44;29/7/2024 15:22;29/7/2024 15:31;29/7/2024 15:56;29/7/2024 16:04;29/7/2024 17:23;29/7/2024 17:31;29/7/2024 17:54;29/7/2024 18:05;29/7/2024 18:40;29/7/2024 18:48;29/7/2024 19:27;10;9;0;Conforme;Rendimiento dentro de lo esperado
LOT00166;30/9/2024;Recubrimiento Epóxico Alto Sólido;Tambor;Tarde;30/9/2024 14:39;30/9/2024 15:08;30/9/2024 15:20;30/9/2024 15:58;30/9/2024 16:08;30/9/2024 16:25;30/9/2024 16:31;30/9/2024 16:43;30/9/2024 16:47;30/9/2024 17:03;30/9/2024 17:14;30/9/2024 17:46;20;19;0;Aprobado;Producción normal
LOT00167;24/2/2025;Látex Vinílico Interior Blanco;Galón;TARDE;24/2/2025 14:27;24/2/2025 14:47;24/2/2025 14:51;24/2/2025 15:27;24/2/2025 15:33;24/2/2025 15:58;24/2/2025 16:09;24/2/2025 16:32;24/2/2025 16:40;24/2/2025 17:35;24/2/2025 17:39;24/2/2025 18:18;200;191;1;Liberado;
LOT00168;13/7/2024;Barniz Catalizado Alto Brillo;Tambor;Mañana;13/7/2024 06:39;13/7/2024 07:12;13/7/2024 07:23;13/7/2024 07:58;13/7/2024 08:04;13/7/2024 08:30;13/7/2024 08:45;13/7/2024 09:00;13/7/2024 09:04;13/7/2024 09:41;13/7/2024 09:44;13/7/2024 09:57;10;8;0;Liberado;Turno sin incidentes
LOT00169;11/9/2024;Esmalte Alto Tráfico Gris;Galón;Tarde;11/9/2024 14:34;11/9/2024 14:59;11/9/2024 15:11;11/9/2024 16:06;11/9/2024 16:13;11/9/2024 17:20;11/9/2024 17:25;11/9/2024 17:38;11/9/2024 17:47;11/9/2024 18:47;11/9/2024 19:02;11/9/2024 19:23;200;159;4;Reproceso parcial;Ajuste de color con pigmento, segunda medición OK
LOT00170;5/9/2024;Anticorrosivo Epóxico Industrial;Galón;Tarde;5/9/2024 14:42;5/9/2024 15:06;5/9/2024 15:21;5/9/2024 16:16;5/9/2024 16:21;5/9/2024 17:30;5/9/2024 17:45;5/9/2024 18:02;5/9/2024 18:10;5/9/2024 18:52;5/9/2024 18:56;5/9/2024 19:12;250;246;0;Aprobado;Lote conforme a especificaciones
lot00171;24/2/2025;Látex Acrílico Exterior Premium; 1/4 Galón ;Mañana;24/2/2025 06:22;24/2/2025 06:38;24/2/2025 06:45;24/2/2025 07:16;24/2/2025 07:29;24/2/2025 08:37;24/2/2025 08:42;24/2/2025 09:09;24/2/2025 09:19;24/2/2025 10:12;24/2/2025 10:21;24/2/2025 10:39;300;292;0;Conforme;Sin observaciones
LOT00172;14/9/2024;Látex Antihongos para Baños;Cuñete;Mañana;14/9/2024 06:16;14/9/2024 06:45;;;14/9/2024 06:52;14/9/2024 07:46;14/9/2024 07:56;14/9/2024 08:06;14/9/2024 08:14;14/9/2024 09:14;14/9/2024 09:24;14/9/2024 09:59;80;77;0;Aprobado;Rendimiento dentro de lo esperado
 LOT00173 ;10/9/2024;Sellador Acrílico para Techos;Balde;Mañana;10/9/2024 06:28;10/9/2024 07:04;;;10/9/2024 07:19;10/9/2024 08:01;10/9/2024 08:12;10/9/2024 08:29;10/9/2024 08:44;10/9/2024 09:06;10/9/2024 09:12;10/9/2024 09:34;60;57;0;OK;Sin novedad
LOT00174;27/5/2025;Barniz Catalizado Alto Brillo;Galón;Mañana;27/5/2025 06:40;27/5/2025 07:18;27/5/2025 07:30;27/5/2025 08:27;27/5/2025 08:35;27/5/2025 09:15;27/5/2025 09:23;27/5/2025 09:50;27/5/2025 10:00;27/5/2025 10:36;27/5/2025 10:45;27/5/2025 11:07;200;191;1;OK;OK
LOT00175;18/10/2024;Sellador Acrílico para Techos;Galón;Noche;;;;;18/10/2024 22:42;18/10/2024 23:13;18/10/2024 23:17;18/10/2024 23:33;18/10/2024 23:38;19/10/2024 00:27;19/10/2024 00:39;19/10/2024 00:57;300;294;1;OK;Lote conforme a especificaciones
LOT00176;27/3/2025;Esmalte al Agua Satinado;1/4 Galón;TARDE;27/3/2025 14:06;27/3/2025 14:56;27/3/2025 15:02;27/3/2025 16:10;27/3/2025 16:24;27/3/2025 17:16;27/3/2025 17:21;27/3/2025 17:35;27/3/2025 17:49;27/3/2025 18:48;27/3/2025 19:00;27/3/2025 19:28;400;389;0;Conforme;Turno sin incidentes
lot00177;21/11/2024;Látex Económico Interior;Galón;Mañana;21/11/2024 06:36;21/11/2024 06:56;21/11/2024 06:58;21/11/2024 08:06;21/11/2024 08:09;21/11/2024 08:48;21/11/2024 08:51;21/11/2024 09:10;21/11/2024 09:13;21/11/2024 10:12;21/11/2024 10:17;21/11/2024 10:50;150;78;11;No conforme;Contaminación detectada, lote aislado
LOT00178;27/9/2024;Esmalte al Agua Satinado;Cuñete;Tarde;27/9/2024 14:25;27/9/2024 14:44;27/9/2024 14:57;27/9/2024 15:21;27/9/2024 15:30;27/9/2024 16:28;27/9/2024 16:39;27/9/2024 16:52;27/9/2024 17:05;27/9/2024 17:41;27/9/2024 17:51;27/9/2024 18:28;40;33;3;Ajuste en proceso;pH bajo, se adicionó amoniaco hasta rango
LOT00179;20/7/2024;Recubrimiento Vinil-éster para Tanques;Tambor;Tarde;20/7/2024 14:43;20/7/2024 15:03;20/7/2024 15:16;20/7/2024 15:37;20/7/2024 15:51;20/7/2024 16:38;20/7/2024 16:44;20/7/2024 17:09;20/7/2024 17:22;20/7/2024 18:20;20/7/2024 18:26;20/7/2024 18:39;25;23;0;OK;
 LOT00180 ;26/6/2025;Recubrimiento Poliuretánico UV;Tambor;MAÑANA;26/6/2025 06:14;26/6/2025 06:37;26/6/2025 06:47;26/6/2025 07:52;26/6/2025 07:55;26/6/2025 08:32;26/6/2025 08:43;26/6/2025 09:06;26/6/2025 09:14;26/6/2025 10:03;26/6/2025 10:11;26/6/2025 10:44;20;19;0;OK;
LOT00181;28/6/2025;Látex Vinílico Interior Blanco;Balde;Noche;28/6/2025 22:33;28/6/2025 23:06;;;28/6/2025 23:20;28/6/2025 23:43;28/6/2025 23:48;29/6/2025 00:14;29/6/2025 00:19;29/6/2025 00:50;29/6/2025 00:55;29/6/2025 01:06;80;76;0;conforme;OK
LOT00182;10/5/2025;Recubrimiento Epóxico Piso Industrial;Tambor;noche;10/5/2025 22:17;10/5/2025 22:56;10/5/2025 23:06;10/5/2025 23:48;11/5/2025 00:03;11/5/2025 01:09;11/5/2025 01:14;11/5/2025 01:33;11/5/2025 01:43;11/5/2025 02:36;11/5/2025 02:50;11/5/2025 03:10;10;8;0;Aprobado;Sin novedad
LOT00183;5/11/2024;Sellador Poliuretánico para Juntas;Balde;Mañana;5/11/2024 06:08;5/11/2024 06:57;;;5/11/2024 07:11;5/11/2024 08:00;5/11/2024 08:15;5/11/2024 08:37;5/11/2024 08:50;5/11/2024 09:25;5/11/2024 09:29;5/11/2024 10:06;40;37;0;Liberado;Rendimiento dentro de lo esperado
LOT00184;22/4/2025;Anticorrosivo Epóxico Industrial;Cuñete;Tarde;22/4/2025 14:27;22/4/2025 15:03;22/4/2025 15:09;22/4/2025 15:38;22/4/2025 15:40;22/4/2025 16:02;22/4/2025 16:09;22/4/2025 16:32;22/4/2025 16:41;22/4/2025 17:00;22/4/2025 17:03;22/4/2025 17:26;80;77;0;Conforme;Producción normal
LOT00185;5/3/2025;Látex Vinílico Interior Blanco;Balde;Tarde;5/3/2025 14:24;5/3/2025 15:04;5/3/2025 15:07;5/3/2025 15:41;5/3/2025 15:55;5/3/2025 17:07;5/3/2025 17:20;5/3/2025 17:36;5/3/2025 17:51;5/3/2025 18:26;5/3/2025 18:33;5/3/2025 19:08;40;38;0;Liberado;
LOT00186;18/1/2025; Sellador Acrílico para Techos ;Balde;Mañana;18/1/2025 06:16;18/1/2025 07:00;;;18/1/2025 07:15;18/1/2025 08:08;18/1/2025 08:19;18/1/2025 08:46;18/1/2025 08:52;18/1/2025 09:40;18/1/2025 09:54;18/1/2025 10:07;80;79;1;Liberado;OK
LOT00187;20/1/2025;Sellador Acrílico para Fisuras;Galón;Mañana;20/1/2025 06:06;20/1/2025 06:36;;;20/1/2025 06:46;20/1/2025 07:38;20/1/2025 07:44;20/1/2025 07:57;20/1/2025 08:05;20/1/2025 09:00;20/1/2025 09:12;20/1/2025 09:52;150;144;0;Aprobado;Lote conforme a especificaciones
LOT00188;7/6/2025;Látex Económico Interior;Galón;Mañana;7/6/2025 06:31;7/6/2025 07:16;;;7/6/2025 07:25;7/6/2025 08:12;7/6/2025 08:16;7/6/2025 08:28;7/6/2025 08:32;7/6/2025 08:51;7/6/2025 09:00;7/6/2025 09:20;300;288;0;Aprobado;Sin novedad
LOT00189;18/7/2024;Sellador de Silicona Neutra;Cuñete;Tarde;;;18/7/2024 14:16;18/7/2024 14:48;18/7/2024 14:54;18/7/2024 15:36;18/7/2024 15:48;18/7/2024 16:01;18/7/2024 16:09;18/7/2024 16:40;18/7/2024 16:51;18/7/2024 17:26;60;59;0;Aprobado;Sin novedad
lot00190;14/8/2024;Recubrimiento Vinil-éster para Tanques;Cuñete;Tarde;14/8/2024 14:00;14/8/2024 14:38;14/8/2024 14:43;14/8/2024 15:51;14/8/2024 16:03;14/8/2024 16:42;14/8/2024 16:54;14/8/2024 17:15;14/8/2024 17:27;14/8/2024 17:57;14/8/2024 17:59;14/8/2024 18:39;40;29;7;No conforme;Densidad fuera de especificación
LOT00191;21/8/2024;Esmalte Martillado Negro;Balde;Mañana;21/8/2024 06:31;21/8/2024 07:11;21/8/2024 07:25;21/8/2024 07:57;21/8/2024 08:06;21/8/2024 08:35;21/8/2024 08:38;21/8/2024 08:56;21/8/2024 09:02;21/8/2024 09:56;21/8/2024 09:58;21/8/2024 10:23;100;96;0;APROBADO;Sin novedad
LOT00192;26/7/2024;Sellador de Silicona Neutra;Balde;Tarde;26/7/2024 14:25;26/7/2024 15:00;;;26/7/2024 15:14;26/7/2024 16:16;26/7/2024 16:31;26/7/2024 16:45;26/7/2024 16:47;26/7/2024 17:45;26/7/2024 17:54;26/7/2024 18:21;80;77;0;Conforme;OK
LOT00193;6/5/2025;Látex Lavable Mate;1/4 Galón;Tarde;6/5/2025 14:26;6/5/2025 15:04;6/5/2025 15:16;6/5/2025 15:37;6/5/2025 15:46;6/5/2025 16:12;6/5/2025 16:23;6/5/2025 16:37;6/5/2025 16:41;6/5/2025 17:40;6/5/2025 17:53;6/5/2025 18:07;500;493;0;Aprobado;Lote conforme a especificaciones
LOT00194;15/7/2024;Látex Antihongos para Baños;Balde;Noche;15/7/2024 22:01;15/7/2024 22:41;;;15/7/2024 22:47;16/7/2024 00:06;16/7/2024 00:10;16/7/2024 00:29;16/7/2024 00:38;16/7/2024 00:54;16/7/2024 01:04;16/7/2024 01:38;80;54;4;Rechazado;Densidad fuera de especificación
LOT00195;28/2/2025;Esmalte Alto Tráfico Gris;Balde;Tarde;28/2/2025 14:41;28/2/2025 15:14;28/2/2025 15:20;28/2/2025 15:52;28/2/2025 16:03;28/2/2025 17:01;28/2/2025 17:14;28/2/2025 17:35;28/2/2025 17:47;28/2/2025 18:47;28/2/2025 18:57;28/2/2025 19:14;40;38;0;Liberado;
LOT00196;20/3/2025;Recubrimiento Epóxico Alto Sólido;Balde;TARDE;20/3/2025 14:22;20/3/2025 14:58;20/3/2025 15:12;20/3/2025 15:48;20/3/2025 15:50;20/3/2025 16:54;20/3/2025 16:58;20/3/2025 17:14;20/3/2025 17:21;20/3/2025 17:49;20/3/2025 18:01;20/3/2025 18:32;120;118;0;Liberado;
LOT00197;24/2/2025;Sellador Poliuretánico para Juntas;Balde; Tarde ;;;24/2/2025 14:23;24/2/2025 15:23;24/2/2025 15:33;24/2/2025 16:19;24/2/2025 16:33;24/2/2025 17:03;24/2/2025 17:11;24/2/2025 17:49;24/2/2025 17:53;24/2/2025 18:30;80;78;0;Liberado;Sin novedad
LOT00198;30/5/2025;Látex Texturizado para Fachadas;Tambor;Tarde;30/5/2025 14:45;30/5/2025 15:17;30/5/2025 15:28;30/5/2025 15:59;30/5/2025 16:09;30/5/2025 16:58;30/5/2025 17:08;30/5/2025 17:32;30/5/2025 17:45;30/5/2025 18:00;30/5/2025 18:13;30/5/2025 18:38;10;9;1;Aprobado;
LOT00199;24/1/2025; Sellador Acrílico para Techos ;1/4 GALÓN;Tarde;24/1/2025 14:42;24/1/2025 15:17;;;24/1/2025 15:30;24/1/2025 16:09;24/1/2025 16:16;24/1/2025 16:28;24/1/2025 16:41;24/1/2025 17:05;24/1/2025 17:10;24/1/2025 17:40;500;382;91;Rechazado;Grumos detectados en control visual
LOT00200;2/10/2024;Recubrimiento Poliuretánico para Piso;Cuñete;Tarde;2/10/2024 14:13;2/10/2024 14:46;2/10/2024 14:53;2/10/2024 16:01;2/10/2024 16:08;2/10/2024 17:21;2/10/2024 17:30;2/10/2024 17:48;2/10/2024 18:00;2/10/2024 18:46;2/10/2024 18:59;2/10/2024 19:24;80;77;0;Conforme;Lote conforme a especificaciones
LOT00201;14/3/2025;Esmalte Alto Tráfico Gris;Galón;Tarde;14/3/2025 14:02;14/3/2025 14:42;14/3/2025 14:53;14/3/2025 16:02;14/3/2025 16:07;14/3/2025 17:21;14/3/2025 17:25;14/3/2025 17:50;14/3/2025 18:03;14/3/2025 18:56;14/3/2025 19:03;14/3/2025 19:30;150;119;12;Devuelto a reproceso;Grumos detectados en control visual
lot00202;21/5/2025;Esmalte Martillado Negro;Galón; Tarde ;21/5/2025 14:12;21/5/2025 14:56;21/5/2025 15:10;21/5/2025 15:58;21/5/2025 16:02;21/5/2025 16:44;21/5/2025 16:49;21/5/2025 17:10;21/5/2025 17:14;21/5/2025 17:38;21/5/2025 17:51;21/5/2025 18:19;150;146;0;OK;
LOT00203;20/7/2024;Fondo Anticorrosivo Gris;Cuñete;Tarde;20/7/2024 14:24;20/7/2024 15:14;20/7/2024 15:29;20/7/2024 16:28;20/7/2024 16:40;20/7/2024 17:56;20/7/2024 18:07;20/7/2024 18:24;20/7/2024 18:26;20/7/2024 19:00;20/7/2024 19:10;20/7/2024 19:42;120;116;0;Aprobado;Rendimiento dentro de lo esperado
LOT00204;24/9/2024;Anticorrosivo Zincromato Amarillo;Cuñete;Noche;24/9/2024 22:10;24/9/2024 22:27;24/9/2024 22:30;24/9/2024 23:32;24/9/2024 23:36;25/9/2024 00:29;25/9/2024 00:37;25/9/2024 01:05;25/9/2024 01:18;25/9/2024 01:38;25/9/2024 01:48;25/9/2024 02:16;120;117;0;OK;
LOT00205;23/10/2024;Recubrimiento Poliuretánico para Piso;Cuñete;Tarde;23/10/2024 14:14;23/10/2024 15:02;23/10/2024 15:16;23/10/2024 16:02;23/10/2024 16:08;23/10/2024 16:34;23/10/2024 16:46;23/10/2024 16:57;23/10/2024 17:12;23/10/2024 17:39;23/10/2024 17:46;23/10/2024 18:11;80;77;0;Liberado;Lote conforme a especificaciones
LOT00206;25/7/2024;Barniz Marino Transparente;1/4 galón;Noche;25/7/2024 22:02;25/7/2024 22:17;25/7/2024 22:23;25/7/2024 23:10;25/7/2024 23:13;25/7/2024 23:32;25/7/2024 23:44;26/7/2024 00:04;26/7/2024 00:08;26/7/2024 00:27;26/7/2024 00:33;26/7/2024 01:11;500;492;0;Conforme;
LOT00207;23/8/2024;Esmalte Alto Tráfico Gris;Balde;Tarde;23/8/2024 14:23;23/8/2024 15:02;23/8/2024 15:15;23/8/2024 15:59;23/8/2024 16:14;23/8/2024 16:43;23/8/2024 16:46;23/8/2024 17:02;23/8/2024 17:10;23/8/2024 17:41;23/8/2024 17:53;23/8/2024 18:12;120;115;0;Conforme;Sin observaciones
LOT00208;4/3/2025;Látex Antihongos para Baños;Galón;Mañana;4/3/2025 06:16;4/3/2025 06:45;4/3/2025 06:50;4/3/2025 07:23;4/3/2025 07:32;4/3/2025 08:13;4/3/2025 08:27;4/3/2025 08:51;4/3/2025 08:57;4/3/2025 09:44;4/3/2025 09:58;4/3/2025 10:12;100;99;1; Conforme ;
LOT00209;29/11/2024;Sellador Acrílico para Techos;Balde;Tarde;29/11/2024 14:06;29/11/2024 14:33;29/11/2024 14:47;29/11/2024 15:51;29/11/2024 15:53;29/11/2024 16:08;29/11/2024 16:14;29/11/2024 16:43;29/11/2024 16:54;29/11/2024 17:41;29/11/2024 17:45;29/11/2024 17:56;80;59;5;En reproceso;Ajuste de color con pigmento, segunda medición OK
LOT00210;10/2/2025;Recubrimiento Poliuretánico para Piso;Galón;Tarde;10/2/2025 14:26;10/2/2025 15:12;10/2/2025 15:25;10/2/2025 15:48;10/2/2025 16:00;10/2/2025 17:02;10/2/2025 17:13;10/2/2025 17:40;10/2/2025 17:42;10/2/2025 18:33;10/2/2025 18:46;10/2/2025 19:14;250;242;0;Conforme;Producción normal
LOT00211;31/7/2024;Fondo Anticorrosivo Gris;Cuñete;Mañana;31/7/2024 06:07;31/7/2024 06:45;31/7/2024 06:48;31/7/2024 07:36;31/7/2024 07:45;31/7/2024 08:57;31/7/2024 09:01;31/7/2024 09:23;31/7/2024 09:30;31/7/2024 09:55;31/7/2024 10:01;31/7/2024 10:25;120;118;0;Aprobado;Turno sin incidentes
LOT00212;27/1/2025;Sellador de Silicona Neutra;Cuñete;Tarde;27/1/2025 14:01;27/1/2025 14:42;27/1/2025 14:54;27/1/2025 15:44;27/1/2025 15:53;27/1/2025 16:50;27/1/2025 16:58;27/1/2025 17:26;27/1/2025 17:40;27/1/2025 18:00;27/1/2025 18:13;27/1/2025 18:40;120;118;0;liberado;Producción normal
LOT00213;5/11/2024;Látex Texturizado para Fachadas;Balde;Tarde;5/11/2024 14:25;5/11/2024 15:12;5/11/2024 15:25;5/11/2024 16:22;5/11/2024 16:34;5/11/2024 17:00;5/11/2024 17:05;5/11/2024 17:32;5/11/2024 17:39;5/11/2024 18:09;5/11/2024 18:17;5/11/2024 18:29;120;114;0;OK;OK
LOT00214;20/11/2024;recubrimiento epóxico alto sólido;Balde;Mañana;20/11/2024 06:12;20/11/2024 06:50;20/11/2024 06:56;20/11/2024 07:38;20/11/2024 07:53;20/11/2024 08:26;20/11/2024 08:40;20/11/2024 08:54;20/11/2024 08:57;20/11/2024 09:56;20/11/2024 09:58;20/11/2024 10:35;60;57;0;Conforme;
LOT00215;19/7/2024;Látex Texturizado para Fachadas;1/4 Galón;Mañana;19/7/2024 06:07;19/7/2024 06:28;;;19/7/2024 06:35;19/7/2024 07:55;19/7/2024 08:01;19/7/2024 08:19;19/7/2024 08:26;19/7/2024 09:24;19/7/2024 09:35;19/7/2024 09:48;500;499;0; Conforme ;Turno sin incidentes
LOT00216;17/2/2025;Barniz para Madera Brillante;Cuñete;Noche;17/2/2025 22:11;17/2/2025 22:56;17/2/2025 23:07;18/2/2025 00:17;18/2/2025 00:31;18/2/2025 01:48;18/2/2025 02:01;18/2/2025 02:14;18/2/2025 02:18;18/2/2025 02:44;18/2/2025 02:51;18/2/2025 03:27;80;78;0;Liberado;Lote conforme a especificaciones
LOT00217;5/10/2024;Recubrimiento Vinil-éster para Tanques;Tambor;Tarde;5/10/2024 14:09;5/10/2024 14:29;5/10/2024 14:38;5/10/2024 15:36;5/10/2024 15:50;5/10/2024 16:37;5/10/2024 16:46;5/10/2024 17:08;5/10/2024 17:23;5/10/2024 18:00;5/10/2024 18:02;5/10/2024 18:37;20;18;0;Liberado;OK
LOT00218;3/7/2024;Recubrimiento Epóxico Piso Industrial;Tambor;Mañana;3/7/2024 06:10;3/7/2024 06:28;3/7/2024 06:37;3/7/2024 07:34;3/7/2024 07:36;3/7/2024 07:58;3/7/2024 08:09;3/7/2024 08:20;3/7/2024 08:30;3/7/2024 09:03;3/7/2024 09:10;3/7/2024 09:20;15;12;1;Ajuste en proceso;Reproceso parcial: se filtró y re-envasó
LOT00219;20/6/2025; Barniz Marino Transparente ;Cuñete;Tarde;20/6/2025 14:34;20/6/2025 14:59;;;20/6/2025 15:05;20/6/2025 15:28;20/6/2025 15:33;20/6/2025 15:56;20/6/2025 15:59;20/6/2025 16:53;20/6/2025 16:59;20/6/2025 17:24;60;42;2;En reproceso;Se repasó por molienda adicional 20 min
 LOT00220 ;26/11/2024;Barniz para Madera Brillante;Cuñete;Mañana;26/11/2024 06:35;26/11/2024 07:19;26/11/2024 07:24;26/11/2024 08:27;26/11/2024 08:32;26/11/2024 09:44;26/11/2024 09:52;26/11/2024 10:09;26/11/2024 10:12;26/11/2024 11:04;26/11/2024 11:17;26/11/2024 11:46;80;78;0;Aprobado;Turno sin incidentes
LOT00221;25/3/2025;sellador poliuretánico para juntas;Galón;Tarde;;;;;25/3/2025 14:50;25/3/2025 15:40;25/3/2025 15:52;25/3/2025 16:11;25/3/2025 16:23;25/3/2025 17:04;25/3/2025 17:06;25/3/2025 17:29;150;144;0;Aprobado;Producción normal
 LOT00222 ;17/2/2025;Esmalte al Agua Satinado;Balde;Noche;17/2/2025 22:12;17/2/2025 22:49;17/2/2025 22:53;17/2/2025 23:48;18/2/2025 00:02;18/2/2025 01:08;18/2/2025 01:10;18/2/2025 01:26;18/2/2025 01:35;18/2/2025 02:10;18/2/2025 02:13;18/2/2025 02:29;60;58;0;Aprobado;Sin observaciones
LOT00223;12/10/2024;ANTICORROSIVO EPÓXICO INDUSTRIAL;Cuñete;Mañana;12/10/2024 06:29;12/10/2024 06:45;12/10/2024 06:52;12/10/2024 07:38;12/10/2024 07:46;12/10/2024 08:10;12/10/2024 08:18;12/10/2024 08:43;12/10/2024 08:53;12/10/2024 09:52;12/10/2024 10:05;12/10/2024 10:18;120;115;0;OK;Rendimiento dentro de lo esperado
LOT00224;5/2/2025;Esmalte Antióxido Rojo Óxido;Galón;Mañana;5/2/2025 06:39;5/2/2025 07:14;5/2/2025 07:22;5/2/2025 07:53;5/2/2025 07:59;5/2/2025 09:00;5/2/2025 09:13;5/2/2025 09:27;5/2/2025 09:30;5/2/2025 10:10;5/2/2025 10:21;5/2/2025 10:52;200;191;0;Conforme;
LOT00225;8/4/2025;Barniz Marino Transparente;1/4 Galón;Tarde;8/4/2025 14:04;8/4/2025 14:23;;;8/4/2025 14:29;8/4/2025 15:42;8/4/2025 15:53;8/4/2025 16:09;8/4/2025 16:20;8/4/2025 17:13;8/4/2025 17:18;8/4/2025 17:49;600;572;0;Aprobado;Turno sin incidentes
 LOT00226 ;13/5/2025;Látex Lavable Mate;Cuñete;Tarde;13/5/2025 14:41;13/5/2025 15:27;;;13/5/2025 15:34;13/5/2025 16:18;13/5/2025 16:30;13/5/2025 16:51;13/5/2025 17:02;13/5/2025 17:41;13/5/2025 17:53;13/5/2025 18:15;60;59;2;OK;Turno sin incidentes
LOT00227;22/11/2024;Látex Texturizado para Fachadas;Galón;Tarde;22/11/2024 14:01;22/11/2024 14:39;22/11/2024 14:53;22/11/2024 15:44;22/11/2024 15:52;22/11/2024 16:19;22/11/2024 16:33;22/11/2024 16:51;22/11/2024 16:58;22/11/2024 17:52;22/11/2024 18:04;22/11/2024 18:21;250;238;0;OK;
LOT00228;16/10/2024;Látex Vinílico Interior Blanco;Tambor;Mañana;16/10/2024 06:45;16/10/2024 07:02;16/10/2024 07:16;16/10/2024 07:55;16/10/2024 07:57;16/10/2024 09:17;16/10/2024 09:23;16/10/2024 09:48;16/10/2024 09:55;16/10/2024 10:40;16/10/2024 10:53;16/10/2024 11:12;25;24;0;OK;
lot00229;12/4/2025;Látex Texturizado para Fachadas;1/4 Galón;Mañana;12/4/2025 06:36;12/4/2025 06:57;12/4/2025 07:00;12/4/2025 07:51;12/4/2025 07:53;12/4/2025 08:35;12/4/2025 08:40;12/4/2025 08:59;12/4/2025 09:03;12/4/2025 09:33;12/4/2025 09:48;12/4/2025 09:59;500;491;1;Conforme;
LOT00230;31/12/2024;Sellador Acrílico para Fisuras;Balde;Noche;31/12/2024 22:39;31/12/2024 23:11;31/12/2024 23:21;1/1/2025 00:21;1/1/2025 00:34;1/1/2025 01:27;1/1/2025 01:39;1/1/2025 01:53;1/1/2025 02:03;1/1/2025 02:20;1/1/2025 02:27;1/1/2025 03:02;100;96;0;Aprobado;Sin novedad
LOT00231;12/6/2025;Sellador Acrílico para Techos;Galón;Noche;;;12/6/2025 22:18;12/6/2025 23:11;12/6/2025 23:14;13/6/2025 00:13;13/6/2025 00:18;13/6/2025 00:48;13/6/2025 00:54;13/6/2025 01:29;13/6/2025 01:44;13/6/2025 02:05;100;95;0;Liberado;Producción normal
LOT00232;20/3/2025;Sellador Acrílico para Techos;Balde;Tarde;20/3/2025 14:11;20/3/2025 14:28;20/3/2025 14:38;20/3/2025 15:00;20/3/2025 15:12;20/3/2025 16:22;20/3/2025 16:29;20/3/2025 16:40;20/3/2025 16:49;20/3/2025 17:12;20/3/2025 17:24;20/3/2025 17:43;60;39;11;NO CONFORME;Grumos detectados en control visual
LOT00233;6/11/2024;Barniz para Madera Brillante;Galón;Tarde;6/11/2024 14:13;6/11/2024 14:40;6/11/2024 14:47;6/11/2024 15:47;6/11/2024 16:00;6/11/2024 16:38;6/11/2024 16:52;6/11/2024 17:22;6/11/2024 17:37;6/11/2024 18:00;6/11/2024 18:05;6/11/2024 18:35;150;143;0;Liberado;Sin observaciones
LOT00234;9/12/2024;Barniz Marino Transparente;balde;NOCHE;;;;;9/12/2024 22:54;9/12/2024 23:19;9/12/2024 23:23;9/12/2024 23:40;9/12/2024 23:42;10/12/2024 00:39;10/12/2024 00:49;10/12/2024 01:16;100;97;0;Conforme;Rendimiento dentro de lo esperado
LOT00235;27/5/2025;Anticorrosivo Base Zinc Inorgánico; Cuñete ;Noche;27/5/2025 22:01;27/5/2025 22:17;27/5/2025 22:30;27/5/2025 22:55;27/5/2025 23:06;27/5/2025 23:53;28/5/2025 00:02;28/5/2025 00:28;28/5/2025 00:32;28/5/2025 01:11;28/5/2025 01:17;28/5/2025 01:49;40;40;2;Conforme;
LOT00236;5/4/2025;Barniz Catalizado Alto Brillo;Galón;Mañana;5/4/2025 06:41;5/4/2025 07:29;5/4/2025 07:40;5/4/2025 08:45;5/4/2025 08:51;5/4/2025 09:54;5/4/2025 10:03;5/4/2025 10:16;5/4/2025 10:29;5/4/2025 11:28;5/4/2025 11:43;5/4/2025 12:20;300;295;0;Liberado;
LOT00237;20/9/2024;Barniz Marino Poliuretánico;1/4 galón;Noche;20/9/2024 22:25;20/9/2024 22:53;20/9/2024 22:57;20/9/2024 23:56;21/9/2024 00:02;21/9/2024 00:19;21/9/2024 00:33;21/9/2024 00:54;21/9/2024 01:06;21/9/2024 01:59;21/9/2024 02:08;21/9/2024 02:46;400;380;1;Liberado;
LOT00238;24/7/2024;Sellador de Silicona Neutra;Galón;Tarde;24/7/2024 14:07;24/7/2024 14:29;24/7/2024 14:42;24/7/2024 15:32;24/7/2024 15:38;24/7/2024 15:56;24/7/2024 16:03;24/7/2024 16:16;24/7/2024 16:29;24/7/2024 17:17;24/7/2024 17:30;24/7/2024 17:53;200;133;15; No conforme ;Viscosidad fuera de rango, se envía a reproceso
LOT00239;23/10/2024;Recubrimiento Poliuretánico para Piso;Tambor;Tarde;23/10/2024 14:07;23/10/2024 14:45;23/10/2024 14:56;23/10/2024 15:23;23/10/2024 15:36;23/10/2024 16:22;23/10/2024 16:25;23/10/2024 16:43;23/10/2024 16:56;23/10/2024 17:33;23/10/2024 17:48;23/10/2024 17:58;30;26;1;Reproceso parcial;Se corrigió fórmula, pendiente segunda aprobación
LOT00240;17/12/2024;Esmalte Martillado Negro;Galón;Noche;17/12/2024 22:00;17/12/2024 22:46;17/12/2024 23:00;17/12/2024 23:30;17/12/2024 23:43;18/12/2024 00:39;18/12/2024 00:48;18/12/2024 01:16;18/12/2024 01:21;18/12/2024 02:21;18/12/2024 02:27;18/12/2024 02:43;250;237;0;Aprobado;Producción normal
LOT00241;1/10/2024;Esmalte al Agua Satinado;Cuñete;Mañana;1/10/2024 06:16;1/10/2024 07:02;;;1/10/2024 07:05;1/10/2024 07:58;1/10/2024 08:07;1/10/2024 08:27;1/10/2024 08:29;1/10/2024 08:50;1/10/2024 09:05;1/10/2024 09:42;80;79;0;Conforme;
LOT00242;2/10/2024;Látex Lavable Mate;Cuñete;Noche;2/10/2024 22:29;2/10/2024 23:14;2/10/2024 23:26;2/10/2024 23:52;3/10/2024 00:05;3/10/2024 00:34;3/10/2024 00:37;3/10/2024 01:06;3/10/2024 01:21;3/10/2024 02:19;3/10/2024 02:25;3/10/2024 02:35;40;38;0;OK;Lote conforme a especificaciones
LOT00243;20/7/2024;Barniz Marino Poliuretánico;Balde;Mañana;20/7/2024 06:13;20/7/2024 06:43;20/7/2024 06:49;20/7/2024 07:55;20/7/2024 08:01;20/7/2024 09:10;20/7/2024 09:13;20/7/2024 09:33;20/7/2024 09:41;20/7/2024 10:24;20/7/2024 10:39;20/7/2024 11:18;120;118;0;Liberado;
LOT00244;4/3/2025;Anticorrosivo Zincromato Amarillo;Tambor;Mañana;4/3/2025 06:05;4/3/2025 06:26;4/3/2025 06:30;4/3/2025 07:37;4/3/2025 07:45;4/3/2025 09:04;4/3/2025 09:11;4/3/2025 09:40;4/3/2025 09:51;4/3/2025 10:18;4/3/2025 10:29;4/3/2025 10:55;10;7;1;Reproceso parcial;Reproceso parcial: se filtró y re-envasó
LOT00245;14/10/2024;Recubrimiento Poliuretánico UV;1/4 Galón;Noche;14/10/2024 22:25;14/10/2024 23:03;14/10/2024 23:15;14/10/2024 23:59;15/10/2024 00:05;15/10/2024 00:43;15/10/2024 00:56;15/10/2024 01:13;15/10/2024 01:17;15/10/2024 02:17;15/10/2024 02:31;15/10/2024 02:48;600;578;0;Aprobado;
LOT00246;5/3/2025;Sellador de Silicona Neutra;Galón;Noche;;;5/3/2025 22:24;5/3/2025 23:33;5/3/2025 23:45;6/3/2025 01:00;6/3/2025 01:11;6/3/2025 01:36;6/3/2025 01:39;6/3/2025 02:08;6/3/2025 02:14;6/3/2025 02:30;200;194;0; Aprobado ;Producción normal
LOT00247;22/1/2025;Esmalte Alto Tráfico Gris;Balde;Mañana;22/1/2025 06:09;22/1/2025 06:37;22/1/2025 06:52;22/1/2025 07:39;22/1/2025 07:42;22/1/2025 08:04;22/1/2025 08:09;22/1/2025 08:37;22/1/2025 08:50;22/1/2025 09:49;22/1/2025 10:04;22/1/2025 10:18;40;39;0;OK;Producción normal
LOT00248;22/1/2025;Látex Económico Interior;Galón;Noche;22/1/2025 22:36;22/1/2025 23:04;22/1/2025 23:17;23/1/2025 00:21;23/1/2025 00:35;23/1/2025 01:36;23/1/2025 01:39;23/1/2025 02:02;23/1/2025 02:16;23/1/2025 03:12;23/1/2025 03:26;23/1/2025 03:41;150;148;0;Aprobado;Sin novedad
LOT00249;31/10/2024;Barniz Marino Poliuretánico;Balde;Noche;31/10/2024 22:31;31/10/2024 22:50;31/10/2024 22:58;31/10/2024 23:43;31/10/2024 23:50;1/11/2024 00:36;1/11/2024 00:40;1/11/2024 00:57;1/11/2024 01:05;1/11/2024 01:25;1/11/2024 01:32;1/11/2024 02:05;80;79;0;Conforme;Sin observaciones
LOT00250;19/11/2024;Esmalte Antióxido Rojo Óxido;Balde;Tarde;19/11/2024 14:21;19/11/2024 14:59;19/11/2024 15:03;19/11/2024 15:46;19/11/2024 15:49;19/11/2024 16:24;19/11/2024 16:36;19/11/2024 16:46;19/11/2024 16:57;19/11/2024 17:33;19/11/2024 17:35;19/11/2024 17:47;100;80;6;Ajuste en proceso;Se adicionó solvente para ajustar viscosidad
LOT00251;10/1/2025;Barniz Marino Poliuretánico;Tambor;Noche;10/1/2025 22:38;10/1/2025 23:06;10/1/2025 23:12;10/1/2025 23:45;10/1/2025 23:57;11/1/2025 00:55;11/1/2025 01:09;11/1/2025 01:38;11/1/2025 01:48;11/1/2025 02:26;11/1/2025 02:30;11/1/2025 02:55;25;24;0;Conforme;Turno sin incidentes
LOT00252;22/3/2025;Recubrimiento Poliuretánico UV;Tambor;Tarde;22/3/2025 14:42;22/3/2025 15:03;22/3/2025 15:09;22/3/2025 15:50;22/3/2025 16:03;22/3/2025 17:19;22/3/2025 17:26;22/3/2025 17:36;22/3/2025 17:45;22/3/2025 18:33;22/3/2025 18:35;22/3/2025 18:49;20;12;1;Reproceso parcial;pH bajo, se adicionó amoniaco hasta rango
LOT00253;1/11/2024;Látex Económico Interior;GALÓN;Noche;1/11/2024 22:04;1/11/2024 22:52;;;1/11/2024 22:56;1/11/2024 23:37;1/11/2024 23:44;2/11/2024 00:14;2/11/2024 00:22;2/11/2024 01:03;2/11/2024 01:05;2/11/2024 01:45;300;290;1;ok;OK
LOT00254;9/12/2024;Anticorrosivo Marino Bicomponente; Cuñete ;Tarde;9/12/2024 14:13;9/12/2024 14:34;9/12/2024 14:36;9/12/2024 15:26;9/12/2024 15:38;9/12/2024 16:25;9/12/2024 16:30;9/12/2024 16:54;9/12/2024 17:02;9/12/2024 17:18;9/12/2024 17:30;9/12/2024 18:00;120;115;1;LIBERADO;Rendimiento dentro de lo esperado
LOT00255;17/6/2025;ANTICORROSIVO MARINO BICOMPONENTE;Tambor;Tarde;17/6/2025 14:17;17/6/2025 14:44;17/6/2025 14:51;17/6/2025 15:44;17/6/2025 15:54;17/6/2025 16:47;17/6/2025 16:52;17/6/2025 17:09;17/6/2025 17:18;17/6/2025 17:46;17/6/2025 18:01;17/6/2025 18:20;10;9;1;Liberado;Sin novedad
LOT00256;10/5/2025;Látex Económico Interior;Galón;Tarde;10/5/2025 14:04;10/5/2025 14:50;10/5/2025 14:54;10/5/2025 15:23;10/5/2025 15:38;10/5/2025 16:35;10/5/2025 16:48;10/5/2025 17:00;10/5/2025 17:09;10/5/2025 17:48;10/5/2025 18:00;10/5/2025 18:22;200;194;0;OK;
LOT00257;9/10/2024;Sellador de Silicona Neutra;Galón;Mañana;;;;;9/10/2024 06:35;9/10/2024 06:54;9/10/2024 06:56;9/10/2024 07:21;9/10/2024 07:30;9/10/2024 07:48;9/10/2024 07:57;9/10/2024 08:18;250;239;0;Aprobado;
LOT00258;31/7/2024;Anticorrosivo Marino Bicomponente;Cuñete;Tarde;31/7/2024 14:32;31/7/2024 14:52;31/7/2024 15:03;31/7/2024 16:10;31/7/2024 16:22;31/7/2024 16:56;31/7/2024 17:08;31/7/2024 17:28;31/7/2024 17:30;31/7/2024 18:00;31/7/2024 18:07;31/7/2024 18:43;80;76;0;OK;
LOT00259;29/5/2025;FONDO ANTICORROSIVO GRIS;Balde;Noche;29/5/2025 22:08;29/5/2025 22:54;29/5/2025 23:00;30/5/2025 00:06;30/5/2025 00:15;30/5/2025 01:04;30/5/2025 01:15;30/5/2025 01:25;30/5/2025 01:29;30/5/2025 02:23;30/5/2025 02:33;30/5/2025 02:50;100;99;0;Aprobado;Lote conforme a especificaciones
LOT00260;24/1/2025; Látex Vinílico Interior Blanco ;Balde; Noche ;24/1/2025 22:31;24/1/2025 23:19;24/1/2025 23:22;24/1/2025 23:55;24/1/2025 23:58;25/1/2025 00:16;25/1/2025 00:30;25/1/2025 00:52;25/1/2025 00:58;25/1/2025 01:23;25/1/2025 01:35;25/1/2025 02:02;80;79;0;Liberado;Turno sin incidentes
 LOT00261 ;12/7/2024;Anticorrosivo Zincromato Amarillo; Tambor ;Tarde;12/7/2024 14:44;12/7/2024 15:18;12/7/2024 15:30;12/7/2024 16:04;12/7/2024 16:10;12/7/2024 17:30;12/7/2024 17:36;12/7/2024 17:51;12/7/2024 18:00;12/7/2024 18:38;12/7/2024 18:49;12/7/2024 19:26;10;8;0;Aprobado;OK
LOT00262;13/5/2025;Esmalte al Agua Satinado;1/4 Galón;Mañana;13/5/2025 06:02;13/5/2025 06:20;13/5/2025 06:27;13/5/2025 06:49;13/5/2025 07:01;13/5/2025 07:25;13/5/2025 07:33;13/5/2025 07:50;13/5/2025 08:04;13/5/2025 08:25;13/5/2025 08:37;13/5/2025 09:02;400;389;0;OK;Lote conforme a especificaciones
LOT00263;3/4/2025;Anticorrosivo Zincromato Amarillo;Tambor;Tarde;3/4/2025 14:20;3/4/2025 14:55;3/4/2025 15:10;3/4/2025 15:38;3/4/2025 15:51;3/4/2025 16:52;3/4/2025 16:57;3/4/2025 17:21;3/4/2025 17:36;3/4/2025 18:15;3/4/2025 18:17;3/4/2025 18:49;30;23;2;Ajuste en proceso;pH bajo, se adicionó amoniaco hasta rango
LOT00264;15/8/2024;Sellador Acrílico para Fisuras;Balde;Noche;;;;;15/8/2024 22:49;15/8/2024 23:28;15/8/2024 23:39;16/8/2024 00:07;16/8/2024 00:13;16/8/2024 00:28;16/8/2024 00:33;16/8/2024 01:03;40;38;0;LIBERADO;Turno sin incidentes
LOT00265;6/2/2025;Esmalte Sintético Brillante Blanco;Balde;Tarde;6/2/2025 14:45;6/2/2025 15:00;6/2/2025 15:08;6/2/2025 15:53;6/2/2025 16:08;6/2/2025 16:59;6/2/2025 17:04;6/2/2025 17:21;6/2/2025 17:24;6/2/2025 18:20;6/2/2025 18:24;6/2/2025 18:45;120;116;0;Aprobado;OK
lot00266;10/5/2025;Látex Lavable Mate;Galón;Noche;10/5/2025 22:01;10/5/2025 22:39;;;10/5/2025 22:52;10/5/2025 23:17;10/5/2025 23:22;10/5/2025 23:40;10/5/2025 23:45;11/5/2025 00:32;11/5/2025 00:34;11/5/2025 01:02;100;95;0;OK;
LOT00267;31/3/2025;Barniz Marino Transparente;Galón;Mañana;31/3/2025 06:04;31/3/2025 06:19;;;31/3/2025 06:21;31/3/2025 07:08;31/3/2025 07:19;31/3/2025 07:29;31/3/2025 07:35;31/3/2025 08:04;31/3/2025 08:16;31/3/2025 08:42;250;246;0;LIBERADO;Sin observaciones
LOT00268;17/7/2024;Látex Antihongos para Baños; Cuñete ;Tarde;17/7/2024 14:09;17/7/2024 14:53;17/7/2024 15:02;17/7/2024 15:51;17/7/2024 15:56;17/7/2024 16:40;17/7/2024 16:54;17/7/2024 17:22;17/7/2024 17:36;17/7/2024 18:27;17/7/2024 18:42;17/7/2024 19:10;40;39;0;Aprobado;Producción normal
 LOT00269 ;18/7/2024;Esmalte Sintético Brillante Blanco;1/4 Galón;Tarde;18/7/2024 14:10;18/7/2024 15:00;18/7/2024 15:14;18/7/2024 16:20;18/7/2024 16:25;18/7/2024 17:44;18/7/2024 17:48;18/7/2024 18:12;18/7/2024 18:22;18/7/2024 19:04;18/7/2024 19:19;18/7/2024 19:29;500;485;0;Aprobado;Sin observaciones
LOT00270;30/11/2024;Sellador Acrílico para Techos;Tambor;tarde;;;;;30/11/2024 14:40;30/11/2024 15:30;30/11/2024 15:36;30/11/2024 15:46;30/11/2024 16:00;30/11/2024 16:43;30/11/2024 16:46;30/11/2024 17:25;10;9;0;Liberado;Producción normal
LOT00271;1/3/2025;Anticorrosivo Epóxico Industrial;Tambor;Noche;1/3/2025 22:01;1/3/2025 22:39;1/3/2025 22:54;1/3/2025 23:31;1/3/2025 23:40;2/3/2025 00:10;2/3/2025 00:23;2/3/2025 00:50;2/3/2025 00:52;2/3/2025 01:38;2/3/2025 01:52;2/3/2025 02:03;30;29;0;Liberado;Producción normal
LOT00272;12/4/2025;Esmalte Martillado Negro;Balde;Tarde;12/4/2025 14:38;12/4/2025 15:22;12/4/2025 15:37;12/4/2025 16:37;12/4/2025 16:42;12/4/2025 17:30;12/4/2025 17:38;12/4/2025 18:02;12/4/2025 18:16;12/4/2025 19:15;12/4/2025 19:26;12/4/2025 19:50;60;56;0;Aprobado;
LOT00273;25/2/2025;Anticorrosivo Marino Bicomponente;Balde; Tarde ;25/2/2025 14:44;25/2/2025 15:07;25/2/2025 15:16;25/2/2025 16:20;25/2/2025 16:34;25/2/2025 17:23;25/2/2025 17:34;25/2/2025 17:59;25/2/2025 18:10;25/2/2025 19:07;25/2/2025 19:12;25/2/2025 19:38;80;79;0;Aprobado;OK
LOT00274;2/8/2024;Sellador Acrílico para Techos;Galón;Noche;2/8/2024 22:22;2/8/2024 22:42;2/8/2024 22:44;2/8/2024 23:37;2/8/2024 23:43;3/8/2024 00:53;3/8/2024 00:59;3/8/2024 01:24;3/8/2024 01:38;3/8/2024 02:28;3/8/2024 02:35;3/8/2024 02:53;150;147;0;Aprobado;
LOT00275;6/3/2025;Esmalte Antióxido Rojo Óxido;1/4 Galón;Mañana;6/3/2025 06:36;6/3/2025 07:16;6/3/2025 07:27;6/3/2025 07:49;6/3/2025 08:00;6/3/2025 08:15;6/3/2025 08:28;6/3/2025 08:51;6/3/2025 08:57;6/3/2025 09:32;6/3/2025 09:34;6/3/2025 10:13;500;487;0;aprobado;
LOT00276;24/5/2025;Esmalte Antióxido Rojo Óxido;1/4 Galón;Mañana;24/5/2025 06:19;24/5/2025 07:05;24/5/2025 07:08;24/5/2025 07:59;24/5/2025 08:05;24/5/2025 09:24;24/5/2025 09:29;24/5/2025 09:49;24/5/2025 09:51;24/5/2025 10:47;24/5/2025 10:58;24/5/2025 11:13;400;395;2;Aprobado;Rendimiento dentro de lo esperado
LOT00277;14/1/2025;Recubrimiento Vinil-éster para Tanques;Cuñete;Mañana;14/1/2025 06:30;14/1/2025 07:03;14/1/2025 07:09;14/1/2025 08:15;14/1/2025 08:21;14/1/2025 09:40;14/1/2025 09:43;14/1/2025 10:08;14/1/2025 10:18;14/1/2025 10:46;14/1/2025 10:52;14/1/2025 11:21;60;58;0;LIBERADO;
LOT00278;8/4/2025;Sellador de Silicona Neutra;Galón;Mañana;8/4/2025 06:16;8/4/2025 06:57;;;8/4/2025 07:00;8/4/2025 07:41;8/4/2025 07:48;8/4/2025 08:04;8/4/2025 08:14;8/4/2025 08:46;8/4/2025 08:49;8/4/2025 09:12;300;291;0;OK;
LOT00279;18/10/2024;Anticorrosivo Zincromato Amarillo;Cuñete;Noche;18/10/2024 22:01;18/10/2024 22:26;18/10/2024 22:28;18/10/2024 23:32;18/10/2024 23:43;19/10/2024 00:46;19/10/2024 01:01;19/10/2024 01:18;19/10/2024 01:22;19/10/2024 01:49;19/10/2024 01:58;19/10/2024 02:35;100;96;0;Conforme;
LOT00280;12/7/2024;Recubrimiento Poliuretánico para Piso;Cuñete;Mañana;12/7/2024 06:29;12/7/2024 07:01;12/7/2024 07:16;12/7/2024 07:50;12/7/2024 07:53;12/7/2024 08:41;12/7/2024 08:50;12/7/2024 09:09;12/7/2024 09:17;12/7/2024 09:34;12/7/2024 09:36;12/7/2024 09:48;40;24;7;Devuelto a reproceso;Envase defectuoso en línea de envasado
LOT00281;9/8/2024;Látex Económico Interior;CUÑETE;Noche;9/8/2024 22:09;9/8/2024 22:24;9/8/2024 22:34;9/8/2024 23:20;9/8/2024 23:24;10/8/2024 00:19;10/8/2024 00:21;10/8/2024 00:50;10/8/2024 01:05;10/8/2024 01:53;10/8/2024 01:55;10/8/2024 02:25;40;25;6;No conforme;Envase defectuoso en línea de envasado
LOT00282;31/8/2024;Esmalte al Agua Satinado;Tambor;Tarde;31/8/2024 14:06;31/8/2024 14:42;;;31/8/2024 14:46;31/8/2024 15:16;31/8/2024 15:29;31/8/2024 15:45;31/8/2024 15:50;31/8/2024 16:49;31/8/2024 17:01;31/8/2024 17:38;20;20;1;Conforme;Producción normal
LOT00283;26/11/2024;Sellador Acrílico para Techos;Tambor;Mañana;26/11/2024 06:09;26/11/2024 06:36;26/11/2024 06:45;26/11/2024 07:51;26/11/2024 08:05;26/11/2024 09:21;26/11/2024 09:30;26/11/2024 09:52;26/11/2024 10:01;26/11/2024 10:22;26/11/2024 10:37;26/11/2024 11:06;10;9;0;Conforme;OK
LOT00284;19/4/2025;Recubrimiento Epóxico Piso Industrial;Balde;Tarde;19/4/2025 14:31;19/4/2025 14:50;19/4/2025 14:52;19/4/2025 15:50;19/4/2025 15:57;19/4/2025 17:08;19/4/2025 17:20;19/4/2025 17:34;19/4/2025 17:41;19/4/2025 18:36;19/4/2025 18:49;19/4/2025 19:14;100;96;0;Liberado;Producción normal
LOT00285;27/12/2024; Anticorrosivo Zincromato Amarillo ;Balde;Tarde;27/12/2024 14:44;27/12/2024 15:06;27/12/2024 15:08;27/12/2024 15:36;27/12/2024 15:43;27/12/2024 16:44;27/12/2024 16:47;27/12/2024 17:03;27/12/2024 17:14;27/12/2024 18:09;27/12/2024 18:24;27/12/2024 18:50;60;58;0;Aprobado;Sin novedad
LOT00286;26/8/2024;Látex Lavable Mate;TAMBOR;Mañana;26/8/2024 06:00;26/8/2024 06:35;26/8/2024 06:50;26/8/2024 07:58;26/8/2024 08:03;26/8/2024 09:08;26/8/2024 09:19;26/8/2024 09:32;26/8/2024 09:43;26/8/2024 10:23;26/8/2024 10:32;26/8/2024 10:52;30;27;0;Conforme;
LOT00287;27/3/2025;Esmalte Martillado Negro;Balde;Noche;27/3/2025 22:14;27/3/2025 22:59;;;27/3/2025 23:03;28/3/2025 00:05;28/3/2025 00:17;28/3/2025 00:36;28/3/2025 00:48;28/3/2025 01:03;28/3/2025 01:06;28/3/2025 01:30;80;38;15;Devuelto a reproceso;Color no coincide con muestra patrón
LOT00288;29/5/2025;Recubrimiento Epóxico Alto Sólido;Tambor;Mañana;29/5/2025 06:41;29/5/2025 07:20;29/5/2025 07:23;29/5/2025 08:21;29/5/2025 08:36;29/5/2025 09:22;29/5/2025 09:30;29/5/2025 09:56;29/5/2025 10:10;29/5/2025 10:56;29/5/2025 10:59;29/5/2025 11:31;20;19;0;Aprobado;OK
LOT00289;4/12/2024;Barniz para Madera Brillante;Tambor;Mañana;4/12/2024 06:01;4/12/2024 06:39;4/12/2024 06:43;4/12/2024 07:44;4/12/2024 07:52;4/12/2024 08:17;4/12/2024 08:27;4/12/2024 08:52;4/12/2024 09:07;4/12/2024 09:37;4/12/2024 09:43;4/12/2024 10:21;20;10;1;Devuelto a reproceso;Envase defectuoso en línea de envasado
LOT00290;24/10/2024;Sellador Acrílico para Fisuras;Galón;NOCHE;24/10/2024 22:29;24/10/2024 22:51;;;24/10/2024 22:53;24/10/2024 23:59;25/10/2024 00:10;25/10/2024 00:25;25/10/2024 00:35;25/10/2024 01:15;25/10/2024 01:19;25/10/2024 01:47;300;263;3;En reproceso;pH bajo, se adicionó amoniaco hasta rango
LOT00291;31/5/2025;Látex Antihongos para Baños;Tambor;Noche;31/5/2025 22:27;31/5/2025 22:56;31/5/2025 23:06;31/5/2025 23:46;31/5/2025 23:57;1/6/2025 01:09;1/6/2025 01:22;1/6/2025 01:37;1/6/2025 01:50;1/6/2025 02:06;1/6/2025 02:10;1/6/2025 02:43;15;14;0;Aprobado;Turno sin incidentes
LOT00292;30/8/2024;Recubrimiento Epóxico Piso Industrial;Balde;Tarde;30/8/2024 14:43;30/8/2024 15:19;30/8/2024 15:33;30/8/2024 16:37;30/8/2024 16:43;30/8/2024 18:01;30/8/2024 18:04;30/8/2024 18:22;30/8/2024 18:37;30/8/2024 19:31;30/8/2024 19:36;30/8/2024 19:48;100;99;0;Conforme;Producción normal
LOT00293;10/5/2025;Sellador Acrílico para Techos;Galón;Mañana;10/5/2025 06:03;10/5/2025 06:43;;;10/5/2025 06:52;10/5/2025 07:23;10/5/2025 07:33;10/5/2025 07:47;10/5/2025 07:51;10/5/2025 08:10;10/5/2025 08:14;10/5/2025 08:42;100;96;0;Aprobado;
LOT00294;7/10/2024;Sellador Poliuretánico para Juntas;Balde;Tarde;;;7/10/2024 14:21;7/10/2024 15:01;7/10/2024 15:14;7/10/2024 15:52;7/10/2024 15:58;7/10/2024 16:18;7/10/2024 16:22;7/10/2024 16:43;7/10/2024 16:56;7/10/2024 17:34;80;79;0;OK;
LOT00295;20/2/2025;Látex Vinílico Interior Blanco;Tambor;Noche;20/2/2025 22:22;20/2/2025 23:03;20/2/2025 23:16;21/2/2025 00:01;21/2/2025 00:16;21/2/2025 01:15;21/2/2025 01:27;21/2/2025 01:38;21/2/2025 01:51;21/2/2025 02:16;21/2/2025 02:21;21/2/2025 02:58;25;25;0;APROBADO;Producción normal
LOT00296;22/7/2024;Sellador Acrílico para Fisuras;Cuñete;Mañana;22/7/2024 06:19;22/7/2024 06:53;22/7/2024 07:05;22/7/2024 08:04;22/7/2024 08:15;22/7/2024 09:12;22/7/2024 09:20;22/7/2024 09:44;22/7/2024 09:47;22/7/2024 10:02;22/7/2024 10:04;22/7/2024 10:44;120;116;2;Aprobado;
LOT00297;10/5/2025;Recubrimiento Poliuretánico para Piso;Cuñete;Mañana;10/5/2025 06:43;10/5/2025 07:16;10/5/2025 07:21;10/5/2025 08:30;10/5/2025 08:35;10/5/2025 09:45;10/5/2025 09:58;10/5/2025 10:27;10/5/2025 10:42;10/5/2025 11:25;10/5/2025 11:32;10/5/2025 11:53;40;39;1;Liberado;
LOT00298;29/4/2025;Esmalte Martillado Negro; Galón ;Mañana;29/4/2025 06:24;29/4/2025 06:58;29/4/2025 07:09;29/4/2025 07:54;29/4/2025 08:07;29/4/2025 09:05;29/4/2025 09:14;29/4/2025 09:34;29/4/2025 09:47;29/4/2025 10:38;29/4/2025 10:44;29/4/2025 10:55;150;147;0;OK;OK
LOT00299;23/7/2024;barniz marino poliuretánico;Balde;Tarde;23/7/2024 14:36;23/7/2024 14:52;23/7/2024 15:00;23/7/2024 15:21;23/7/2024 15:25;23/7/2024 16:30;23/7/2024 16:44;23/7/2024 17:14;23/7/2024 17:19;23/7/2024 17:34;23/7/2024 17:37;23/7/2024 18:10;40;37;0;Liberado;
LOT00300;20/2/2025;Esmalte Alto Tráfico Gris;Cuñete;Noche;20/2/2025 22:42;20/2/2025 23:19;20/2/2025 23:33;21/2/2025 00:15;21/2/2025 00:28;21/2/2025 00:49;21/2/2025 00:59;21/2/2025 01:11;21/2/2025 01:15;21/2/2025 01:51;21/2/2025 01:58;21/2/2025 02:20;100;95;0;Conforme;Sin novedad
LOT00301;15/10/2024; Barniz Marino Transparente ;1/4 Galón;Noche;15/10/2024 22:35;15/10/2024 22:56;15/10/2024 23:10;16/10/2024 00:13;16/10/2024 00:28;16/10/2024 01:48;16/10/2024 02:02;16/10/2024 02:28;16/10/2024 02:41;16/10/2024 03:37;16/10/2024 03:52;16/10/2024 04:12;300;296;0;Conforme;Turno sin incidentes
LOT00302;4/6/2025;Esmalte al Agua Satinado;1/4 Galón;noche;4/6/2025 22:01;4/6/2025 22:38;4/6/2025 22:47;4/6/2025 23:11;4/6/2025 23:24;5/6/2025 00:07;5/6/2025 00:10;5/6/2025 00:40;5/6/2025 00:53;5/6/2025 01:16;5/6/2025 01:25;5/6/2025 01:36;400;387;0;Conforme;Rendimiento dentro de lo esperado
LOT00303;16/12/2024;Esmalte Antióxido Rojo Óxido;Galón;Noche;16/12/2024 22:15;16/12/2024 22:43;16/12/2024 22:50;16/12/2024 23:32;16/12/2024 23:42;17/12/2024 00:38;17/12/2024 00:46;17/12/2024 00:58;17/12/2024 01:10;17/12/2024 01:40;17/12/2024 01:53;17/12/2024 02:10;300;235;31;Devuelto a reproceso;Grumos detectados en control visual
LOT00304;16/5/2025;Látex Antihongos para Baños;Galón;Noche;16/5/2025 22:07;16/5/2025 22:40;16/5/2025 22:49;16/5/2025 23:15;16/5/2025 23:25;17/5/2025 00:43;17/5/2025 00:46;17/5/2025 01:16;17/5/2025 01:27;17/5/2025 01:58;17/5/2025 02:03;17/5/2025 02:14;250;247;0;Aprobado;Sin observaciones
LOT00305;28/1/2025;Esmalte Alto Tráfico Gris;1/4 Galón;Noche;28/1/2025 22:19;28/1/2025 22:58;28/1/2025 23:08;28/1/2025 23:34;28/1/2025 23:42;29/1/2025 00:09;29/1/2025 00:15;29/1/2025 00:33;29/1/2025 00:38;29/1/2025 01:29;29/1/2025 01:34;29/1/2025 01:55;300;249;4;Ajuste en proceso;Ajuste de color con pigmento, segunda medición OK
LOT00306;12/5/2025;Recubrimiento Epóxico Piso Industrial;1/4 Galón;Tarde;12/5/2025 14:01;12/5/2025 14:20;12/5/2025 14:26;12/5/2025 15:28;12/5/2025 15:42;12/5/2025 16:49;12/5/2025 16:58;12/5/2025 17:18;12/5/2025 17:30;12/5/2025 18:24;12/5/2025 18:39;12/5/2025 19:12;500;497;0;Aprobado;Lote conforme a especificaciones
LOT00307;29/7/2024;Recubrimiento Poliuretánico para Piso;Tambor;Tarde;29/7/2024 14:23;29/7/2024 15:11;29/7/2024 15:25;29/7/2024 16:35;29/7/2024 16:47;29/7/2024 18:06;29/7/2024 18:13;29/7/2024 18:35;29/7/2024 18:41;29/7/2024 18:56;29/7/2024 19:06;29/7/2024 19:39;20;14;4;No conforme;Contaminación detectada, lote aislado
LOT00308;16/1/2025;Esmalte Sintético Brillante Blanco;Galón;Mañana;16/1/2025 06:33;16/1/2025 06:48;16/1/2025 07:02;16/1/2025 07:41;16/1/2025 07:52;16/1/2025 08:46;16/1/2025 08:54;16/1/2025 09:07;16/1/2025 09:16;16/1/2025 09:56;16/1/2025 10:02;16/1/2025 10:34;100;96;0;OK;
LOT00309;20/7/2024;Látex Antihongos para Baños;Galón;Mañana;20/7/2024 06:44;20/7/2024 07:09;20/7/2024 07:17;20/7/2024 08:09;20/7/2024 08:11;20/7/2024 08:26;20/7/2024 08:33;20/7/2024 09:01;20/7/2024 09:15;20/7/2024 09:53;20/7/2024 10:03;20/7/2024 10:34;300;287;1;OK;
LOT00310;14/10/2024;Látex Texturizado para Fachadas;1/4 Galón;NOCHE;14/10/2024 22:12;14/10/2024 22:30;;;14/10/2024 22:36;14/10/2024 23:50;14/10/2024 23:59;15/10/2024 00:14;15/10/2024 00:18;15/10/2024 00:34;15/10/2024 00:36;15/10/2024 00:53;200;165;7;En reproceso;Se corrigió fórmula, pendiente segunda aprobación
LOT00311;24/5/2025;Barniz Marino Poliuretánico;Cuñete;Noche;24/5/2025 22:36;24/5/2025 22:51;;;24/5/2025 23:02;25/5/2025 00:01;25/5/2025 00:06;25/5/2025 00:33;25/5/2025 00:46;25/5/2025 01:33;25/5/2025 01:39;25/5/2025 02:10;80;79;0;OK;
LOT00312;11/12/2024;Barniz Marino Transparente;Balde;Noche;11/12/2024 22:20;11/12/2024 22:52;11/12/2024 23:04;12/12/2024 00:01;12/12/2024 00:13;12/12/2024 01:01;12/12/2024 01:07;12/12/2024 01:19;12/12/2024 01:24;12/12/2024 01:39;12/12/2024 01:48;12/12/2024 02:20;80;78;0;Aprobado;
LOT00313;30/9/2024;Sellador de Silicona Neutra;1/4 GALÓN;mañana;30/9/2024 06:41;30/9/2024 07:00;;;30/9/2024 07:05;30/9/2024 08:16;30/9/2024 08:20;30/9/2024 08:44;30/9/2024 08:59;30/9/2024 09:42;30/9/2024 09:49;30/9/2024 10:28;600;572;0;OK;
LOT00314;26/5/2025;Recubrimiento Poliuretánico UV;tambor;Tarde;26/5/2025 14:18;26/5/2025 14:58;26/5/2025 15:12;26/5/2025 16:01;26/5/2025 16:04;26/5/2025 16:54;26/5/2025 16:56;26/5/2025 17:25;26/5/2025 17:36;26/5/2025 18:24;26/5/2025 18:27;26/5/2025 18:45;30;27;0;Conforme;
LOT00315;27/8/2024;Recubrimiento Epóxico Alto Sólido;Tambor;Mañana;27/8/2024 06:37;27/8/2024 06:52;27/8/2024 07:05;27/8/2024 07:59;27/8/2024 08:10;27/8/2024 08:42;27/8/2024 08:54;27/8/2024 09:14;27/8/2024 09:25;27/8/2024 09:50;27/8/2024 09:55;27/8/2024 10:32;20;20;1;OK;
LOT00316;29/4/2025;Látex Texturizado para Fachadas;Balde;Noche;29/4/2025 22:21;29/4/2025 22:58;29/4/2025 23:13;30/4/2025 00:02;30/4/2025 00:14;30/4/2025 00:29;30/4/2025 00:35;30/4/2025 00:45;30/4/2025 00:51;30/4/2025 01:38;30/4/2025 01:45;30/4/2025 02:10;100;94;0;Aprobado;Sin observaciones
LOT00317;9/8/2024;Barniz Catalizado Alto Brillo;Cuñete;Mañana;9/8/2024 06:16;9/8/2024 06:46;9/8/2024 06:59;9/8/2024 08:08;9/8/2024 08:23;9/8/2024 09:22;9/8/2024 09:24;9/8/2024 09:52;9/8/2024 09:54;9/8/2024 10:15;9/8/2024 10:27;9/8/2024 10:53;100;95;0;OK;
 LOT00318 ;16/8/2024;Recubrimiento Epóxico Piso Industrial;Tambor;Noche;16/8/2024 22:31;16/8/2024 22:48;16/8/2024 22:56;17/8/2024 00:01;17/8/2024 00:10;17/8/2024 01:23;17/8/2024 01:27;17/8/2024 01:55;17/8/2024 02:01;17/8/2024 02:35;17/8/2024 02:45;17/8/2024 03:15;25;24;2;Conforme;Producción normal
LOT00319;24/12/2024;Látex Texturizado para Fachadas;Galón;Noche;24/12/2024 22:22;24/12/2024 22:53;;;24/12/2024 22:58;24/12/2024 23:34;24/12/2024 23:45;25/12/2024 00:09;25/12/2024 00:23;25/12/2024 01:17;25/12/2024 01:24;25/12/2024 02:01;200;141;2;Reproceso parcial; se adicionó solvente para ajustar viscosidad 
LOT00320;29/4/2025;Anticorrosivo Zincromato Amarillo;Balde;Mañana;29/4/2025 06:32;29/4/2025 07:00;29/4/2025 07:08;29/4/2025 08:07;29/4/2025 08:18;29/4/2025 09:27;29/4/2025 09:30;29/4/2025 10:00;29/4/2025 10:13;29/4/2025 10:58;29/4/2025 11:10;29/4/2025 11:41;60;58;0;Conforme;
LOT00321;28/5/2025;Recubrimiento Vinil-éster para Tanques;Cuñete;Mañana;28/5/2025 06:24;28/5/2025 06:46;28/5/2025 06:59;28/5/2025 07:31;28/5/2025 07:41;28/5/2025 08:07;28/5/2025 08:13;28/5/2025 08:33;28/5/2025 08:43;28/5/2025 09:06;28/5/2025 09:12;28/5/2025 09:43;60;56;0;Conforme;Sin novedad
LOT00322;9/4/2025;Barniz Marino Transparente;Tambor;Tarde;;;9/4/2025 14:48;9/4/2025 15:40;9/4/2025 15:53;9/4/2025 16:45;9/4/2025 16:53;9/4/2025 17:18;9/4/2025 17:20;9/4/2025 17:49;9/4/2025 17:55;9/4/2025 18:16;10;8;0;Liberado;Sin novedad
LOT00323;27/8/2024;Barniz para Madera Brillante;Balde;Noche;27/8/2024 22:19;27/8/2024 23:08;27/8/2024 23:17;27/8/2024 23:51;28/8/2024 00:04;28/8/2024 01:05;28/8/2024 01:18;28/8/2024 01:36;28/8/2024 01:46;28/8/2024 02:25;28/8/2024 02:28;28/8/2024 02:54;80;77;0;Aprobado;Turno sin incidentes
LOT00324;23/12/2024;Sellador Acrílico para Techos;balde;Noche;23/12/2024 22:38;23/12/2024 23:10;;;23/12/2024 23:17;24/12/2024 00:03;24/12/2024 00:09;24/12/2024 00:39;24/12/2024 00:53;24/12/2024 01:44;24/12/2024 01:56;24/12/2024 02:11;80;76;0;Liberado;Sin observaciones
LOT00325;23/4/2025;Barniz Marino Transparente;Balde;Mañana;23/4/2025 06:04;23/4/2025 06:33;;;23/4/2025 06:36;23/4/2025 07:01;23/4/2025 07:08;23/4/2025 07:25;23/4/2025 07:35;23/4/2025 08:23;23/4/2025 08:35;23/4/2025 08:57;120;114;0;Liberado;OK
LOT00326;27/8/2024;Látex Económico Interior;1/4 Galón;Tarde;27/8/2024 14:42;27/8/2024 15:30;27/8/2024 15:44;27/8/2024 16:29;27/8/2024 16:35;27/8/2024 16:55;27/8/2024 17:08;27/8/2024 17:36;27/8/2024 17:44;27/8/2024 18:05;27/8/2024 18:12;27/8/2024 18:42;300;292;0;Liberado;Producción normal
LOT00327;30/10/2024;Esmalte Martillado Negro;Balde;Tarde;30/10/2024 14:16;30/10/2024 14:56;30/10/2024 15:08;30/10/2024 15:51;30/10/2024 16:06;30/10/2024 16:45;30/10/2024 16:54;30/10/2024 17:20;30/10/2024 17:29;30/10/2024 18:09;30/10/2024 18:23;30/10/2024 18:55;40;39;1;Conforme;Turno sin incidentes
LOT00328;16/1/2025;Látex Antihongos para Baños;Galón;TARDE;16/1/2025 14:38;16/1/2025 14:57;;;16/1/2025 15:01;16/1/2025 15:31;16/1/2025 15:35;16/1/2025 15:55;16/1/2025 16:01;16/1/2025 16:38;16/1/2025 16:40;16/1/2025 17:13;200;199;0;OK;
LOT00329;30/5/2025;Esmalte al Agua Satinado;1/4 Galón;Tarde;30/5/2025 14:34;30/5/2025 15:05;30/5/2025 15:13;30/5/2025 16:14;30/5/2025 16:29;30/5/2025 17:45;30/5/2025 17:59;30/5/2025 18:24;30/5/2025 18:39;30/5/2025 19:09;30/5/2025 19:22;30/5/2025 19:45;600;582;0;Liberado; sin observaciones 
lot00330;5/7/2024;Látex Acrílico Exterior Premium;Balde;Noche;5/7/2024 22:41;5/7/2024 23:17;;;5/7/2024 23:26;6/7/2024 00:18;6/7/2024 00:24;6/7/2024 00:47;6/7/2024 00:58;6/7/2024 01:55;6/7/2024 02:04;6/7/2024 02:38;100;95;0;ok;Turno sin incidentes
LOT00331;14/8/2024;Esmalte al Agua Satinado;Tambor;Noche;14/8/2024 22:22;14/8/2024 22:43;14/8/2024 22:47;14/8/2024 23:30;14/8/2024 23:42;15/8/2024 00:49;15/8/2024 00:59;15/8/2024 01:12;15/8/2024 01:25;15/8/2024 02:19;15/8/2024 02:28;15/8/2024 03:07;25;21;1;Ajuste en proceso;pH bajo, se adicionó amoniaco hasta rango
LOT00332;19/11/2024;Sellador Poliuretánico para Juntas;Tambor;Mañana;19/11/2024 06:28;19/11/2024 07:14;19/11/2024 07:23;19/11/2024 08:04;19/11/2024 08:17;19/11/2024 09:00;19/11/2024 09:05;19/11/2024 09:32;19/11/2024 09:38;19/11/2024 10:01;19/11/2024 10:11;19/11/2024 10:28;20;19;0;Liberado;
LOT00333;26/5/2025;Sellador Acrílico para Fisuras;Galón;Tarde;;;26/5/2025 14:16;26/5/2025 14:59;26/5/2025 15:08;26/5/2025 15:33;26/5/2025 15:41;26/5/2025 16:05;26/5/2025 16:10;26/5/2025 16:41;26/5/2025 16:45;26/5/2025 16:56;300;295;0;Conforme;Sin novedad
 LOT00334 ;17/1/2025;Esmalte Sintético Brillante Blanco;Tambor;Mañana;17/1/2025 06:13;17/1/2025 06:35;17/1/2025 06:41;17/1/2025 07:08;17/1/2025 07:20;17/1/2025 08:09;17/1/2025 08:22;17/1/2025 08:43;17/1/2025 08:52;17/1/2025 09:36;17/1/2025 09:42;17/1/2025 10:17;10;9;1; OK ;Producción normal
LOT00335;29/7/2024;Barniz Catalizado Alto Brillo;Balde;Noche;29/7/2024 22:01;29/7/2024 22:16;29/7/2024 22:24;29/7/2024 22:45;29/7/2024 23:00;29/7/2024 23:45;29/7/2024 23:49;30/7/2024 00:01;30/7/2024 00:16;30/7/2024 00:45;30/7/2024 00:55;30/7/2024 01:17;100;97;1;Conforme;
LOT00336;7/3/2025;Sellador de Silicona Neutra;Galón;Noche;7/3/2025 22:12;7/3/2025 23:00;;;7/3/2025 23:06;7/3/2025 23:22;7/3/2025 23:24;7/3/2025 23:50;7/3/2025 23:53;8/3/2025 00:41;8/3/2025 00:56;8/3/2025 01:09;300;288;0;Liberado;Sin observaciones
LOT00337;22/7/2024;Recubrimiento Vinil-éster para Tanques;Tambor;Tarde;22/7/2024 14:35;22/7/2024 15:19;22/7/2024 15:25;22/7/2024 15:49;22/7/2024 15:55;22/7/2024 16:34;22/7/2024 16:47;22/7/2024 17:13;22/7/2024 17:24;22/7/2024 18:13;22/7/2024 18:25;22/7/2024 19:00;25;24;0;Aprobado;
LOT00338;13/5/2025;Esmalte Antióxido Rojo Óxido;1/4 Galón;Noche;13/5/2025 22:34;13/5/2025 23:08;13/5/2025 23:19;14/5/2025 00:14;14/5/2025 00:26;14/5/2025 01:37;14/5/2025 01:39;14/5/2025 01:55;14/5/2025 02:10;14/5/2025 03:05;14/5/2025 03:19;14/5/2025 03:39;400;396;0;Aprobado;Producción normal
LOT00339;4/2/2025;Recubrimiento Vinil-éster para Tanques;Balde;Mañana;4/2/2025 06:40;4/2/2025 07:04;4/2/2025 07:19;4/2/2025 08:12;4/2/2025 08:22;4/2/2025 09:23;4/2/2025 09:35;4/2/2025 09:55;4/2/2025 10:04;4/2/2025 10:35;4/2/2025 10:40;4/2/2025 10:52;120;115;0;OK;Sin novedad
LOT00340;6/1/2025;Látex Texturizado para Fachadas;1/4 Galón;Tarde;6/1/2025 14:41;6/1/2025 15:27;6/1/2025 15:34;6/1/2025 16:40;6/1/2025 16:42;6/1/2025 17:01;6/1/2025 17:04;6/1/2025 17:25;6/1/2025 17:39;6/1/2025 18:37;6/1/2025 18:47;6/1/2025 19:06;200;197;2;Aprobado;Producción normal
LOT00341;23/11/2024;Esmalte Antióxido Rojo Óxido;1/4 Galón;Noche;23/11/2024 22:43;23/11/2024 23:00;23/11/2024 23:13;23/11/2024 23:54;24/11/2024 00:07;24/11/2024 01:21;24/11/2024 01:33;24/11/2024 01:43;24/11/2024 01:46;24/11/2024 02:15;24/11/2024 02:27;24/11/2024 02:51;600;584;0;Liberado;OK
LOT00342;12/4/2025;Sellador Poliuretánico para Juntas;Galón;tarde;12/4/2025 14:44;12/4/2025 15:20;;;12/4/2025 15:28;12/4/2025 16:26;12/4/2025 16:38;12/4/2025 16:50;12/4/2025 16:54;12/4/2025 17:52;12/4/2025 18:00;12/4/2025 18:33;300;291;1;Liberado;
LOT00343;16/6/2025;Sellador de Silicona Neutra;Galón;Mañana;;;16/6/2025 06:53;16/6/2025 07:17;16/6/2025 07:22;16/6/2025 08:08;16/6/2025 08:17;16/6/2025 08:45;16/6/2025 08:58;16/6/2025 09:49;16/6/2025 09:53;16/6/2025 10:27;100;98;0;APROBADO;Sin novedad
LOT00344;15/7/2024;Recubrimiento Epóxico Piso Industrial;Cuñete;Noche;15/7/2024 22:31;15/7/2024 22:52;15/7/2024 22:55;16/7/2024 00:05;16/7/2024 00:17;16/7/2024 01:01;16/7/2024 01:04;16/7/2024 01:27;16/7/2024 01:30;16/7/2024 02:12;16/7/2024 02:20;16/7/2024 02:35;100;97;0;OK;Sin observaciones
LOT00345;11/10/2024;Recubrimiento Epóxico Piso Industrial;Balde;Mañana;11/10/2024 06:24;11/10/2024 07:00;11/10/2024 07:10;11/10/2024 07:47;11/10/2024 07:57;11/10/2024 08:53;11/10/2024 09:03;11/10/2024 09:30;11/10/2024 09:37;11/10/2024 10:26;11/10/2024 10:38;11/10/2024 11:05;100;95;0; Aprobado ;OK
LOT00346;17/7/2024;Sellador Acrílico para Techos;Galón;Mañana;;;17/7/2024 06:38;17/7/2024 07:10;17/7/2024 07:19;17/7/2024 08:35;17/7/2024 08:50;17/7/2024 09:19;17/7/2024 09:32;17/7/2024 10:31;17/7/2024 10:36;17/7/2024 11:04;250;239;0;conforme;Rendimiento dentro de lo esperado
LOT00347;25/3/2025;Sellador Acrílico para Fisuras;Tambor;Mañana;25/3/2025 06:45;25/3/2025 07:29;;;25/3/2025 07:36;25/3/2025 08:03;25/3/2025 08:14;25/3/2025 08:30;25/3/2025 08:38;25/3/2025 09:07;25/3/2025 09:10;25/3/2025 09:31;25;24;0;Liberado;Sin novedad
LOT00348;26/2/2025;Barniz Catalizado Alto Brillo;Tambor;Tarde;26/2/2025 14:14;26/2/2025 15:01;26/2/2025 15:16;26/2/2025 15:38;26/2/2025 15:52;26/2/2025 16:44;26/2/2025 16:56;26/2/2025 17:14;26/2/2025 17:19;26/2/2025 18:17;26/2/2025 18:27;26/2/2025 19:02;10;7;1;En reproceso;Se repasó por molienda adicional 20 min
LOT00349;9/7/2024;Látex Acrílico Exterior Premium;1/4 Galón;Noche;9/7/2024 22:15;9/7/2024 22:55;9/7/2024 23:07;9/7/2024 23:35;9/7/2024 23:40;10/7/2024 00:01;10/7/2024 00:04;10/7/2024 00:20;10/7/2024 00:32;10/7/2024 00:52;10/7/2024 01:07;10/7/2024 01:27;200;179;16;REPROCESO PARCIAL;Ajuste de color con pigmento, segunda medición OK
LOT00350;19/6/2025;Recubrimiento Epóxico Alto Sólido;Cuñete;Noche;19/6/2025 22:28;19/6/2025 22:59;19/6/2025 23:11;20/6/2025 00:15;20/6/2025 00:21;20/6/2025 00:48;20/6/2025 00:52;20/6/2025 01:10;20/6/2025 01:20;20/6/2025 02:16;20/6/2025 02:31;20/6/2025 02:45;120;118;0;OK;
LOT00351;4/1/2025;Sellador Acrílico para Techos;Tambor;Mañana;;;;;4/1/2025 06:46;4/1/2025 07:07;4/1/2025 07:19;4/1/2025 07:37;4/1/2025 07:43;4/1/2025 08:24;4/1/2025 08:34;4/1/2025 08:53;10;8;0;APROBADO;
LOT00352;12/12/2024;Sellador Acrílico para Fisuras;Galón;Noche;12/12/2024 22:36;12/12/2024 23:09;;;12/12/2024 23:15;13/12/2024 00:30;13/12/2024 00:37;13/12/2024 01:02;13/12/2024 01:12;13/12/2024 01:49;13/12/2024 01:51;13/12/2024 02:25;100;96;0;Aprobado;
LOT00353;10/6/2025;Barniz para Madera Brillante;Balde;Tarde;10/6/2025 14:15;10/6/2025 14:50;10/6/2025 14:55;10/6/2025 15:56;10/6/2025 16:04;10/6/2025 16:56;10/6/2025 17:02;10/6/2025 17:27;10/6/2025 17:35;10/6/2025 18:34;10/6/2025 18:43;10/6/2025 19:21;60;57;0;Conforme;
LOT00354;30/1/2025;Anticorrosivo Marino Bicomponente;Balde;Noche;30/1/2025 22:20;30/1/2025 22:53;30/1/2025 22:59;30/1/2025 23:55;31/1/2025 00:06;31/1/2025 00:49;31/1/2025 01:02;31/1/2025 01:32;31/1/2025 01:37;31/1/2025 02:14;31/1/2025 02:17;31/1/2025 02:42;40;38;0;Conforme;
LOT00355;6/3/2025;Sellador Acrílico para Fisuras;Galón;Noche;6/3/2025 22:27;6/3/2025 23:17;;;6/3/2025 23:28;7/3/2025 00:31;7/3/2025 00:34;7/3/2025 01:00;7/3/2025 01:05;7/3/2025 02:03;7/3/2025 02:08;7/3/2025 02:35;200;191;1;Liberado;
LOT00356;21/9/2024;Esmalte al Agua Satinado;1/4 Galón;Mañana;21/9/2024 06:35;21/9/2024 07:15;21/9/2024 07:21;21/9/2024 08:11;21/9/2024 08:20;21/9/2024 08:56;21/9/2024 09:06;21/9/2024 09:28;21/9/2024 09:40;21/9/2024 09:57;21/9/2024 10:05;21/9/2024 10:40;300;286;0;Conforme;Turno sin incidentes
LOT00357;24/12/2024;Anticorrosivo Zincromato Amarillo;Balde;Noche;24/12/2024 22:12;24/12/2024 22:42;24/12/2024 22:44;24/12/2024 23:17;24/12/2024 23:31;24/12/2024 23:58;25/12/2024 00:13;25/12/2024 00:40;25/12/2024 00:53;25/12/2024 01:19;25/12/2024 01:32;25/12/2024 01:43;80;75;0;Conforme;Sin novedad
LOT00358;29/11/2024;Látex Texturizado para Fachadas;Galón;Tarde;29/11/2024 14:34;29/11/2024 15:07;29/11/2024 15:19;29/11/2024 15:44;29/11/2024 15:58;29/11/2024 16:47;29/11/2024 17:01;29/11/2024 17:23;29/11/2024 17:25;29/11/2024 18:00;29/11/2024 18:12;29/11/2024 18:45;250;241;0;OK;Rendimiento dentro de lo esperado
LOT00359;29/7/2024;Esmalte Alto Tráfico Gris;Galón;tarde;29/7/2024 14:14;29/7/2024 14:48;29/7/2024 14:57;29/7/2024 15:54;29/7/2024 15:56;29/7/2024 16:20;29/7/2024 16:30;29/7/2024 16:47;29/7/2024 16:56;29/7/2024 17:31;29/7/2024 17:44;29/7/2024 18:17;200;192;0;Conforme;
LOT00360;29/7/2024;Barniz Marino Poliuretánico;Galón;Noche;29/7/2024 22:10;29/7/2024 22:58;29/7/2024 23:03;29/7/2024 23:45;29/7/2024 23:49;30/7/2024 00:56;30/7/2024 01:03;30/7/2024 01:16;30/7/2024 01:24;30/7/2024 02:19;30/7/2024 02:34;30/7/2024 03:12;250;243;0;Liberado;OK
LOT00361;3/2/2025;Esmalte Antióxido Rojo Óxido;Galón;Tarde;3/2/2025 14:38;3/2/2025 15:12;3/2/2025 15:25;3/2/2025 16:30;3/2/2025 16:38;3/2/2025 17:49;3/2/2025 18:02;3/2/2025 18:26;3/2/2025 18:41;3/2/2025 19:18;3/2/2025 19:20;3/2/2025 19:31;300;299;0;Conforme;Sin observaciones
LOT00362;17/4/2025;Fondo Anticorrosivo Gris;Cuñete;Mañana;17/4/2025 06:07;17/4/2025 06:39;17/4/2025 06:43;17/4/2025 07:08;17/4/2025 07:14;17/4/2025 08:16;17/4/2025 08:20;17/4/2025 08:37;17/4/2025 08:43;17/4/2025 09:09;17/4/2025 09:15;17/4/2025 09:52;100;94;0;Liberado;Lote conforme a especificaciones
LOT00363;24/5/2025;Anticorrosivo Base Zinc Inorgánico;Balde;Tarde;24/5/2025 14:21;24/5/2025 15:05;24/5/2025 15:15;24/5/2025 16:02;24/5/2025 16:05;24/5/2025 17:11;24/5/2025 17:13;24/5/2025 17:23;24/5/2025 17:32;24/5/2025 18:30;24/5/2025 18:42;24/5/2025 19:15;60;57;0;OK;Producción normal
LOT00364;1/3/2025;Anticorrosivo Zincromato Amarillo;Cuñete;Tarde;1/3/2025 14:04;1/3/2025 14:32;1/3/2025 14:37;1/3/2025 15:33;1/3/2025 15:39;1/3/2025 16:47;1/3/2025 16:55;1/3/2025 17:14;1/3/2025 17:23;1/3/2025 18:14;1/3/2025 18:26;1/3/2025 19:06;80;77;0;Liberado; sin observaciones 
lot00365;30/12/2024;Látex Vinílico Interior Blanco;1/4 galón;Noche;30/12/2024 22:15;30/12/2024 22:43;30/12/2024 22:57;30/12/2024 23:20;30/12/2024 23:25;31/12/2024 00:15;31/12/2024 00:17;31/12/2024 00:46;31/12/2024 00:55;31/12/2024 01:50;31/12/2024 02:03;31/12/2024 02:39;300;216;36;Rechazado;pH alto, se requiere ajuste con ácido
LOT00366;2/1/2025;Recubrimiento Epóxico Alto Sólido;Tambor;Noche;2/1/2025 22:38;2/1/2025 23:18;2/1/2025 23:24;3/1/2025 00:01;3/1/2025 00:07;3/1/2025 00:52;3/1/2025 00:56;3/1/2025 01:20;3/1/2025 01:34;3/1/2025 02:13;3/1/2025 02:22;3/1/2025 02:58;30;29;0;Aprobado;Sin observaciones
LOT00367;27/3/2025;Látex Acrílico Exterior Premium;Galón;Noche;27/3/2025 22:22;27/3/2025 22:55;;;27/3/2025 23:06;28/3/2025 00:14;28/3/2025 00:22;28/3/2025 00:33;28/3/2025 00:41;28/3/2025 01:06;28/3/2025 01:14;28/3/2025 01:33;150;150;0;Conforme;OK
 LOT00368 ;15/7/2024;Recubrimiento Poliuretánico para Piso;Tambor;Mañana;15/7/2024 06:04;15/7/2024 06:44;15/7/2024 06:57;15/7/2024 07:30;15/7/2024 07:34;15/7/2024 08:50;15/7/2024 09:00;15/7/2024 09:27;15/7/2024 09:33;15/7/2024 09:59;15/7/2024 10:05;15/7/2024 10:37;15;15;0;Liberado;Producción normal
LOT00369;17/7/2024;Esmalte Alto Tráfico Gris;1/4 Galón;Mañana;17/7/2024 06:38;17/7/2024 07:23;17/7/2024 07:26;17/7/2024 08:10;17/7/2024 08:19;17/7/2024 08:54;17/7/2024 09:04;17/7/2024 09:22;17/7/2024 09:31;17/7/2024 10:15;17/7/2024 10:25;17/7/2024 10:55;400;394;0;OK;
LOT00370;20/11/2024;Recubrimiento Poliuretánico para Piso;balde;Mañana;20/11/2024 06:42;20/11/2024 07:29;20/11/2024 07:38;20/11/2024 08:34;20/11/2024 08:44;20/11/2024 10:04;20/11/2024 10:13;20/11/2024 10:41;20/11/2024 10:55;20/11/2024 11:17;20/11/2024 11:30;20/11/2024 12:06;120;114;0;OK;Rendimiento dentro de lo esperado
LOT00371;20/8/2024;Látex Acrílico Exterior Premium;Balde;Noche;20/8/2024 22:25;20/8/2024 22:55;20/8/2024 23:09;21/8/2024 00:18;21/8/2024 00:33;21/8/2024 01:46;21/8/2024 01:55;21/8/2024 02:08;21/8/2024 02:11;21/8/2024 02:32;21/8/2024 02:42;21/8/2024 03:13;100;98;1;ok;OK
LOT00372;24/3/2025;Barniz Marino Poliuretánico;Galón;Mañana;24/3/2025 06:13;24/3/2025 06:31;;;24/3/2025 06:33;24/3/2025 07:46;24/3/2025 07:53;24/3/2025 08:03;24/3/2025 08:10;24/3/2025 08:58;24/3/2025 09:08;24/3/2025 09:37;100;95;0;Aprobado;Sin observaciones
LOT00373;5/2/2025;Sellador de Silicona Neutra;Tambor;Noche;;;;;5/2/2025 22:17;5/2/2025 23:14;5/2/2025 23:24;5/2/2025 23:50;5/2/2025 23:53;6/2/2025 00:51;6/2/2025 01:00;6/2/2025 01:10;10;9;0;OK;Turno sin incidentes
 LOT00374 ;22/8/2024;Esmalte Antióxido Rojo Óxido;1/4 Galón;Noche;22/8/2024 22:41;22/8/2024 23:08;22/8/2024 23:22;23/8/2024 00:01;23/8/2024 00:06;23/8/2024 00:47;23/8/2024 00:51;23/8/2024 01:18;23/8/2024 01:22;23/8/2024 01:46;23/8/2024 01:59;23/8/2024 02:21;600;595;0;OK;Sin observaciones
LOT00375;30/12/2024;Recubrimiento Epóxico Piso Industrial;Tambor;Noche;30/12/2024 22:02;30/12/2024 22:25;30/12/2024 22:28;30/12/2024 23:04;30/12/2024 23:13;30/12/2024 23:31;30/12/2024 23:37;30/12/2024 23:54;30/12/2024 23:57;31/12/2024 00:55;31/12/2024 01:00;31/12/2024 01:11;10;8;2;Ajuste en proceso;Se adicionó solvente para ajustar viscosidad
LOT00376;13/6/2025;Esmalte al Agua Satinado;Cuñete;Mañana;13/6/2025 06:07;13/6/2025 06:52;13/6/2025 07:04;13/6/2025 08:12;13/6/2025 08:21;13/6/2025 09:08;13/6/2025 09:11;13/6/2025 09:27;13/6/2025 09:42;13/6/2025 10:25;13/6/2025 10:27;13/6/2025 10:46;40;40;0;Conforme;Sin observaciones
LOT00377;3/4/2025;Anticorrosivo Marino Bicomponente; Cuñete ;Tarde;3/4/2025 14:30;3/4/2025 15:11;3/4/2025 15:15;3/4/2025 15:38;3/4/2025 15:47;3/4/2025 16:19;3/4/2025 16:32;3/4/2025 17:01;3/4/2025 17:10;3/4/2025 17:47;3/4/2025 17:50;3/4/2025 18:23;100;97;0; OK ;Sin observaciones
LOT00378;16/1/2025;Recubrimiento Epóxico Alto Sólido;Tambor;Tarde;16/1/2025 14:27;16/1/2025 14:47;16/1/2025 14:56;16/1/2025 15:45;16/1/2025 15:54;16/1/2025 16:21;16/1/2025 16:33;16/1/2025 16:47;16/1/2025 16:57;16/1/2025 17:44;16/1/2025 17:59;16/1/2025 18:12;30;30;1;Aprobado; sin novedad 
LOT00379;15/7/2024;Barniz Catalizado Alto Brillo;Tambor;Tarde;;;15/7/2024 14:43;15/7/2024 15:30;15/7/2024 15:43;15/7/2024 16:53;15/7/2024 16:59;15/7/2024 17:18;15/7/2024 17:25;15/7/2024 18:13;15/7/2024 18:16;15/7/2024 18:44;10;10;1;Aprobado;Lote conforme a especificaciones
LOT00380;30/4/2025;Fondo Anticorrosivo Gris;Cuñete;Mañana;30/4/2025 06:19;30/4/2025 07:08;30/4/2025 07:17;30/4/2025 08:12;30/4/2025 08:14;30/4/2025 09:21;30/4/2025 09:31;30/4/2025 09:43;30/4/2025 09:46;30/4/2025 10:08;30/4/2025 10:18;30/4/2025 10:50;120;114;0;Liberado;
LOT00381;16/1/2025;Látex Económico Interior;1/4 Galón;Tarde;16/1/2025 14:33;16/1/2025 15:11;16/1/2025 15:26;16/1/2025 16:19;16/1/2025 16:22;16/1/2025 17:21;16/1/2025 17:25;16/1/2025 17:41;16/1/2025 17:53;16/1/2025 18:23;16/1/2025 18:38;16/1/2025 19:08;300;290;0;Conforme;Sin novedad
LOT00382;8/8/2024;Anticorrosivo Zincromato Amarillo;Tambor;Noche;8/8/2024 22:25;8/8/2024 23:14;8/8/2024 23:17;8/8/2024 23:47;8/8/2024 23:58;9/8/2024 00:33;9/8/2024 00:39;9/8/2024 00:50;9/8/2024 01:05;9/8/2024 01:42;9/8/2024 01:57;9/8/2024 02:34;25;25;0;Conforme;Rendimiento dentro de lo esperado
LOT00383;25/12/2024;Barniz Catalizado Alto Brillo;Galón;Tarde;25/12/2024 14:14;25/12/2024 14:54;25/12/2024 15:00;25/12/2024 15:27;25/12/2024 15:33;25/12/2024 15:58;25/12/2024 16:04;25/12/2024 16:16;25/12/2024 16:26;25/12/2024 16:49;25/12/2024 17:04;25/12/2024 17:24;300;289;0;Conforme;Sin observaciones
LOT00384;18/10/2024;Barniz para Madera Brillante;Galón;Mañana;18/10/2024 06:14;18/10/2024 06:50;;;18/10/2024 07:03;18/10/2024 07:44;18/10/2024 07:46;18/10/2024 08:05;18/10/2024 08:11;18/10/2024 08:30;18/10/2024 08:41;18/10/2024 08:54;250;248;0;Conforme;Turno sin incidentes
LOT00385;2/8/2024;Látex Lavable Mate;Galón;Tarde;2/8/2024 14:10;2/8/2024 14:50;2/8/2024 14:54;2/8/2024 15:24;2/8/2024 15:26;2/8/2024 15:59;2/8/2024 16:10;2/8/2024 16:37;2/8/2024 16:39;2/8/2024 17:11;2/8/2024 17:18;2/8/2024 17:53;200;197;0;Liberado;Sin novedad
LOT00386;28/5/2025;Recubrimiento Poliuretánico UV; Tambor ;Noche;28/5/2025 22:39;28/5/2025 23:27;28/5/2025 23:37;28/5/2025 23:58;29/5/2025 00:07;29/5/2025 00:52;29/5/2025 01:03;29/5/2025 01:17;29/5/2025 01:29;29/5/2025 02:02;29/5/2025 02:09;29/5/2025 02:49;20;17;2;AJUSTE EN PROCESO;Reproceso parcial: se filtró y re-envasó
LOT00387;2/8/2024;Esmalte Sintético Brillante Blanco;1/4 GALÓN;Noche;2/8/2024 22:38;2/8/2024 22:54;2/8/2024 23:04;2/8/2024 23:53;2/8/2024 23:57;3/8/2024 00:20;3/8/2024 00:28;3/8/2024 00:56;3/8/2024 00:59;3/8/2024 01:48;3/8/2024 02:01;3/8/2024 02:16;300;287;0;Aprobado;Sin observaciones
LOT00388;30/10/2024;Barniz Catalizado Alto Brillo;Tambor;Tarde;30/10/2024 14:29;30/10/2024 15:07;30/10/2024 15:11;30/10/2024 15:38;30/10/2024 15:52;30/10/2024 16:31;30/10/2024 16:33;30/10/2024 16:54;30/10/2024 16:56;30/10/2024 17:29;30/10/2024 17:40;30/10/2024 18:17;15;8;2;No conforme;Viscosidad fuera de rango, se envía a reproceso
LOT00389;24/6/2025;Fondo Anticorrosivo Gris;Balde;Tarde;24/6/2025 14:26;24/6/2025 15:03;24/6/2025 15:07;24/6/2025 16:13;24/6/2025 16:21;24/6/2025 17:05;24/6/2025 17:07;24/6/2025 17:29;24/6/2025 17:44;24/6/2025 18:03;24/6/2025 18:17;24/6/2025 18:45;80;79;0;Aprobado;
lot00390;19/6/2025;Esmalte Sintético Brillante Blanco;Balde;Noche;19/6/2025 22:11;19/6/2025 22:31;19/6/2025 22:39;19/6/2025 23:45;19/6/2025 23:58;20/6/2025 00:59;20/6/2025 01:05;20/6/2025 01:15;20/6/2025 01:18;20/6/2025 02:11;20/6/2025 02:26;20/6/2025 02:49;80;79;0;Conforme;
LOT00391;29/10/2024;Esmalte Sintético Brillante Blanco;Tambor;Tarde;29/10/2024 14:24;29/10/2024 15:14;29/10/2024 15:16;29/10/2024 16:00;29/10/2024 16:09;29/10/2024 16:50;29/10/2024 16:57;29/10/2024 17:09;29/10/2024 17:11;29/10/2024 17:35;29/10/2024 17:41;29/10/2024 18:21;25;24;1;Liberado;
LOT00392;23/6/2025;Sellador Acrílico para Techos;Galón;Mañana;;;23/6/2025 06:43;23/6/2025 07:30;23/6/2025 07:33;23/6/2025 08:17;23/6/2025 08:20;23/6/2025 08:45;23/6/2025 08:49;23/6/2025 09:34;23/6/2025 09:41;23/6/2025 10:16;300;296;0;Conforme;Sin novedad
LOT00393;4/12/2024;Sellador Acrílico para Fisuras;Galón;Tarde;;;4/12/2024 14:13;4/12/2024 15:09;4/12/2024 15:19;4/12/2024 16:39;4/12/2024 16:43;4/12/2024 17:07;4/12/2024 17:10;4/12/2024 17:28;4/12/2024 17:37;4/12/2024 18:06;150;148;0;CONFORME;OK
LOT00394;29/1/2025;Sellador Acrílico para Techos;1/4 Galón;Tarde;29/1/2025 14:21;29/1/2025 15:07;;;29/1/2025 15:09;29/1/2025 15:40;29/1/2025 15:50;29/1/2025 16:03;29/1/2025 16:18;29/1/2025 16:38;29/1/2025 16:50;29/1/2025 17:02;600;576;0;Aprobado;OK
lot00395;26/7/2024;Esmalte Antióxido Rojo Óxido;Tambor;Noche;26/7/2024 22:41;26/7/2024 23:27;26/7/2024 23:30;27/7/2024 00:34;27/7/2024 00:42;27/7/2024 01:55;27/7/2024 02:10;27/7/2024 02:30;27/7/2024 02:43;27/7/2024 03:03;27/7/2024 03:10;27/7/2024 03:48;30;13;6;Rechazado;Viscosidad fuera de rango, se envía a reproceso
LOT00396;14/11/2024;Sellador de Silicona Neutra;Galón;Mañana;;;14/11/2024 06:39;14/11/2024 07:48;14/11/2024 07:59;14/11/2024 08:54;14/11/2024 09:00;14/11/2024 09:12;14/11/2024 09:21;14/11/2024 09:57;14/11/2024 10:04;14/11/2024 10:27;200;169;5; Ajuste en proceso ;Se repasó por molienda adicional 20 min
LOT00397;28/5/2025;Látex Económico Interior;Galón;Tarde;28/5/2025 14:17;28/5/2025 15:06;;;28/5/2025 15:08;28/5/2025 15:51;28/5/2025 16:06;28/5/2025 16:36;28/5/2025 16:43;28/5/2025 16:58;28/5/2025 17:04;28/5/2025 17:26;250;247;0; Aprobado ;Sin observaciones
LOT00398;7/5/2025;Esmalte Alto Tráfico Gris;Balde;Mañana;7/5/2025 06:13;7/5/2025 07:00;;;7/5/2025 07:14;7/5/2025 07:47;7/5/2025 07:57;7/5/2025 08:09;7/5/2025 08:15;7/5/2025 08:40;7/5/2025 08:53;7/5/2025 09:10;100;98;0;Aprobado;Turno sin incidentes
LOT00399;29/3/2025;Látex Vinílico Interior Blanco;Balde;Mañana;29/3/2025 06:35;29/3/2025 07:02;;;29/3/2025 07:10;29/3/2025 07:35;29/3/2025 07:49;29/3/2025 08:13;29/3/2025 08:15;29/3/2025 08:41;29/3/2025 08:48;29/3/2025 09:28;60;58;0;Aprobado;Rendimiento dentro de lo esperado
LOT00400;23/9/2024;Recubrimiento Poliuretánico para Piso;Tambor;Noche;23/9/2024 22:11;23/9/2024 22:53;23/9/2024 23:08;23/9/2024 23:56;24/9/2024 00:01;24/9/2024 01:09;24/9/2024 01:13;24/9/2024 01:32;24/9/2024 01:40;24/9/2024 02:30;24/9/2024 02:38;24/9/2024 03:13;25;23;0;OK;
LOT00401;14/4/2025; Sellador Poliuretánico para Juntas ;Galón;Mañana;;;14/4/2025 06:22;14/4/2025 07:30;14/4/2025 07:38;14/4/2025 08:09;14/4/2025 08:20;14/4/2025 08:40;14/4/2025 08:50;14/4/2025 09:47;14/4/2025 10:02;14/4/2025 10:37;150;143;0;OK;
LOT00402;3/7/2024; Barniz Marino Poliuretánico ;Cuñete;Noche;3/7/2024 22:28;3/7/2024 22:55;;;3/7/2024 23:00;3/7/2024 23:36;3/7/2024 23:45;4/7/2024 00:15;4/7/2024 00:28;4/7/2024 00:47;4/7/2024 00:54;4/7/2024 01:18;80;57;2;Reproceso parcial;Se adicionó solvente para ajustar viscosidad
LOT00403;28/6/2025;Esmalte Alto Tráfico Gris;Cuñete; Mañana ;28/6/2025 06:33;28/6/2025 06:50;28/6/2025 06:53;28/6/2025 07:28;28/6/2025 07:31;28/6/2025 08:05;28/6/2025 08:16;28/6/2025 08:44;28/6/2025 08:46;28/6/2025 09:14;28/6/2025 09:17;28/6/2025 09:56;40;38;0;Conforme;
LOT00404;29/7/2024;Recubrimiento Poliuretánico UV;Cuñete;Noche;29/7/2024 22:22;29/7/2024 23:08;29/7/2024 23:19;29/7/2024 23:41;29/7/2024 23:49;30/7/2024 00:07;30/7/2024 00:14;30/7/2024 00:26;30/7/2024 00:41;30/7/2024 01:34;30/7/2024 01:40;30/7/2024 02:11;60;59;0;OK;Rendimiento dentro de lo esperado
LOT00405;7/2/2025;Recubrimiento Epóxico Piso Industrial;Cuñete;Tarde;7/2/2025 14:11;7/2/2025 15:01;7/2/2025 15:10;7/2/2025 15:42;7/2/2025 15:57;7/2/2025 16:26;7/2/2025 16:36;7/2/2025 16:47;7/2/2025 16:55;7/2/2025 17:13;7/2/2025 17:24;7/2/2025 17:52;120;114;0;Conforme;Rendimiento dentro de lo esperado
LOT00406;17/8/2024;Esmalte Antióxido Rojo Óxido;CUÑETE;Tarde;17/8/2024 14:16;17/8/2024 14:34;17/8/2024 14:49;17/8/2024 15:10;17/8/2024 15:23;17/8/2024 16:24;17/8/2024 16:30;17/8/2024 16:45;17/8/2024 16:57;17/8/2024 17:17;17/8/2024 17:25;17/8/2024 17:59;60;58;2;ok;Lote conforme a especificaciones
LOT00407;16/6/2025;Esmalte Antióxido Rojo Óxido;Tambor;Mañana;16/6/2025 06:12;16/6/2025 06:29;16/6/2025 06:35;16/6/2025 07:12;16/6/2025 07:19;16/6/2025 08:29;16/6/2025 08:35;16/6/2025 09:02;16/6/2025 09:11;16/6/2025 10:05;16/6/2025 10:11;16/6/2025 10:38;10;8;2;Reproceso parcial;Se adicionó solvente para ajustar viscosidad
LOT00408;4/6/2025;Recubrimiento Vinil-éster para Tanques;Balde;Noche;4/6/2025 22:28;4/6/2025 23:10;4/6/2025 23:20;4/6/2025 23:46;5/6/2025 00:00;5/6/2025 01:09;5/6/2025 01:24;5/6/2025 01:52;5/6/2025 02:03;5/6/2025 02:48;5/6/2025 02:56;5/6/2025 03:21;100;99;0;Conforme;Producción normal
LOT00409;6/5/2025;barniz marino transparente;Cuñete;Mañana;6/5/2025 06:26;6/5/2025 06:42;;;6/5/2025 06:49;6/5/2025 08:00;6/5/2025 08:03;6/5/2025 08:22;6/5/2025 08:35;6/5/2025 09:12;6/5/2025 09:27;6/5/2025 10:02;40;38;1;Aprobado;Lote conforme a especificaciones
LOT00410;12/5/2025;sellador acrílico para techos;Balde;Noche;;;12/5/2025 22:57;12/5/2025 23:32;12/5/2025 23:38;13/5/2025 00:33;13/5/2025 00:41;13/5/2025 01:01;13/5/2025 01:13;13/5/2025 01:31;13/5/2025 01:43;13/5/2025 02:03;60;57;0;Conforme;Turno sin incidentes
LOT00411;2/4/2025;Sellador Acrílico para Fisuras;1/4 Galón;Noche;2/4/2025 22:18;2/4/2025 22:41;2/4/2025 22:54;2/4/2025 23:46;2/4/2025 23:53;3/4/2025 00:54;3/4/2025 00:57;3/4/2025 01:11;3/4/2025 01:13;3/4/2025 01:52;3/4/2025 01:55;3/4/2025 02:14;200;108;32;Rechazado;Contaminación detectada, lote aislado
LOT00412;17/1/2025;Recubrimiento Epóxico Alto Sólido;Cuñete;Tarde;17/1/2025 14:08;17/1/2025 14:53;17/1/2025 14:59;17/1/2025 15:26;17/1/2025 15:33;17/1/2025 16:43;17/1/2025 16:50;17/1/2025 17:12;17/1/2025 17:16;17/1/2025 18:07;17/1/2025 18:14;17/1/2025 18:33;100;98;0;Conforme;Rendimiento dentro de lo esperado
LOT00413;10/5/2025;Látex Antihongos para Baños;1/4 Galón;Noche;10/5/2025 22:35;10/5/2025 23:23;10/5/2025 23:33;10/5/2025 23:53;11/5/2025 00:03;11/5/2025 00:50;11/5/2025 00:52;11/5/2025 01:20;11/5/2025 01:22;11/5/2025 01:59;11/5/2025 02:05;11/5/2025 02:27;400;391;0;OK;
LOT00414;21/9/2024;Barniz Marino Transparente;Tambor;Noche;21/9/2024 22:15;21/9/2024 22:34;21/9/2024 22:43;21/9/2024 23:06;21/9/2024 23:11;21/9/2024 23:58;22/9/2024 00:07;22/9/2024 00:22;22/9/2024 00:27;22/9/2024 01:14;22/9/2024 01:19;22/9/2024 01:46;15;14;0;OK;Rendimiento dentro de lo esperado
LOT00415;10/6/2025;Anticorrosivo Base Zinc Inorgánico;Balde;Tarde;10/6/2025 14:29;10/6/2025 14:55;10/6/2025 14:59;10/6/2025 15:52;10/6/2025 15:55;10/6/2025 17:04;10/6/2025 17:15;10/6/2025 17:43;10/6/2025 17:47;10/6/2025 18:16;10/6/2025 18:20;10/6/2025 18:35;40;38;0;Conforme;
LOT00416;25/7/2024;Fondo Anticorrosivo Gris;Tambor;Mañana;25/7/2024 06:18;25/7/2024 06:58;25/7/2024 07:08;25/7/2024 07:45;25/7/2024 07:57;25/7/2024 09:00;25/7/2024 09:04;25/7/2024 09:27;25/7/2024 09:40;25/7/2024 10:06;25/7/2024 10:08;25/7/2024 10:31;30;28;2;Aprobado;Rendimiento dentro de lo esperado
LOT00417;12/4/2025;Látex Lavable Mate;Galón;Mañana;12/4/2025 06:37;12/4/2025 07:09;12/4/2025 07:17;12/4/2025 08:01;12/4/2025 08:06;12/4/2025 08:21;12/4/2025 08:27;12/4/2025 08:44;12/4/2025 08:59;12/4/2025 09:17;12/4/2025 09:31;12/4/2025 09:43;100;99;0;Conforme;Sin novedad
LOT00418;23/8/2024;Esmalte Alto Tráfico Gris;Cuñete;Noche;23/8/2024 22:03;23/8/2024 22:19;23/8/2024 22:23;23/8/2024 23:12;23/8/2024 23:19;23/8/2024 23:54;24/8/2024 00:05;24/8/2024 00:29;24/8/2024 00:40;24/8/2024 01:35;24/8/2024 01:44;24/8/2024 01:57;80;77;0;Conforme;Sin observaciones
lot00419;29/1/2025;Anticorrosivo Zincromato Amarillo;Cuñete;Mañana;29/1/2025 06:09;29/1/2025 06:44;29/1/2025 06:47;29/1/2025 07:55;29/1/2025 08:05;29/1/2025 08:32;29/1/2025 08:35;29/1/2025 09:01;29/1/2025 09:13;29/1/2025 09:55;29/1/2025 10:02;29/1/2025 10:37;40;38;0;Liberado;
LOT00420;28/1/2025;Recubrimiento Epóxico Piso Industrial;Tambor;Mañana;28/1/2025 06:20;28/1/2025 06:35;28/1/2025 06:45;28/1/2025 07:19;28/1/2025 07:21;28/1/2025 07:58;28/1/2025 08:00;28/1/2025 08:23;28/1/2025 08:30;28/1/2025 08:49;28/1/2025 08:56;28/1/2025 09:28;10;10;0;Liberado;Rendimiento dentro de lo esperado
LOT00421;19/7/2024;Látex Texturizado para Fachadas;Galón;Mañana;19/7/2024 06:17;19/7/2024 06:49;;;19/7/2024 06:55;19/7/2024 07:58;19/7/2024 08:12;19/7/2024 08:29;19/7/2024 08:43;19/7/2024 09:16;19/7/2024 09:24;19/7/2024 09:38;300;298;0;Aprobado;
LOT00422;9/5/2025;Sellador Acrílico para Techos;Balde;Tarde;;;;;9/5/2025 14:28;9/5/2025 15:00;9/5/2025 15:05;9/5/2025 15:27;9/5/2025 15:33;9/5/2025 15:55;9/5/2025 16:07;9/5/2025 16:33;120;80;23;No conforme;Densidad fuera de especificación
lot00423;3/9/2024;Látex Acrílico Exterior Premium;Cuñete;Noche;3/9/2024 22:14;3/9/2024 22:59;3/9/2024 23:07;3/9/2024 23:54;3/9/2024 23:59;4/9/2024 00:16;4/9/2024 00:18;4/9/2024 00:39;4/9/2024 00:45;4/9/2024 01:06;4/9/2024 01:16;4/9/2024 01:40;80;79;0;ok;Lote conforme a especificaciones
LOT00424;31/7/2024;Látex Lavable Mate;Cuñete;NOCHE;31/7/2024 22:06;31/7/2024 22:36;31/7/2024 22:48;31/7/2024 23:22;31/7/2024 23:34;1/8/2024 00:47;1/8/2024 00:56;1/8/2024 01:09;1/8/2024 01:11;1/8/2024 01:51;1/8/2024 01:53;1/8/2024 02:13;40;38;0; aprobado ;
LOT00425;23/11/2024;Sellador Acrílico para Techos; Tambor ;Noche;;;23/11/2024 22:27;23/11/2024 22:52;23/11/2024 23:03;24/11/2024 00:21;24/11/2024 00:24;24/11/2024 00:52;24/11/2024 01:05;24/11/2024 01:29;24/11/2024 01:31;24/11/2024 01:42;30;29;2;OK;
LOT00426;1/3/2025;recubrimiento vinil-éster para tanques;Cuñete;Tarde;1/3/2025 14:18;1/3/2025 14:59;1/3/2025 15:01;1/3/2025 15:34;1/3/2025 15:44;1/3/2025 16:37;1/3/2025 16:44;1/3/2025 17:01;1/3/2025 17:08;1/3/2025 17:31;1/3/2025 17:46;1/3/2025 17:58;120;85;8;No conforme;Densidad fuera de especificación
LOT00427;4/9/2024;Sellador Poliuretánico para Juntas;Tambor;Mañana;;;;;4/9/2024 06:38;4/9/2024 06:59;4/9/2024 07:06;4/9/2024 07:36;4/9/2024 07:47;4/9/2024 08:03;4/9/2024 08:11;4/9/2024 08:24;30;28;0;OK;Turno sin incidentes
LOT00428;19/4/2025;Anticorrosivo Zincromato Amarillo;Tambor;Mañana;19/4/2025 06:08;19/4/2025 06:33;19/4/2025 06:48;19/4/2025 07:49;19/4/2025 07:53;19/4/2025 08:48;19/4/2025 08:57;19/4/2025 09:22;19/4/2025 09:36;19/4/2025 10:16;19/4/2025 10:25;19/4/2025 10:42;20;20;0;Conforme;
LOT00429;8/3/2025;Esmalte al Agua Satinado;Tambor;Mañana;8/3/2025 06:00;8/3/2025 06:17;8/3/2025 06:27;8/3/2025 07:17;8/3/2025 07:22;8/3/2025 07:37;8/3/2025 07:45;8/3/2025 07:57;8/3/2025 08:00;8/3/2025 08:51;8/3/2025 08:59;8/3/2025 09:11;25;24;0;Aprobado;Rendimiento dentro de lo esperado
LOT00430;21/2/2025;Recubrimiento Vinil-éster para Tanques;TAMBOR;Mañana;21/2/2025 06:38;21/2/2025 07:01;21/2/2025 07:04;21/2/2025 08:09;21/2/2025 08:12;21/2/2025 09:32;21/2/2025 09:45;21/2/2025 10:03;21/2/2025 10:07;21/2/2025 10:28;21/2/2025 10:30;21/2/2025 10:54;30;29;0;Aprobado;Sin observaciones
LOT00431;19/4/2025;Sellador de Silicona Neutra;Cuñete;MAÑANA;;;;;19/4/2025 06:18;19/4/2025 07:16;19/4/2025 07:30;19/4/2025 07:55;19/4/2025 07:59;19/4/2025 08:23;19/4/2025 08:36;19/4/2025 09:08;120;117;0;Conforme;Producción normal
LOT00432;18/11/2024;Barniz Marino Poliuretánico;Cuñete;Mañana;18/11/2024 06:41;18/11/2024 07:05;18/11/2024 07:15;18/11/2024 08:24;18/11/2024 08:31;18/11/2024 08:47;18/11/2024 08:55;18/11/2024 09:14;18/11/2024 09:28;18/11/2024 10:18;18/11/2024 10:23;18/11/2024 10:41;120;85;3;Reproceso parcial;Se repasó por molienda adicional 20 min
LOT00433;20/8/2024;Recubrimiento Epóxico Alto Sólido;Cuñete;Mañana;20/8/2024 06:25;20/8/2024 06:55;20/8/2024 07:06;20/8/2024 08:10;20/8/2024 08:22;20/8/2024 09:08;20/8/2024 09:13;20/8/2024 09:30;20/8/2024 09:33;20/8/2024 10:23;20/8/2024 10:31;20/8/2024 11:02;60;57;0;Aprobado;Rendimiento dentro de lo esperado
LOT00434;28/1/2025;Esmalte Sintético Brillante Blanco;Balde;Mañana;28/1/2025 06:26;28/1/2025 06:54;28/1/2025 07:04;28/1/2025 07:33;28/1/2025 07:38;28/1/2025 08:09;28/1/2025 08:22;28/1/2025 08:50;28/1/2025 09:04;28/1/2025 09:45;28/1/2025 09:49;28/1/2025 10:00;40;38;0;OK;Sin observaciones
LOT00435;25/1/2025;Anticorrosivo Epóxico Industrial;Tambor;Tarde;25/1/2025 14:23;25/1/2025 14:54;25/1/2025 15:01;25/1/2025 16:11;25/1/2025 16:16;25/1/2025 16:34;25/1/2025 16:41;25/1/2025 16:52;25/1/2025 16:57;25/1/2025 17:27;25/1/2025 17:39;25/1/2025 18:11;10;10;1;Aprobado;
LOT00436;22/5/2025;Recubrimiento Poliuretánico UV;Balde;Tarde;22/5/2025 14:01;22/5/2025 14:31;22/5/2025 14:43;22/5/2025 15:06;22/5/2025 15:19;22/5/2025 15:34;22/5/2025 15:46;22/5/2025 16:02;22/5/2025 16:05;22/5/2025 16:44;22/5/2025 16:55;22/5/2025 17:33;60;57;0; Liberado ;
LOT00437;1/7/2024;Anticorrosivo Base Zinc Inorgánico;Tambor;Noche;1/7/2024 22:30;1/7/2024 22:56;1/7/2024 23:07;1/7/2024 23:37;1/7/2024 23:50;2/7/2024 00:56;2/7/2024 01:00;2/7/2024 01:22;2/7/2024 01:36;2/7/2024 02:27;2/7/2024 02:39;2/7/2024 03:15;20;15;2;En reproceso;Se corrigió fórmula, pendiente segunda aprobación
LOT00438;10/9/2024;Barniz para Madera Brillante;Balde;Tarde;10/9/2024 14:31;10/9/2024 14:50;10/9/2024 14:55;10/9/2024 15:30;10/9/2024 15:35;10/9/2024 16:46;10/9/2024 16:56;10/9/2024 17:06;10/9/2024 17:16;10/9/2024 18:11;10/9/2024 18:15;10/9/2024 18:25;80;79;0;OK;Turno sin incidentes
LOT00439;3/5/2025;LÁTEX ECONÓMICO INTERIOR;Galón;Mañana;3/5/2025 06:21;3/5/2025 06:54;;;3/5/2025 07:02;3/5/2025 07:21;3/5/2025 07:24;3/5/2025 07:39;3/5/2025 07:49;3/5/2025 08:08;3/5/2025 08:21;3/5/2025 08:39;250;237;0;OK; sin observaciones 
LOT00440;2/4/2025;Anticorrosivo Marino Bicomponente;Tambor;Noche;2/4/2025 22:04;2/4/2025 22:48;2/4/2025 23:00;3/4/2025 00:03;3/4/2025 00:06;3/4/2025 00:22;3/4/2025 00:24;3/4/2025 00:43;3/4/2025 00:45;3/4/2025 01:35;3/4/2025 01:49;3/4/2025 02:23;30;29;0;Liberado;
LOT00441;11/7/2024;Anticorrosivo Base Zinc Inorgánico;CUÑETE;Mañana;11/7/2024 06:15;11/7/2024 06:44;11/7/2024 06:52;11/7/2024 07:15;11/7/2024 07:29;11/7/2024 08:28;11/7/2024 08:31;11/7/2024 08:48;11/7/2024 09:02;11/7/2024 09:28;11/7/2024 09:30;11/7/2024 09:55;80;79;1;Conforme;OK
lot00442;23/5/2025;Anticorrosivo Marino Bicomponente;Tambor;Mañana;23/5/2025 06:18;23/5/2025 07:05;23/5/2025 07:19;23/5/2025 07:59;23/5/2025 08:13;23/5/2025 09:22;23/5/2025 09:35;23/5/2025 09:46;23/5/2025 09:59;23/5/2025 10:35;23/5/2025 10:40;23/5/2025 11:12;30;28;0; Conforme ;Rendimiento dentro de lo esperado
LOT00443;25/10/2024;Barniz Catalizado Alto Brillo;1/4 Galón;Tarde;25/10/2024 14:35;25/10/2024 14:54;25/10/2024 15:01;25/10/2024 16:05;25/10/2024 16:15;25/10/2024 17:13;25/10/2024 17:27;25/10/2024 17:48;25/10/2024 17:52;25/10/2024 18:39;25/10/2024 18:53;25/10/2024 19:16;400;332;20;Reproceso parcial;Reproceso parcial: se filtró y re-envasó
LOT00444;14/6/2025;Sellador Acrílico para Fisuras;1/4 Galón;Tarde;;;;;14/6/2025 14:15;14/6/2025 15:17;14/6/2025 15:26;14/6/2025 15:36;14/6/2025 15:43;14/6/2025 16:38;14/6/2025 16:40;14/6/2025 17:10;300;285;0;Aprobado;
LOT00445;19/6/2025;Látex Texturizado para Fachadas;1/4 Galón;Noche;19/6/2025 22:39;19/6/2025 23:09;;;19/6/2025 23:13;20/6/2025 00:28;20/6/2025 00:37;20/6/2025 01:06;20/6/2025 01:13;20/6/2025 01:36;20/6/2025 01:50;20/6/2025 02:08;200;196;0;Aprobado;OK
LOT00446;18/12/2024;Sellador Acrílico para Fisuras;Tambor;Mañana;18/12/2024 06:18;18/12/2024 06:45;;;18/12/2024 06:56;18/12/2024 07:51;18/12/2024 08:00;18/12/2024 08:25;18/12/2024 08:27;18/12/2024 08:57;18/12/2024 09:04;18/12/2024 09:41;30;29;2;Aprobado;Producción normal
LOT00447;9/5/2025;Sellador Poliuretánico para Juntas;1/4 Galón;Tarde;9/5/2025 14:16;9/5/2025 14:46;;;9/5/2025 14:55;9/5/2025 16:03;9/5/2025 16:10;9/5/2025 16:32;9/5/2025 16:35;9/5/2025 17:12;9/5/2025 17:27;9/5/2025 17:54;400;396;0;Liberado;Sin novedad
LOT00448;5/2/2025; Recubrimiento Poliuretánico UV ;Tambor;Tarde;5/2/2025 14:01;5/2/2025 14:48;5/2/2025 15:03;5/2/2025 16:13;5/2/2025 16:25;5/2/2025 16:47;5/2/2025 16:49;5/2/2025 17:14;5/2/2025 17:23;5/2/2025 18:17;5/2/2025 18:25;5/2/2025 19:00;15;14;0;Liberado;Lote conforme a especificaciones
LOT00449;14/5/2025;Recubrimiento Poliuretánico para Piso;Cuñete; Tarde ;14/5/2025 14:34;14/5/2025 14:59;14/5/2025 15:07;14/5/2025 16:11;14/5/2025 16:26;14/5/2025 16:52;14/5/2025 16:54;14/5/2025 17:07;14/5/2025 17:10;14/5/2025 17:53;14/5/2025 17:56;14/5/2025 18:13;60;57;0;Aprobado;
LOT00450;23/12/2024;Recubrimiento Poliuretánico para Piso;Cuñete;Tarde;23/12/2024 14:34;23/12/2024 15:16;23/12/2024 15:31;23/12/2024 16:05;23/12/2024 16:17;23/12/2024 17:36;23/12/2024 17:50;23/12/2024 18:16;23/12/2024 18:29;23/12/2024 18:51;23/12/2024 18:57;23/12/2024 19:21;60;56;0;Aprobado;Producción normal
LOT00451;1/3/2025;Látex Acrílico Exterior Premium;Tambor;Tarde;1/3/2025 14:32;1/3/2025 14:53;;;1/3/2025 15:05;1/3/2025 16:21;1/3/2025 16:33;1/3/2025 16:50;1/3/2025 16:57;1/3/2025 17:20;1/3/2025 17:23;1/3/2025 17:51;15;13;2;Liberado;OK
LOT00452;4/3/2025;Sellador Acrílico para Fisuras;Galón;Noche;;;4/3/2025 22:48;4/3/2025 23:39;4/3/2025 23:50;5/3/2025 00:46;5/3/2025 00:50;5/3/2025 01:15;5/3/2025 01:24;5/3/2025 01:51;5/3/2025 01:59;5/3/2025 02:09;100;96;0;OK;Producción normal
LOT00453;23/11/2024;Látex Acrílico Exterior Premium;Balde;Mañana;23/11/2024 06:32;23/11/2024 06:58;;;23/11/2024 07:11;23/11/2024 08:04;23/11/2024 08:16;23/11/2024 08:43;23/11/2024 08:49;23/11/2024 09:44;23/11/2024 09:51;23/11/2024 10:05;120;115;2;OK;Turno sin incidentes
LOT00454;4/12/2024;Recubrimiento Vinil-éster para Tanques;Tambor;Tarde;4/12/2024 14:26;4/12/2024 15:15;4/12/2024 15:19;4/12/2024 15:55;4/12/2024 16:10;4/12/2024 17:21;4/12/2024 17:29;4/12/2024 17:44;4/12/2024 17:53;4/12/2024 18:09;4/12/2024 18:23;4/12/2024 18:54;30;27;1;En reproceso;Se corrigió fórmula, pendiente segunda aprobación
LOT00455;3/5/2025;Recubrimiento Poliuretánico UV;Balde;Noche;3/5/2025 22:39;3/5/2025 23:16;3/5/2025 23:30;4/5/2025 00:15;4/5/2025 00:29;4/5/2025 01:35;4/5/2025 01:45;4/5/2025 02:08;4/5/2025 02:16;4/5/2025 02:53;4/5/2025 03:01;4/5/2025 03:26;120;115;0; Liberado ;
LOT00456;26/2/2025;Esmalte Martillado Negro;Cuñete;Mañana;26/2/2025 06:12;26/2/2025 06:33;26/2/2025 06:39;26/2/2025 07:26;26/2/2025 07:35;26/2/2025 08:49;26/2/2025 08:53;26/2/2025 09:15;26/2/2025 09:17;26/2/2025 10:01;26/2/2025 10:14;26/2/2025 10:25;120;116;0;Aprobado;
LOT00457;23/5/2025;Anticorrosivo Marino Bicomponente;Tambor;Tarde;23/5/2025 14:08;23/5/2025 14:57;23/5/2025 15:10;23/5/2025 16:12;23/5/2025 16:21;23/5/2025 17:31;23/5/2025 17:35;23/5/2025 17:57;23/5/2025 17:59;23/5/2025 18:20;23/5/2025 18:28;23/5/2025 18:41;15;14;0;OK;Sin observaciones
LOT00458;28/12/2024;Anticorrosivo Zincromato Amarillo;Balde;Mañana;28/12/2024 06:43;28/12/2024 07:12;28/12/2024 07:24;28/12/2024 07:47;28/12/2024 07:56;28/12/2024 08:36;28/12/2024 08:51;28/12/2024 09:09;28/12/2024 09:13;28/12/2024 09:56;28/12/2024 10:02;28/12/2024 10:28;100;98;0;APROBADO;Sin novedad
LOT00459;12/8/2024;Esmalte Sintético Brillante Blanco;Galón;Noche;12/8/2024 22:26;12/8/2024 22:57;12/8/2024 23:05;13/8/2024 00:00;13/8/2024 00:06;13/8/2024 00:53;13/8/2024 00:59;13/8/2024 01:28;13/8/2024 01:39;13/8/2024 02:00;13/8/2024 02:14;13/8/2024 02:25;200;200;0;Conforme;
LOT00460;18/11/2024;Látex Acrílico Exterior Premium;Balde;Noche;18/11/2024 22:36;18/11/2024 23:13;18/11/2024 23:23;19/11/2024 00:08;19/11/2024 00:19;19/11/2024 01:12;19/11/2024 01:26;19/11/2024 01:42;19/11/2024 01:49;19/11/2024 02:07;19/11/2024 02:12;19/11/2024 02:31;80;77;0;Conforme;
LOT00461;25/10/2024; Recubrimiento Epóxico Piso Industrial ;Tambor;Mañana;25/10/2024 06:13;25/10/2024 06:52;25/10/2024 06:59;25/10/2024 07:25;25/10/2024 07:34;25/10/2024 08:41;25/10/2024 08:53;25/10/2024 09:16;25/10/2024 09:21;25/10/2024 09:57;25/10/2024 10:11;25/10/2024 10:42;25;17;5;Devuelto a reproceso;Color no coincide con muestra patrón
LOT00462;12/4/2025;Recubrimiento Epóxico Piso Industrial;Tambor;Tarde;12/4/2025 14:00;12/4/2025 14:27;12/4/2025 14:34;12/4/2025 15:04;12/4/2025 15:16;12/4/2025 15:49;12/4/2025 15:58;12/4/2025 16:25;12/4/2025 16:39;12/4/2025 17:24;12/4/2025 17:39;12/4/2025 17:53;10;9;0;OK;OK
LOT00463;17/4/2025;Recubrimiento Epóxico Piso Industrial;Cuñete;Tarde;17/4/2025 14:28;17/4/2025 15:00;17/4/2025 15:05;17/4/2025 15:48;17/4/2025 15:55;17/4/2025 16:22;17/4/2025 16:35;17/4/2025 16:45;17/4/2025 16:49;17/4/2025 17:29;17/4/2025 17:44;17/4/2025 18:09;120;117;0;Liberado;
LOT00464;16/12/2024;Látex Acrílico Exterior Premium; Tambor ;TARDE;16/12/2024 14:37;16/12/2024 15:08;16/12/2024 15:13;16/12/2024 16:14;16/12/2024 16:20;16/12/2024 17:25;16/12/2024 17:31;16/12/2024 17:51;16/12/2024 18:05;16/12/2024 18:46;16/12/2024 18:49;16/12/2024 19:28;15;14;0;Aprobado;
LOT00465;18/2/2025;Anticorrosivo Epóxico Industrial;Balde;Noche;18/2/2025 22:25;18/2/2025 23:15;18/2/2025 23:17;19/2/2025 00:07;19/2/2025 00:12;19/2/2025 00:51;19/2/2025 01:06;19/2/2025 01:27;19/2/2025 01:31;19/2/2025 02:22;19/2/2025 02:34;19/2/2025 03:13;100;96;0;OK;Lote conforme a especificaciones
LOT00466;6/6/2025;Anticorrosivo Epóxico Industrial;Tambor;Mañana;6/6/2025 06:45;6/6/2025 07:35;6/6/2025 07:37;6/6/2025 08:26;6/6/2025 08:37;6/6/2025 09:52;6/6/2025 09:57;6/6/2025 10:08;6/6/2025 10:14;6/6/2025 10:33;6/6/2025 10:37;6/6/2025 11:00;25;24;1;Aprobado;Lote conforme a especificaciones
LOT00467;16/8/2024;Recubrimiento Poliuretánico UV;Balde;Tarde;16/8/2024 14:21;16/8/2024 15:10;16/8/2024 15:22;16/8/2024 15:42;16/8/2024 15:48;16/8/2024 16:34;16/8/2024 16:43;16/8/2024 17:03;16/8/2024 17:17;16/8/2024 17:53;16/8/2024 18:07;16/8/2024 18:18;80;77;0;OK;Sin observaciones
LOT00468;18/4/2025;Barniz Marino Transparente;Balde;Noche;18/4/2025 22:27;18/4/2025 22:54;18/4/2025 22:56;18/4/2025 23:29;18/4/2025 23:38;19/4/2025 00:25;19/4/2025 00:36;19/4/2025 00:49;19/4/2025 01:04;19/4/2025 01:25;19/4/2025 01:33;19/4/2025 01:55;80;79;0;Conforme;
LOT00469;9/8/2024;Recubrimiento Poliuretánico para Piso;Balde;Noche;9/8/2024 22:41;9/8/2024 23:13;9/8/2024 23:20;10/8/2024 00:11;10/8/2024 00:22;10/8/2024 01:28;10/8/2024 01:38;10/8/2024 02:07;10/8/2024 02:15;10/8/2024 02:55;10/8/2024 03:10;10/8/2024 03:43;60;58;0;Conforme;Producción normal
LOT00470;6/11/2024;Anticorrosivo Epóxico Industrial;Cuñete;Tarde;6/11/2024 14:36;6/11/2024 15:26;6/11/2024 15:28;6/11/2024 15:56;6/11/2024 16:10;6/11/2024 16:50;6/11/2024 17:01;6/11/2024 17:28;6/11/2024 17:42;6/11/2024 18:27;6/11/2024 18:29;6/11/2024 19:05;100;95;0;Aprobado;Turno sin incidentes
LOT00471;28/11/2024;Recubrimiento Vinil-éster para Tanques;BALDE;Mañana;28/11/2024 06:17;28/11/2024 06:38;28/11/2024 06:46;28/11/2024 07:34;28/11/2024 07:39;28/11/2024 08:51;28/11/2024 08:55;28/11/2024 09:22;28/11/2024 09:31;28/11/2024 10:04;28/11/2024 10:17;28/11/2024 10:33;40;39;0;Conforme;Rendimiento dentro de lo esperado
LOT00472;5/6/2025;Sellador de Silicona Neutra;Balde;Noche;;;;;5/6/2025 22:17;5/6/2025 23:17;5/6/2025 23:30;5/6/2025 23:42;5/6/2025 23:49;6/6/2025 00:21;6/6/2025 00:24;6/6/2025 00:54;40;40;0;Conforme;Rendimiento dentro de lo esperado
LOT00473;14/6/2025;Esmalte Antióxido Rojo Óxido;1/4 Galón;Tarde;14/6/2025 14:06;14/6/2025 14:27;14/6/2025 14:42;14/6/2025 15:08;14/6/2025 15:21;14/6/2025 16:05;14/6/2025 16:18;14/6/2025 16:36;14/6/2025 16:43;14/6/2025 17:25;14/6/2025 17:30;14/6/2025 17:59;300;296;0;Liberado;Sin observaciones
LOT00474;31/8/2024;Sellador Acrílico para Fisuras;Galón;Tarde;31/8/2024 14:21;31/8/2024 15:08;;;31/8/2024 15:13;31/8/2024 15:29;31/8/2024 15:36;31/8/2024 15:50;31/8/2024 15:59;31/8/2024 16:17;31/8/2024 16:29;31/8/2024 16:51;200;138;12;Ajuste en proceso;Se corrigió fórmula, pendiente segunda aprobación
LOT00475;3/5/2025;Barniz Marino Transparente;Galón;Tarde;3/5/2025 14:22;3/5/2025 14:39;3/5/2025 14:48;3/5/2025 15:16;3/5/2025 15:19;3/5/2025 16:21;3/5/2025 16:36;3/5/2025 16:57;3/5/2025 17:06;3/5/2025 17:52;3/5/2025 18:07;3/5/2025 18:45;300;287;1;Conforme;Sin novedad
LOT00476;18/6/2025;Sellador de Silicona Neutra;Tambor;Mañana;18/6/2025 06:06;18/6/2025 06:33;;;18/6/2025 06:44;18/6/2025 07:28;18/6/2025 07:33;18/6/2025 07:49;18/6/2025 07:55;18/6/2025 08:34;18/6/2025 08:42;18/6/2025 09:20;30;29;2;Liberado;
LOT00477;5/2/2025;Esmalte Sintético Brillante Blanco;Galón;Tarde;5/2/2025 14:01;5/2/2025 14:17;5/2/2025 14:30;5/2/2025 15:07;5/2/2025 15:13;5/2/2025 16:07;5/2/2025 16:21;5/2/2025 16:43;5/2/2025 16:54;5/2/2025 17:51;5/2/2025 17:58;5/2/2025 18:13;150;143;0;OK;Turno sin incidentes
LOT00478;24/3/2025;Anticorrosivo Base Zinc Inorgánico; Tambor ;Tarde;24/3/2025 14:36;24/3/2025 15:12;24/3/2025 15:16;24/3/2025 16:04;24/3/2025 16:12;24/3/2025 16:38;24/3/2025 16:42;24/3/2025 16:53;24/3/2025 16:58;24/3/2025 17:22;24/3/2025 17:26;24/3/2025 17:42;20;20;0;OK;Lote conforme a especificaciones
LOT00479;12/2/2025; Sellador de Silicona Neutra ;Balde;Noche;;;;;12/2/2025 22:20;12/2/2025 23:34;12/2/2025 23:37;12/2/2025 23:58;13/2/2025 00:02;13/2/2025 00:19;13/2/2025 00:25;13/2/2025 00:41;60;59;0;Conforme;
LOT00480;23/9/2024;Látex Acrílico Exterior Premium;Galón;Noche;23/9/2024 22:05;23/9/2024 22:51;23/9/2024 23:02;23/9/2024 23:34;23/9/2024 23:37;24/9/2024 00:03;24/9/2024 00:14;24/9/2024 00:28;24/9/2024 00:38;24/9/2024 01:06;24/9/2024 01:13;24/9/2024 01:43;200;195;1;OK;OK
LOT00481;9/5/2025;Anticorrosivo Zincromato Amarillo;Cuñete;Tarde;9/5/2025 14:05;9/5/2025 14:21;9/5/2025 14:34;9/5/2025 14:56;9/5/2025 15:06;9/5/2025 15:50;9/5/2025 15:55;9/5/2025 16:10;9/5/2025 16:15;9/5/2025 16:45;9/5/2025 16:47;9/5/2025 17:01;40;39;0;Liberado;OK
LOT00482;7/5/2025; Látex Económico Interior ;Galón;Tarde;7/5/2025 14:23;7/5/2025 14:48;7/5/2025 15:00;7/5/2025 15:24;7/5/2025 15:37;7/5/2025 15:57;7/5/2025 16:12;7/5/2025 16:22;7/5/2025 16:27;7/5/2025 17:05;7/5/2025 17:12;7/5/2025 17:37;150;148;0;Aprobado;
LOT00483;28/4/2025;Anticorrosivo Epóxico Industrial;Tambor;Tarde;28/4/2025 14:42;28/4/2025 15:30;28/4/2025 15:34;28/4/2025 16:33;28/4/2025 16:40;28/4/2025 16:57;28/4/2025 17:08;28/4/2025 17:34;28/4/2025 17:47;28/4/2025 18:05;28/4/2025 18:19;28/4/2025 18:32;30;28;0;Aprobado;Sin novedad
LOT00484;14/1/2025;Anticorrosivo Zincromato Amarillo;Cuñete;Noche;14/1/2025 22:33;14/1/2025 23:00;14/1/2025 23:10;14/1/2025 23:46;15/1/2025 00:00;15/1/2025 01:20;15/1/2025 01:26;15/1/2025 01:41;15/1/2025 01:45;15/1/2025 02:31;15/1/2025 02:42;15/1/2025 03:08;80;78;0;Conforme;Turno sin incidentes
LOT00485;5/6/2025;Anticorrosivo Base Zinc Inorgánico;tambor;Mañana;5/6/2025 06:45;5/6/2025 07:10;5/6/2025 07:20;5/6/2025 07:46;5/6/2025 08:01;5/6/2025 09:21;5/6/2025 09:24;5/6/2025 09:39;5/6/2025 09:44;5/6/2025 10:33;5/6/2025 10:44;5/6/2025 11:02;25;24;0;Aprobado;OK
LOT00486;3/6/2025;Fondo Anticorrosivo Gris;Balde;Noche;3/6/2025 22:33;3/6/2025 22:54;3/6/2025 23:05;3/6/2025 23:45;3/6/2025 23:52;4/6/2025 01:04;4/6/2025 01:12;4/6/2025 01:30;4/6/2025 01:39;4/6/2025 02:37;4/6/2025 02:48;4/6/2025 03:03;40;38;0;OK;Rendimiento dentro de lo esperado
LOT00487;1/7/2024;Látex Acrílico Exterior Premium;Tambor;Mañana;1/7/2024 06:44;1/7/2024 07:08;1/7/2024 07:13;1/7/2024 07:53;1/7/2024 07:55;1/7/2024 08:38;1/7/2024 08:46;1/7/2024 09:05;1/7/2024 09:11;1/7/2024 09:42;1/7/2024 09:50;1/7/2024 10:00;15;12;2;Ajuste en proceso;Se corrigió fórmula, pendiente segunda aprobación
LOT00488;2/10/2024;Esmalte Alto Tráfico Gris;Galón;Mañana;2/10/2024 06:01;2/10/2024 06:46;2/10/2024 06:58;2/10/2024 07:52;2/10/2024 07:59;2/10/2024 08:58;2/10/2024 09:03;2/10/2024 09:22;2/10/2024 09:24;2/10/2024 09:59;2/10/2024 10:07;2/10/2024 10:44;100;100;0; OK ;OK
LOT00489;21/8/2024;Látex Texturizado para Fachadas;1/4 Galón;Tarde;21/8/2024 14:28;21/8/2024 14:43;21/8/2024 14:52;21/8/2024 15:18;21/8/2024 15:28;21/8/2024 16:33;21/8/2024 16:42;21/8/2024 17:10;21/8/2024 17:19;21/8/2024 18:09;21/8/2024 18:19;21/8/2024 18:46;600;594;0;Conforme;OK
LOT00490;6/5/2025;Barniz Marino Poliuretánico;Tambor;Tarde;;;;;6/5/2025 14:30;6/5/2025 15:04;6/5/2025 15:14;6/5/2025 15:28;6/5/2025 15:40;6/5/2025 16:26;6/5/2025 16:36;6/5/2025 17:00;20;18;0;Conforme;Rendimiento dentro de lo esperado
LOT00491;22/1/2025;Anticorrosivo Zincromato Amarillo;Tambor;Tarde;22/1/2025 14:06;22/1/2025 14:25;22/1/2025 14:32;22/1/2025 15:26;22/1/2025 15:39;22/1/2025 16:14;22/1/2025 16:19;22/1/2025 16:35;22/1/2025 16:44;22/1/2025 17:25;22/1/2025 17:27;22/1/2025 18:03;15;9;2;Devuelto a reproceso;Densidad fuera de especificación
LOT00492;24/7/2024;Látex Acrílico Exterior Premium;1/4 Galón;Noche;24/7/2024 22:24;24/7/2024 23:08;24/7/2024 23:10;25/7/2024 00:13;25/7/2024 00:19;25/7/2024 00:36;25/7/2024 00:49;25/7/2024 01:04;25/7/2024 01:16;25/7/2024 02:14;25/7/2024 02:24;25/7/2024 02:49;600;593;0;Aprobado;Sin novedad
 LOT00493 ;30/6/2025;Sellador de Silicona Neutra;Cuñete;Tarde;30/6/2025 14:36;30/6/2025 15:03;;;30/6/2025 15:05;30/6/2025 16:11;30/6/2025 16:19;30/6/2025 16:36;30/6/2025 16:41;30/6/2025 17:32;30/6/2025 17:40;30/6/2025 17:57;40;37;0;Liberado;OK
LOT00494;26/9/2024;Anticorrosivo Base Zinc Inorgánico;Tambor;Mañana;26/9/2024 06:11;26/9/2024 06:34;26/9/2024 06:36;26/9/2024 07:30;26/9/2024 07:32;26/9/2024 08:23;26/9/2024 08:33;26/9/2024 08:52;26/9/2024 08:56;26/9/2024 09:47;26/9/2024 09:50;26/9/2024 10:16;20;19;0;Conforme;OK
LOT00495;16/8/2024;recubrimiento poliuretánico para piso;Tambor;Noche;16/8/2024 22:23;16/8/2024 23:08;16/8/2024 23:22;17/8/2024 00:27;17/8/2024 00:38;17/8/2024 01:24;17/8/2024 01:35;17/8/2024 01:58;17/8/2024 02:08;17/8/2024 02:27;17/8/2024 02:33;17/8/2024 03:09;25;25;0;LIBERADO;
LOT00496;30/4/2025;Látex Económico Interior;1/4 Galón;Mañana;30/4/2025 06:29;30/4/2025 06:59;30/4/2025 07:10;30/4/2025 07:52;30/4/2025 08:06;30/4/2025 08:37;30/4/2025 08:51;30/4/2025 09:01;30/4/2025 09:13;30/4/2025 10:10;30/4/2025 10:20;30/4/2025 10:34;500;489;0; Liberado ;
LOT00497;29/4/2025;Fondo Anticorrosivo Gris;Cuñete;Noche;29/4/2025 22:15;29/4/2025 23:01;29/4/2025 23:08;29/4/2025 23:39;29/4/2025 23:48;30/4/2025 00:38;30/4/2025 00:48;30/4/2025 01:07;30/4/2025 01:13;30/4/2025 02:10;30/4/2025 02:23;30/4/2025 02:33;80;76;0;Liberado;OK
LOT00498;18/6/2025;Barniz Marino Transparente;Galón;Tarde;18/6/2025 14:40;18/6/2025 15:25;18/6/2025 15:30;18/6/2025 16:10;18/6/2025 16:14;18/6/2025 17:16;18/6/2025 17:27;18/6/2025 17:45;18/6/2025 17:47;18/6/2025 18:43;18/6/2025 18:53;18/6/2025 19:07;200;198;0;Aprobado;Sin observaciones
LOT00499;17/1/2025;Látex Acrílico Exterior Premium;Cuñete;Mañana;17/1/2025 06:15;17/1/2025 06:30;17/1/2025 06:34;17/1/2025 07:16;17/1/2025 07:31;17/1/2025 08:32;17/1/2025 08:46;17/1/2025 09:15;17/1/2025 09:24;17/1/2025 09:40;17/1/2025 09:45;17/1/2025 10:15;80;55;14;No conforme;Color no coincide con muestra patrón
LOT00500;24/4/2025; Látex Acrílico Exterior Premium ;Balde; Mañana ;24/4/2025 06:01;24/4/2025 06:25;24/4/2025 06:30;24/4/2025 06:55;24/4/2025 07:04;24/4/2025 08:14;24/4/2025 08:16;24/4/2025 08:33;24/4/2025 08:41;24/4/2025 09:27;24/4/2025 09:34;24/4/2025 09:55;100;98;0;Aprobado;
LOT00501;14/9/2024;Sellador Acrílico para Techos;Balde;Noche;;;14/9/2024 22:14;14/9/2024 23:04;14/9/2024 23:19;15/9/2024 00:27;15/9/2024 00:29;15/9/2024 00:56;15/9/2024 01:09;15/9/2024 02:08;15/9/2024 02:18;15/9/2024 02:39;100;95;1;Liberado;Turno sin incidentes
LOT00502;20/1/2025;Esmalte Martillado Negro;Balde;Mañana;20/1/2025 06:15;20/1/2025 06:53;20/1/2025 06:56;20/1/2025 07:41;20/1/2025 07:47;20/1/2025 08:59;20/1/2025 09:08;20/1/2025 09:26;20/1/2025 09:33;20/1/2025 09:50;20/1/2025 09:59;20/1/2025 10:23;40;39;1;Liberado;
LOT00503;18/3/2025;Anticorrosivo Zincromato Amarillo;1/4 Galón;Mañana;18/3/2025 06:26;18/3/2025 06:47;18/3/2025 06:49;18/3/2025 07:32;18/3/2025 07:42;18/3/2025 08:19;18/3/2025 08:28;18/3/2025 08:47;18/3/2025 08:59;18/3/2025 09:22;18/3/2025 09:36;18/3/2025 10:14;600;575;0;ok;Producción normal
LOT00504;11/7/2024;Esmalte Alto Tráfico Gris;Galón;Tarde;11/7/2024 14:27;11/7/2024 14:59;11/7/2024 15:07;11/7/2024 15:59;11/7/2024 16:14;11/7/2024 16:31;11/7/2024 16:37;11/7/2024 16:54;11/7/2024 17:01;11/7/2024 17:52;11/7/2024 18:05;11/7/2024 18:17;100;97;0;Aprobado;
LOT00505;3/7/2024;Recubrimiento Epóxico Piso Industrial;Balde;Noche;3/7/2024 22:12;3/7/2024 22:55;3/7/2024 23:08;3/7/2024 23:35;3/7/2024 23:41;4/7/2024 00:35;4/7/2024 00:47;4/7/2024 01:06;4/7/2024 01:13;4/7/2024 02:10;4/7/2024 02:20;4/7/2024 02:35;60;57;0;Liberado;Producción normal
LOT00506;2/6/2025;Látex Antihongos para Baños;Galón;Tarde;2/6/2025 14:44;2/6/2025 15:33;2/6/2025 15:46;2/6/2025 16:27;2/6/2025 16:30;2/6/2025 17:27;2/6/2025 17:35;2/6/2025 18:03;2/6/2025 18:05;2/6/2025 19:00;2/6/2025 19:08;2/6/2025 19:37;200;166;6;Ajuste en proceso; se repasó por molienda adicional 20 min 
LOT00507;23/7/2024;Anticorrosivo Zincromato Amarillo;Cuñete;Noche;23/7/2024 22:11;23/7/2024 23:00;23/7/2024 23:13;24/7/2024 00:09;24/7/2024 00:24;24/7/2024 01:37;24/7/2024 01:44;24/7/2024 02:12;24/7/2024 02:15;24/7/2024 03:12;24/7/2024 03:18;24/7/2024 03:35;60;58;0;Conforme;Sin novedad
LOT00508;21/1/2025;Barniz Marino Transparente;Galón;Tarde;21/1/2025 14:16;21/1/2025 14:54;21/1/2025 15:06;21/1/2025 15:29;21/1/2025 15:44;21/1/2025 16:40;21/1/2025 16:42;21/1/2025 16:58;21/1/2025 17:01;21/1/2025 17:19;21/1/2025 17:25;21/1/2025 17:48;150;146;0;Conforme;Producción normal
LOT00509;17/9/2024;Látex Acrílico Exterior Premium;Balde;Noche;17/9/2024 22:26;17/9/2024 22:52;17/9/2024 23:00;17/9/2024 23:31;17/9/2024 23:33;18/9/2024 00:16;18/9/2024 00:31;18/9/2024 00:41;18/9/2024 00:54;18/9/2024 01:49;18/9/2024 02:04;18/9/2024 02:28;40;38;1;OK;
LOT00510;24/10/2024;Esmalte Antióxido Rojo Óxido;Galón;Mañana;24/10/2024 06:07;24/10/2024 06:39;24/10/2024 06:45;24/10/2024 07:42;24/10/2024 07:51;24/10/2024 09:06;24/10/2024 09:19;24/10/2024 09:39;24/10/2024 09:53;24/10/2024 10:18;24/10/2024 10:32;24/10/2024 11:10;100;73;10;No conforme;Densidad fuera de especificación
LOT00511;22/11/2024;Recubrimiento Poliuretánico UV;Cuñete;Noche;22/11/2024 22:03;22/11/2024 22:31;22/11/2024 22:37;22/11/2024 23:44;22/11/2024 23:49;23/11/2024 00:34;23/11/2024 00:44;23/11/2024 00:57;23/11/2024 01:06;23/11/2024 01:50;23/11/2024 01:57;23/11/2024 02:23;100;94;0;Conforme;Producción normal
LOT00512;20/3/2025;Recubrimiento Poliuretánico para Piso;Tambor;Tarde;20/3/2025 14:36;20/3/2025 15:07;20/3/2025 15:16;20/3/2025 15:47;20/3/2025 15:51;20/3/2025 16:19;20/3/2025 16:29;20/3/2025 16:57;20/3/2025 17:02;20/3/2025 17:36;20/3/2025 17:45;20/3/2025 18:19;10;9;0;Aprobado;Turno sin incidentes
LOT00513;15/3/2025;Fondo Anticorrosivo Gris;Tambor;Tarde;15/3/2025 14:12;15/3/2025 14:51;15/3/2025 15:04;15/3/2025 15:38;15/3/2025 15:42;15/3/2025 16:14;15/3/2025 16:20;15/3/2025 16:31;15/3/2025 16:44;15/3/2025 17:40;15/3/2025 17:54;15/3/2025 18:08;15;14;0;Aprobado;Turno sin incidentes
LOT00514;30/7/2024;Esmalte Antióxido Rojo Óxido;Balde;Mañana;30/7/2024 06:00;30/7/2024 06:38;30/7/2024 06:46;30/7/2024 07:22;30/7/2024 07:28;30/7/2024 08:22;30/7/2024 08:31;30/7/2024 08:56;30/7/2024 08:59;30/7/2024 09:33;30/7/2024 09:37;30/7/2024 10:09;40;39;0;Liberado;Rendimiento dentro de lo esperado
LOT00515;4/7/2024;Barniz Marino Poliuretánico;Balde;Tarde;;;4/7/2024 14:21;4/7/2024 14:49;4/7/2024 14:59;4/7/2024 16:14;4/7/2024 16:24;4/7/2024 16:34;4/7/2024 16:44;4/7/2024 17:36;4/7/2024 17:47;4/7/2024 17:59;120;118;0;Liberado;OK
LOT00516;7/9/2024;Recubrimiento Epóxico Piso Industrial;Cuñete;Mañana;7/9/2024 06:40;7/9/2024 07:23;7/9/2024 07:29;7/9/2024 08:33;7/9/2024 08:43;7/9/2024 09:43;7/9/2024 09:58;7/9/2024 10:16;7/9/2024 10:29;7/9/2024 10:53;7/9/2024 10:58;7/9/2024 11:33;40;37;0;Conforme;
LOT00517;20/5/2025;Látex Antihongos para Baños;Galón;Mañana;20/5/2025 06:29;20/5/2025 07:14;20/5/2025 07:20;20/5/2025 08:22;20/5/2025 08:25;20/5/2025 09:00;20/5/2025 09:06;20/5/2025 09:34;20/5/2025 09:39;20/5/2025 10:07;20/5/2025 10:10;20/5/2025 10:33;300;297;0;Aprobado;Rendimiento dentro de lo esperado
LOT00518;3/7/2024;ANTICORROSIVO ZINCROMATO AMARILLO;1/4 Galón;Tarde;3/7/2024 14:35;3/7/2024 15:16;3/7/2024 15:20;3/7/2024 16:01;3/7/2024 16:13;3/7/2024 17:01;3/7/2024 17:06;3/7/2024 17:17;3/7/2024 17:31;3/7/2024 18:20;3/7/2024 18:28;3/7/2024 18:48;500;479;2;OK;Rendimiento dentro de lo esperado
LOT00519;3/1/2025;Esmalte Sintético Brillante Blanco;Galón;Tarde;3/1/2025 14:03;3/1/2025 14:28;3/1/2025 14:35;3/1/2025 15:31;3/1/2025 15:33;3/1/2025 16:10;3/1/2025 16:16;3/1/2025 16:43;3/1/2025 16:48;3/1/2025 17:25;3/1/2025 17:30;3/1/2025 17:48;250;245;1; Aprobado ;Lote conforme a especificaciones
LOT00520;7/9/2024;Recubrimiento Poliuretánico para Piso;Tambor;Mañana;7/9/2024 06:41;7/9/2024 07:18;7/9/2024 07:24;7/9/2024 08:24;7/9/2024 08:27;7/9/2024 09:04;7/9/2024 09:07;7/9/2024 09:37;7/9/2024 09:44;7/9/2024 10:13;7/9/2024 10:18;7/9/2024 10:44;15;14;0;OK;
LOT00521;16/1/2025;Anticorrosivo Marino Bicomponente;TAMBOR;tarde;16/1/2025 14:28;16/1/2025 14:49;16/1/2025 14:54;16/1/2025 15:44;16/1/2025 15:51;16/1/2025 16:39;16/1/2025 16:50;16/1/2025 17:19;16/1/2025 17:31;16/1/2025 18:17;16/1/2025 18:19;16/1/2025 18:59;20;19;0;ok;Sin observaciones
LOT00522;12/8/2024;Barniz Marino Transparente;Balde;Tarde;;;;;12/8/2024 14:41;12/8/2024 15:57;12/8/2024 15:59;12/8/2024 16:21;12/8/2024 16:28;12/8/2024 17:18;12/8/2024 17:30;12/8/2024 17:45;80;79;0;Conforme;Sin novedad
LOT00523;29/4/2025;Látex Acrílico Exterior Premium;Galón;Noche;29/4/2025 22:15;29/4/2025 23:05;29/4/2025 23:07;30/4/2025 00:13;30/4/2025 00:24;30/4/2025 01:02;30/4/2025 01:11;30/4/2025 01:25;30/4/2025 01:27;30/4/2025 02:13;30/4/2025 02:19;30/4/2025 02:47;150;149;0;Conforme;Producción normal
LOT00524;1/8/2024;Fondo Anticorrosivo Gris;Cuñete;Tarde;1/8/2024 14:11;1/8/2024 14:26;1/8/2024 14:37;1/8/2024 14:57;1/8/2024 15:11;1/8/2024 16:23;1/8/2024 16:28;1/8/2024 16:54;1/8/2024 17:04;1/8/2024 17:37;1/8/2024 17:44;1/8/2024 18:23;80;78;0;Aprobado;OK
LOT00525;7/5/2025;Sellador de Silicona Neutra; Balde ;Tarde;;;;;7/5/2025 14:40;7/5/2025 15:16;7/5/2025 15:29;7/5/2025 15:47;7/5/2025 15:59;7/5/2025 16:18;7/5/2025 16:20;7/5/2025 16:35;80;76;2;OK;Turno sin incidentes
LOT00526;29/5/2025;Látex Texturizado para Fachadas;Galón;Noche;29/5/2025 22:01;29/5/2025 22:29;29/5/2025 22:32;29/5/2025 23:17;29/5/2025 23:20;30/5/2025 00:13;30/5/2025 00:17;30/5/2025 00:30;30/5/2025 00:44;30/5/2025 01:23;30/5/2025 01:33;30/5/2025 02:11;300;286;0;LIBERADO;Turno sin incidentes
LOT00527;2/12/2024;Sellador Poliuretánico para Juntas;Galón;Noche;2/12/2024 22:03;2/12/2024 22:51;2/12/2024 23:02;2/12/2024 23:42;2/12/2024 23:48;3/12/2024 00:10;3/12/2024 00:17;3/12/2024 00:27;3/12/2024 00:41;3/12/2024 01:07;3/12/2024 01:17;3/12/2024 01:27;150;145;0;OK;Lote conforme a especificaciones
 LOT00528 ;5/3/2025;Barniz para Madera Brillante;Tambor;Noche;;;5/3/2025 22:19;5/3/2025 22:51;5/3/2025 23:04;5/3/2025 23:48;6/3/2025 00:00;6/3/2025 00:30;6/3/2025 00:43;6/3/2025 00:58;6/3/2025 01:11;6/3/2025 01:42;20;19;2;Conforme;
LOT00529;20/3/2025;Sellador Poliuretánico para Juntas;Galón;NOCHE;20/3/2025 22:29;20/3/2025 22:57;20/3/2025 22:59;20/3/2025 23:25;20/3/2025 23:34;21/3/2025 00:33;21/3/2025 00:43;21/3/2025 01:05;21/3/2025 01:09;21/3/2025 02:09;21/3/2025 02:13;21/3/2025 02:35;250;242;0;Aprobado;Sin observaciones
LOT00530;26/3/2025;Sellador Poliuretánico para Juntas;1/4 Galón;Noche;;;;;26/3/2025 22:22;26/3/2025 22:37;26/3/2025 22:39;26/3/2025 23:09;26/3/2025 23:15;26/3/2025 23:53;27/3/2025 00:03;27/3/2025 00:31;200;192;0;Conforme;
LOT00531;5/11/2024;Recubrimiento Poliuretánico para Piso;Balde;Mañana;5/11/2024 06:22;5/11/2024 07:09;5/11/2024 07:21;5/11/2024 08:08;5/11/2024 08:15;5/11/2024 09:32;5/11/2024 09:45;5/11/2024 09:59;5/11/2024 10:08;5/11/2024 11:07;5/11/2024 11:10;5/11/2024 11:34;120;119;0; Liberado ;Turno sin incidentes
LOT00532;17/5/2025;Esmalte Martillado Negro;Galón;Tarde;17/5/2025 14:10;17/5/2025 14:38;17/5/2025 14:45;17/5/2025 15:29;17/5/2025 15:40;17/5/2025 16:25;17/5/2025 16:40;17/5/2025 16:56;17/5/2025 17:03;17/5/2025 18:01;17/5/2025 18:12;17/5/2025 18:27;100;81;2;ajuste en proceso;Se repasó por molienda adicional 20 min
LOT00533;15/11/2024;Sellador Acrílico para Techos;Balde;Tarde;15/11/2024 14:44;15/11/2024 15:02;;;15/11/2024 15:16;15/11/2024 15:31;15/11/2024 15:38;15/11/2024 16:03;15/11/2024 16:17;15/11/2024 16:41;15/11/2024 16:43;15/11/2024 16:54;100;97;1;Liberado;
LOT00534;22/11/2024;Recubrimiento Epóxico Alto Sólido;Balde;Noche;22/11/2024 22:37;22/11/2024 22:55;22/11/2024 23:03;23/11/2024 00:00;23/11/2024 00:09;23/11/2024 00:38;23/11/2024 00:47;23/11/2024 01:16;23/11/2024 01:20;23/11/2024 02:11;23/11/2024 02:24;23/11/2024 02:59;120;114;0;Conforme;Sin novedad
lot00535;5/5/2025;anticorrosivo epóxico industrial;Balde;Noche;5/5/2025 22:18;5/5/2025 22:54;5/5/2025 22:56;6/5/2025 00:04;6/5/2025 00:14;6/5/2025 00:30;6/5/2025 00:38;6/5/2025 00:48;6/5/2025 00:58;6/5/2025 01:51;6/5/2025 01:59;6/5/2025 02:24;40;38;1;Aprobado;OK
LOT00536;28/6/2025;Recubrimiento Poliuretánico UV;Tambor;Noche;28/6/2025 22:22;28/6/2025 22:50;28/6/2025 22:58;28/6/2025 23:57;29/6/2025 00:01;29/6/2025 00:16;29/6/2025 00:19;29/6/2025 00:48;29/6/2025 00:56;29/6/2025 01:40;29/6/2025 01:48;29/6/2025 02:25;25;24;0; Liberado ;Turno sin incidentes
LOT00537;29/11/2024;Látex Económico Interior;Balde; Mañana ;29/11/2024 06:19;29/11/2024 06:36;29/11/2024 06:49;29/11/2024 07:27;29/11/2024 07:39;29/11/2024 08:04;29/11/2024 08:06;29/11/2024 08:22;29/11/2024 08:27;29/11/2024 08:56;29/11/2024 08:59;29/11/2024 09:18;40;37;0;Conforme;Rendimiento dentro de lo esperado
LOT00538;23/10/2024;Sellador de Silicona Neutra;Galón;Mañana;;;23/10/2024 06:36;23/10/2024 07:28;23/10/2024 07:40;23/10/2024 08:54;23/10/2024 09:08;23/10/2024 09:25;23/10/2024 09:40;23/10/2024 10:28;23/10/2024 10:39;23/10/2024 11:07;100;87;8;En reproceso;pH bajo, se adicionó amoniaco hasta rango
LOT00539;16/11/2024;Sellador de Silicona Neutra;Galón;Tarde;;;;;16/11/2024 14:43;16/11/2024 15:56;16/11/2024 16:11;16/11/2024 16:25;16/11/2024 16:33;16/11/2024 17:11;16/11/2024 17:22;16/11/2024 17:55;100;73;10; Rechazado ;Grumos detectados en control visual
LOT00540;20/11/2024;Anticorrosivo Base Zinc Inorgánico;Tambor;Mañana;20/11/2024 06:18;20/11/2024 07:04;20/11/2024 07:07;20/11/2024 07:29;20/11/2024 07:43;20/11/2024 08:18;20/11/2024 08:29;20/11/2024 08:48;20/11/2024 09:02;20/11/2024 09:40;20/11/2024 09:42;20/11/2024 10:13;25;24;0;Aprobado;Rendimiento dentro de lo esperado
LOT00541;2/4/2025;Sellador Acrílico para Fisuras;Galón;TARDE;2/4/2025 14:25;2/4/2025 15:03;;;2/4/2025 15:16;2/4/2025 16:30;2/4/2025 16:32;2/4/2025 16:50;2/4/2025 17:04;2/4/2025 17:53;2/4/2025 17:59;2/4/2025 18:27;300;295;0;ok;Sin novedad
LOT00542;28/2/2025;Esmalte Antióxido Rojo Óxido;Galón;Mañana;28/2/2025 06:25;28/2/2025 07:14;28/2/2025 07:23;28/2/2025 07:52;28/2/2025 07:54;28/2/2025 08:39;28/2/2025 08:53;28/2/2025 09:04;28/2/2025 09:17;28/2/2025 09:41;28/2/2025 09:43;28/2/2025 10:19;150;144;0;OK;OK
LOT00543;26/6/2025;Látex Lavable Mate;Galón; Noche ;26/6/2025 22:36;26/6/2025 23:08;;;26/6/2025 23:17;27/6/2025 00:25;27/6/2025 00:27;27/6/2025 00:41;27/6/2025 00:45;27/6/2025 01:14;27/6/2025 01:28;27/6/2025 02:01;100;97;0;Aprobado;Sin novedad
LOT00544;18/4/2025;esmalte sintético brillante blanco;1/4 Galón;Mañana;18/4/2025 06:07;18/4/2025 06:27;;;18/4/2025 06:42;18/4/2025 07:15;18/4/2025 07:22;18/4/2025 07:37;18/4/2025 07:52;18/4/2025 08:16;18/4/2025 08:23;18/4/2025 08:46;600;590;0;Conforme;
LOT00545;17/7/2024;Sellador Poliuretánico para Juntas;1/4 Galón;Mañana;17/7/2024 06:27;17/7/2024 07:08;;;17/7/2024 07:17;17/7/2024 08:03;17/7/2024 08:09;17/7/2024 08:35;17/7/2024 08:48;17/7/2024 09:22;17/7/2024 09:25;17/7/2024 09:55;500;330;60;No conforme;Envase defectuoso en línea de envasado
LOT00546;3/9/2024;Fondo Anticorrosivo Gris;Tambor; Noche ;3/9/2024 22:33;3/9/2024 22:56;3/9/2024 23:00;3/9/2024 23:22;3/9/2024 23:27;4/9/2024 00:34;4/9/2024 00:41;4/9/2024 01:02;4/9/2024 01:07;4/9/2024 01:52;4/9/2024 02:06;4/9/2024 02:33;30;29;0;Liberado;Sin novedad
LOT00547;8/10/2024;Anticorrosivo Epóxico Industrial;Tambor;Tarde;8/10/2024 14:33;8/10/2024 14:51;8/10/2024 14:57;8/10/2024 15:28;8/10/2024 15:30;8/10/2024 16:10;8/10/2024 16:20;8/10/2024 16:42;8/10/2024 16:56;8/10/2024 17:21;8/10/2024 17:27;8/10/2024 17:44;20;20;0;Conforme;
LOT00548;1/11/2024;Recubrimiento Epóxico Piso Industrial; Tambor ;Noche;1/11/2024 22:31;1/11/2024 23:13;1/11/2024 23:19;1/11/2024 23:52;1/11/2024 23:58;2/11/2024 01:01;2/11/2024 01:06;2/11/2024 01:16;2/11/2024 01:24;2/11/2024 02:13;2/11/2024 02:24;2/11/2024 02:45;20;8;1;No conforme;Grumos detectados en control visual
LOT00549;19/8/2024;Barniz Marino Poliuretánico;Galón;Mañana;19/8/2024 06:12;19/8/2024 06:38;;;19/8/2024 06:52;19/8/2024 07:24;19/8/2024 07:27;19/8/2024 07:40;19/8/2024 07:50;19/8/2024 08:42;19/8/2024 08:51;19/8/2024 09:12;150;142;0; OK ;Turno sin incidentes
lot00550;19/10/2024;Látex Vinílico Interior Blanco;Galón;Noche;19/10/2024 22:33;19/10/2024 23:14;19/10/2024 23:20;19/10/2024 23:47;19/10/2024 23:51;20/10/2024 01:02;20/10/2024 01:14;20/10/2024 01:38;20/10/2024 01:50;20/10/2024 02:13;20/10/2024 02:20;20/10/2024 02:44;300;297;0;Conforme;Producción normal
LOT00551;9/5/2025;Recubrimiento Epóxico Alto Sólido;Tambor;Mañana;9/5/2025 06:36;9/5/2025 07:07;9/5/2025 07:21;9/5/2025 08:11;9/5/2025 08:14;9/5/2025 09:08;9/5/2025 09:13;9/5/2025 09:34;9/5/2025 09:39;9/5/2025 10:33;9/5/2025 10:38;9/5/2025 11:17;20;19;0;ok;Rendimiento dentro de lo esperado
LOT00552;3/1/2025;Látex Texturizado para Fachadas;Galón;Mañana;3/1/2025 06:16;3/1/2025 06:35;;;3/1/2025 06:48;3/1/2025 07:28;3/1/2025 07:36;3/1/2025 08:02;3/1/2025 08:12;3/1/2025 09:00;3/1/2025 09:07;3/1/2025 09:40;200;199;0;Conforme;Lote conforme a especificaciones
LOT00553;22/1/2025;Esmalte Alto Tráfico Gris; Tambor ;Tarde;22/1/2025 14:27;22/1/2025 14:59;22/1/2025 15:02;22/1/2025 15:57;22/1/2025 16:09;22/1/2025 17:26;22/1/2025 17:40;22/1/2025 18:03;22/1/2025 18:08;22/1/2025 18:32;22/1/2025 18:41;22/1/2025 19:03;20;9;2;Devuelto a reproceso;Grumos detectados en control visual
LOT00554;5/7/2024;Esmalte al Agua Satinado;Balde;Noche;5/7/2024 22:43;5/7/2024 23:13;5/7/2024 23:18;6/7/2024 00:22;6/7/2024 00:26;6/7/2024 00:47;6/7/2024 01:00;6/7/2024 01:18;6/7/2024 01:25;6/7/2024 02:15;6/7/2024 02:25;6/7/2024 02:41;40;38;0;OK;Lote conforme a especificaciones
LOT00555;20/1/2025; Barniz para Madera Brillante ;Tambor;Mañana;20/1/2025 06:45;20/1/2025 07:04;20/1/2025 07:09;20/1/2025 08:05;20/1/2025 08:19;20/1/2025 08:41;20/1/2025 08:53;20/1/2025 09:20;20/1/2025 09:25;20/1/2025 09:55;20/1/2025 10:06;20/1/2025 10:41;30;28;0;Aprobado; sin novedad 
LOT00556;11/1/2025;Esmalte Martillado Negro;Tambor;Tarde;11/1/2025 14:25;11/1/2025 15:11;;;11/1/2025 15:20;11/1/2025 15:48;11/1/2025 15:57;11/1/2025 16:24;11/1/2025 16:26;11/1/2025 16:46;11/1/2025 16:50;11/1/2025 17:09;15;15;0;Conforme;Producción normal
LOT00557;30/6/2025;Esmalte Antióxido Rojo Óxido; 1/4 Galón ;Mañana;30/6/2025 06:35;30/6/2025 07:12;30/6/2025 07:22;30/6/2025 08:32;30/6/2025 08:39;30/6/2025 09:38;30/6/2025 09:52;30/6/2025 10:15;30/6/2025 10:29;30/6/2025 10:51;30/6/2025 11:01;30/6/2025 11:28;300;296;0;Liberado;
LOT00558;21/9/2024;Látex Vinílico Interior Blanco;Galón;Tarde;21/9/2024 14:37;21/9/2024 15:16;21/9/2024 15:25;21/9/2024 15:52;21/9/2024 15:58;21/9/2024 16:34;21/9/2024 16:37;21/9/2024 17:06;21/9/2024 17:13;21/9/2024 18:10;21/9/2024 18:13;21/9/2024 18:48;300;286;2;OK;
LOT00559;14/9/2024;Recubrimiento Vinil-éster para Tanques;Tambor;Mañana;14/9/2024 06:08;14/9/2024 06:44;14/9/2024 06:57;14/9/2024 07:45;14/9/2024 07:58;14/9/2024 08:15;14/9/2024 08:22;14/9/2024 08:32;14/9/2024 08:34;14/9/2024 09:32;14/9/2024 09:38;14/9/2024 10:09;10;6;2;Rechazado;Envase defectuoso en línea de envasado
LOT00560;24/9/2024;Barniz Catalizado Alto Brillo;1/4 Galón;Tarde;24/9/2024 14:07;24/9/2024 14:42;24/9/2024 14:47;24/9/2024 15:54;24/9/2024 16:08;24/9/2024 17:00;24/9/2024 17:05;24/9/2024 17:21;24/9/2024 17:29;24/9/2024 17:56;24/9/2024 18:05;24/9/2024 18:17;600;597;0;Aprobado;
LOT00561;28/12/2024;Recubrimiento Vinil-éster para Tanques;Tambor;Tarde;28/12/2024 14:29;28/12/2024 14:53;28/12/2024 15:04;28/12/2024 15:28;28/12/2024 15:31;28/12/2024 15:56;28/12/2024 15:59;28/12/2024 16:19;28/12/2024 16:32;28/12/2024 17:03;28/12/2024 17:06;28/12/2024 17:16;25;24;0;Liberado;Sin observaciones
LOT00562;20/8/2024;Sellador de Silicona Neutra;Balde;Noche;20/8/2024 22:26;20/8/2024 22:51;;;20/8/2024 23:03;20/8/2024 23:30;20/8/2024 23:40;20/8/2024 23:56;21/8/2024 00:01;21/8/2024 00:24;21/8/2024 00:29;21/8/2024 00:52;100;95;0;Aprobado;
LOT00563;18/2/2025;Barniz Marino Poliuretánico;Balde;Tarde;;;;;18/2/2025 14:55;18/2/2025 15:53;18/2/2025 15:57;18/2/2025 16:14;18/2/2025 16:28;18/2/2025 16:57;18/2/2025 17:03;18/2/2025 17:20;80;79;0;Aprobado;Turno sin incidentes
LOT00564;3/6/2025;Sellador Acrílico para Techos;Galón;Noche;;;;;3/6/2025 22:37;3/6/2025 23:31;3/6/2025 23:45;3/6/2025 23:55;4/6/2025 00:08;4/6/2025 00:49;4/6/2025 01:04;4/6/2025 01:20;250;237;0;Aprobado;Lote conforme a especificaciones
LOT00565;1/11/2024;Sellador Acrílico para Techos;Balde;Noche;;;;;1/11/2024 22:20;1/11/2024 22:51;1/11/2024 22:53;1/11/2024 23:04;1/11/2024 23:09;1/11/2024 23:48;1/11/2024 23:55;2/11/2024 00:07;60;52;2;Reproceso parcial;Se adicionó solvente para ajustar viscosidad
LOT00566;22/4/2025;látex vinílico interior blanco;galón;Noche;22/4/2025 22:33;22/4/2025 22:56;22/4/2025 23:11;22/4/2025 23:33;22/4/2025 23:48;23/4/2025 00:04;23/4/2025 00:07;23/4/2025 00:20;23/4/2025 00:23;23/4/2025 01:14;23/4/2025 01:18;23/4/2025 01:38;100;96;0;conforme;Producción normal
LOT00567;5/9/2024;Sellador Poliuretánico para Juntas;Balde;Mañana;5/9/2024 06:29;5/9/2024 06:50;;;5/9/2024 07:04;5/9/2024 07:54;5/9/2024 08:08;5/9/2024 08:28;5/9/2024 08:38;5/9/2024 09:03;5/9/2024 09:09;5/9/2024 09:35;80;76;0;Conforme;Turno sin incidentes
LOT00568;23/5/2025;Látex Económico Interior;Balde;Mañana;23/5/2025 06:37;23/5/2025 07:08;23/5/2025 07:16;23/5/2025 08:10;23/5/2025 08:22;23/5/2025 09:31;23/5/2025 09:35;23/5/2025 09:58;23/5/2025 10:08;23/5/2025 10:33;23/5/2025 10:47;23/5/2025 11:16;60;57;0;Liberado;Turno sin incidentes
LOT00569;7/3/2025; Recubrimiento Vinil-éster para Tanques ;Balde;Mañana;7/3/2025 06:19;7/3/2025 06:38;7/3/2025 06:47;7/3/2025 07:31;7/3/2025 07:33;7/3/2025 08:17;7/3/2025 08:27;7/3/2025 08:48;7/3/2025 08:55;7/3/2025 09:43;7/3/2025 09:51;7/3/2025 10:03;100;99;1;Conforme;Lote conforme a especificaciones
LOT00570;3/7/2024;Barniz Marino Transparente;Cuñete;Tarde;3/7/2024 14:16;3/7/2024 14:48;;;3/7/2024 14:54;3/7/2024 15:45;3/7/2024 15:58;3/7/2024 16:17;3/7/2024 16:28;3/7/2024 17:09;3/7/2024 17:14;3/7/2024 17:29;40;39;0;Aprobado;
LOT00571;20/6/2025;Recubrimiento Poliuretánico para Piso;BALDE;Mañana;20/6/2025 06:16;20/6/2025 07:02;20/6/2025 07:16;20/6/2025 08:23;20/6/2025 08:31;20/6/2025 09:17;20/6/2025 09:20;20/6/2025 09:35;20/6/2025 09:44;20/6/2025 10:28;20/6/2025 10:31;20/6/2025 11:03;80;78;0;Liberado;
LOT00572;21/11/2024;Anticorrosivo Epóxico Industrial;Tambor;Mañana;21/11/2024 06:07;21/11/2024 06:54;21/11/2024 06:58;21/11/2024 07:39;21/11/2024 07:49;21/11/2024 08:33;21/11/2024 08:37;21/11/2024 08:53;21/11/2024 09:01;21/11/2024 09:49;21/11/2024 10:03;21/11/2024 10:43;25;23;0;Conforme;Lote conforme a especificaciones
LOT00573;20/5/2025;Esmalte Alto Tráfico Gris;Balde;Noche;20/5/2025 22:43;20/5/2025 23:23;;;20/5/2025 23:37;21/5/2025 00:30;21/5/2025 00:45;21/5/2025 01:08;21/5/2025 01:10;21/5/2025 01:45;21/5/2025 01:47;21/5/2025 02:21;80;78;0;ok;Lote conforme a especificaciones
LOT00574;4/10/2024;Anticorrosivo Zincromato Amarillo;Cuñete;Tarde;4/10/2024 14:07;4/10/2024 14:53;4/10/2024 14:58;4/10/2024 15:57;4/10/2024 16:12;4/10/2024 16:47;4/10/2024 16:51;4/10/2024 17:03;4/10/2024 17:15;4/10/2024 17:58;4/10/2024 18:09;4/10/2024 18:28;60;59;2;OK;
LOT00575;23/11/2024;Anticorrosivo Base Zinc Inorgánico;Cuñete;Noche;23/11/2024 22:29;23/11/2024 23:11;23/11/2024 23:14;24/11/2024 00:24;24/11/2024 00:32;24/11/2024 00:48;24/11/2024 00:50;24/11/2024 01:17;24/11/2024 01:20;24/11/2024 01:57;24/11/2024 02:00;24/11/2024 02:11;120;119;0;OK;Sin observaciones
LOT00576;10/3/2025;Sellador de Silicona Neutra;CUÑETE;Mañana;10/3/2025 06:36;10/3/2025 06:59;;;10/3/2025 07:07;10/3/2025 08:10;10/3/2025 08:15;10/3/2025 08:30;10/3/2025 08:34;10/3/2025 09:02;10/3/2025 09:04;10/3/2025 09:43;60;59;0;OK;Producción normal
LOT00577;23/1/2025;Recubrimiento Poliuretánico UV;tambor;Tarde;23/1/2025 14:22;23/1/2025 15:06;23/1/2025 15:13;23/1/2025 15:51;23/1/2025 15:59;23/1/2025 16:54;23/1/2025 17:05;23/1/2025 17:31;23/1/2025 17:34;23/1/2025 17:58;23/1/2025 18:04;23/1/2025 18:30;10;9;0;Conforme;
LOT00578;18/1/2025;Anticorrosivo Zincromato Amarillo;Cuñete;Tarde;18/1/2025 14:10;18/1/2025 14:57;18/1/2025 15:09;18/1/2025 16:16;18/1/2025 16:18;18/1/2025 17:03;18/1/2025 17:15;18/1/2025 17:35;18/1/2025 17:39;18/1/2025 18:17;18/1/2025 18:32;18/1/2025 19:00;40;39;0;Conforme;
LOT00579;2/4/2025;Esmalte Martillado Negro;1/4 Galón;mañana;2/4/2025 06:28;2/4/2025 06:55;2/4/2025 07:05;2/4/2025 07:55;2/4/2025 08:02;2/4/2025 09:16;2/4/2025 09:21;2/4/2025 09:51;2/4/2025 09:55;2/4/2025 10:52;2/4/2025 11:02;2/4/2025 11:19;200;199;0;Aprobado;OK
LOT00580;14/9/2024;Látex Económico Interior;Balde;Mañana;14/9/2024 06:43;14/9/2024 07:22;;;14/9/2024 07:31;14/9/2024 08:42;14/9/2024 08:46;14/9/2024 09:12;14/9/2024 09:23;14/9/2024 10:22;14/9/2024 10:26;14/9/2024 10:42;100;98;0;LIBERADO;
LOT00581;2/11/2024;Látex Económico Interior;Cuñete;Noche;2/11/2024 22:03;2/11/2024 22:29;;;2/11/2024 22:40;2/11/2024 23:35;2/11/2024 23:49;3/11/2024 00:19;3/11/2024 00:34;3/11/2024 01:21;3/11/2024 01:27;3/11/2024 02:05;40;40;0;Conforme;
LOT00582;7/12/2024;Recubrimiento Vinil-éster para Tanques;Cuñete;Tarde;7/12/2024 14:06;7/12/2024 14:25;7/12/2024 14:27;7/12/2024 15:36;7/12/2024 15:48;7/12/2024 17:05;7/12/2024 17:20;7/12/2024 17:42;7/12/2024 17:55;7/12/2024 18:28;7/12/2024 18:30;7/12/2024 18:54;80;77;1;OK;
LOT00583;14/9/2024;Esmalte Antióxido Rojo Óxido;Galón;Noche;14/9/2024 22:27;14/9/2024 23:09;;;14/9/2024 23:13;15/9/2024 00:27;15/9/2024 00:40;15/9/2024 01:10;15/9/2024 01:24;15/9/2024 02:07;15/9/2024 02:14;15/9/2024 02:51;150;144;0;OK;Sin observaciones
LOT00584;6/2/2025;Barniz para Madera Brillante;1/4 Galón;Mañana;;;;;6/2/2025 06:19;6/2/2025 07:35;6/2/2025 07:40;6/2/2025 08:00;6/2/2025 08:13;6/2/2025 08:43;6/2/2025 08:51;6/2/2025 09:13;500;494;0;Aprobado;
LOT00585;27/5/2025;Barniz Marino Poliuretánico;Balde;Mañana;27/5/2025 06:13;27/5/2025 06:59;27/5/2025 07:08;27/5/2025 07:31;27/5/2025 07:36;27/5/2025 08:37;27/5/2025 08:46;27/5/2025 08:57;27/5/2025 09:08;27/5/2025 10:07;27/5/2025 10:18;27/5/2025 10:49;120;115;0;OK;
lot00586;20/6/2025;Sellador Poliuretánico para Juntas;Galón;Mañana;20/6/2025 06:04;20/6/2025 06:44;;;20/6/2025 06:57;20/6/2025 07:54;20/6/2025 08:08;20/6/2025 08:28;20/6/2025 08:41;20/6/2025 09:34;20/6/2025 09:49;20/6/2025 09:59;200;197;0;Aprobado;
LOT00587;5/8/2024;BARNIZ MARINO TRANSPARENTE; Galón ;Mañana;5/8/2024 06:03;5/8/2024 06:40;;;5/8/2024 06:51;5/8/2024 07:43;5/8/2024 07:50;5/8/2024 08:02;5/8/2024 08:09;5/8/2024 08:47;5/8/2024 08:54;5/8/2024 09:17;100;98;0;Conforme;OK
LOT00588;8/3/2025;Látex Vinílico Interior Blanco;Balde;Tarde;8/3/2025 14:16;8/3/2025 14:54;;;8/3/2025 15:04;8/3/2025 15:33;8/3/2025 15:48;8/3/2025 16:07;8/3/2025 16:16;8/3/2025 17:16;8/3/2025 17:22;8/3/2025 17:34;80;79;0;Conforme;Sin novedad
LOT00589;9/11/2024;Látex Antihongos para Baños;Cuñete;TARDE;9/11/2024 14:10;9/11/2024 14:43;;;9/11/2024 14:45;9/11/2024 15:21;9/11/2024 15:30;9/11/2024 15:49;9/11/2024 15:54;9/11/2024 16:28;9/11/2024 16:39;9/11/2024 17:13;80;78;0;Liberado;
LOT00590;14/9/2024;Barniz Marino Transparente;Galón;NOCHE;14/9/2024 22:31;14/9/2024 23:08;14/9/2024 23:11;15/9/2024 00:18;15/9/2024 00:32;15/9/2024 00:57;15/9/2024 01:05;15/9/2024 01:34;15/9/2024 01:44;15/9/2024 02:15;15/9/2024 02:27;15/9/2024 02:37;300;296;0;OK;Rendimiento dentro de lo esperado
LOT00591;27/3/2025;Anticorrosivo Epóxico Industrial;Cuñete;Tarde;27/3/2025 14:35;27/3/2025 14:54;27/3/2025 15:04;27/3/2025 15:42;27/3/2025 15:54;27/3/2025 17:11;27/3/2025 17:13;27/3/2025 17:36;27/3/2025 17:49;27/3/2025 18:32;27/3/2025 18:43;27/3/2025 19:17;80;60;6;Reproceso parcial;Se repasó por molienda adicional 20 min
LOT00592;5/7/2024;Fondo Anticorrosivo Gris;Tambor;Tarde;5/7/2024 14:36;5/7/2024 15:00;5/7/2024 15:10;5/7/2024 16:12;5/7/2024 16:15;5/7/2024 16:58;5/7/2024 17:10;5/7/2024 17:22;5/7/2024 17:33;5/7/2024 18:17;5/7/2024 18:26;5/7/2024 19:05;20;19;0;Conforme;Producción normal
LOT00593;8/3/2025;Esmalte Sintético Brillante Blanco;Galón;Noche;8/3/2025 22:44;8/3/2025 23:13;8/3/2025 23:26;9/3/2025 00:05;9/3/2025 00:08;9/3/2025 00:57;9/3/2025 01:00;9/3/2025 01:18;9/3/2025 01:29;9/3/2025 02:10;9/3/2025 02:16;9/3/2025 02:41;100;97;0;Conforme;Sin novedad
LOT00594;9/10/2024;Recubrimiento Epóxico Piso Industrial;Cuñete;Mañana;9/10/2024 06:31;9/10/2024 07:13;9/10/2024 07:21;9/10/2024 08:22;9/10/2024 08:29;9/10/2024 09:09;9/10/2024 09:11;9/10/2024 09:25;9/10/2024 09:31;9/10/2024 10:06;9/10/2024 10:11;9/10/2024 10:50;60;51;4;Reproceso parcial;pH bajo, se adicionó amoniaco hasta rango
LOT00595;13/6/2025;Látex Económico Interior;Tambor;Mañana;13/6/2025 06:43;13/6/2025 07:14;;;13/6/2025 07:19;13/6/2025 07:56;13/6/2025 08:01;13/6/2025 08:24;13/6/2025 08:26;13/6/2025 08:48;13/6/2025 08:55;13/6/2025 09:34;15;14;0;Liberado;Lote conforme a especificaciones
LOT00596;12/2/2025;Anticorrosivo Base Zinc Inorgánico;Cuñete;Mañana;12/2/2025 06:22;12/2/2025 07:04;12/2/2025 07:09;12/2/2025 07:37;12/2/2025 07:52;12/2/2025 08:18;12/2/2025 08:32;12/2/2025 08:47;12/2/2025 08:52;12/2/2025 09:23;12/2/2025 09:34;12/2/2025 09:55;100;99;0;Liberado;
LOT00597;8/1/2025;Esmalte Antióxido Rojo Óxido;cuñete;MAÑANA;8/1/2025 06:41;8/1/2025 07:28;8/1/2025 07:37;8/1/2025 07:59;8/1/2025 08:06;8/1/2025 09:13;8/1/2025 09:25;8/1/2025 09:46;8/1/2025 09:54;8/1/2025 10:26;8/1/2025 10:30;8/1/2025 10:40;60;57;0;Aprobado;Producción normal
LOT00598;26/11/2024;Esmalte al Agua Satinado;1/4 Galón;Tarde;26/11/2024 14:41;26/11/2024 14:56;26/11/2024 15:05;26/11/2024 16:04;26/11/2024 16:08;26/11/2024 16:28;26/11/2024 16:41;26/11/2024 17:03;26/11/2024 17:14;26/11/2024 17:49;26/11/2024 17:53;26/11/2024 18:31;600;592;1;Aprobado;
LOT00599;4/7/2024; Anticorrosivo Marino Bicomponente ;Balde;Noche;4/7/2024 22:17;4/7/2024 22:52;4/7/2024 22:55;4/7/2024 23:45;4/7/2024 23:52;5/7/2024 01:00;5/7/2024 01:07;5/7/2024 01:30;5/7/2024 01:43;5/7/2024 02:24;5/7/2024 02:29;5/7/2024 02:50;40;39;0;Aprobado;Lote conforme a especificaciones
LOT00600;3/10/2024; Anticorrosivo Epóxico Industrial ;Galón;Tarde;3/10/2024 14:21;3/10/2024 15:06;3/10/2024 15:12;3/10/2024 15:37;3/10/2024 15:43;3/10/2024 16:50;3/10/2024 17:05;3/10/2024 17:22;3/10/2024 17:35;3/10/2024 18:18;3/10/2024 18:20;3/10/2024 18:42;300;286;0;Conforme;
LOT00601;26/11/2024;Látex Lavable Mate;Galón;Tarde;26/11/2024 14:32;26/11/2024 14:49;;;26/11/2024 14:51;26/11/2024 15:27;26/11/2024 15:40;26/11/2024 16:00;26/11/2024 16:09;26/11/2024 16:29;26/11/2024 16:39;26/11/2024 16:54;100;97;0;Aprobado;
LOT00602;2/6/2025;Anticorrosivo Epóxico Industrial;1/4 Galón;Noche;2/6/2025 22:42;2/6/2025 23:16;2/6/2025 23:22;2/6/2025 23:44;2/6/2025 23:55;3/6/2025 00:54;3/6/2025 01:01;3/6/2025 01:11;3/6/2025 01:21;3/6/2025 01:59;3/6/2025 02:05;3/6/2025 02:35;500;481;0; OK ;
LOT00603;16/9/2024;Anticorrosivo Zincromato Amarillo;Tambor;Noche;16/9/2024 22:06;16/9/2024 22:31;16/9/2024 22:36;16/9/2024 23:14;16/9/2024 23:17;16/9/2024 23:46;16/9/2024 23:54;17/9/2024 00:10;17/9/2024 00:12;17/9/2024 00:51;17/9/2024 01:02;17/9/2024 01:19;15;14;0;Aprobado;
LOT00604;17/3/2025;Sellador Acrílico para Fisuras;Galón;Noche;17/3/2025 22:29;17/3/2025 22:49;;;17/3/2025 22:52;17/3/2025 23:30;17/3/2025 23:38;18/3/2025 00:04;18/3/2025 00:06;18/3/2025 00:28;18/3/2025 00:33;18/3/2025 00:48;300;294;2;Aprobado;Rendimiento dentro de lo esperado
LOT00605;30/10/2024;Esmalte Alto Tráfico Gris;Balde;Tarde;30/10/2024 14:44;30/10/2024 15:23;30/10/2024 15:38;30/10/2024 16:47;30/10/2024 16:49;30/10/2024 17:42;30/10/2024 17:50;30/10/2024 18:07;30/10/2024 18:16;30/10/2024 18:54;30/10/2024 18:56;30/10/2024 19:08;40;38;0;Liberado; ok 
LOT00606;10/1/2025;Anticorrosivo Zincromato Amarillo;CUÑETE;tarde;10/1/2025 14:21;10/1/2025 15:05;10/1/2025 15:11;10/1/2025 16:18;10/1/2025 16:26;10/1/2025 17:31;10/1/2025 17:44;10/1/2025 17:57;10/1/2025 18:04;10/1/2025 18:22;10/1/2025 18:25;10/1/2025 18:58;100;98;0;Aprobado;Producción normal
LOT00607;19/8/2024;Recubrimiento Poliuretánico UV;Balde;Noche;19/8/2024 22:00;19/8/2024 22:39;19/8/2024 22:44;19/8/2024 23:40;19/8/2024 23:44;20/8/2024 00:20;20/8/2024 00:35;20/8/2024 01:03;20/8/2024 01:15;20/8/2024 01:35;20/8/2024 01:40;20/8/2024 01:59;120;105;9;Reproceso parcial;Reproceso parcial: se filtró y re-envasó
LOT00608;13/5/2025;Barniz Marino Poliuretánico;Galón;Noche;13/5/2025 22:23;13/5/2025 22:53;;;13/5/2025 23:08;13/5/2025 23:29;13/5/2025 23:31;13/5/2025 23:46;13/5/2025 23:50;14/5/2025 00:30;14/5/2025 00:41;14/5/2025 01:19;100;97;0;Conforme;Producción normal
LOT00609;26/11/2024;Esmalte al Agua Satinado;Balde;Mañana;26/11/2024 06:27;26/11/2024 06:50;26/11/2024 06:59;26/11/2024 07:27;26/11/2024 07:33;26/11/2024 08:34;26/11/2024 08:40;26/11/2024 09:00;26/11/2024 09:14;26/11/2024 10:01;26/11/2024 10:10;26/11/2024 10:48;80;75;0;conforme;Producción normal
LOT00610;12/11/2024;Anticorrosivo Epóxico Industrial;Cuñete;Noche;12/11/2024 22:12;12/11/2024 22:57;12/11/2024 23:10;12/11/2024 23:52;12/11/2024 23:55;13/11/2024 00:41;13/11/2024 00:49;13/11/2024 01:09;13/11/2024 01:22;13/11/2024 02:00;13/11/2024 02:11;13/11/2024 02:50;40;37;2;Aprobado;Sin novedad
LOT00611;25/6/2025;Recubrimiento Poliuretánico para Piso;Galón;Noche;25/6/2025 22:19;25/6/2025 22:42;25/6/2025 22:53;25/6/2025 23:13;25/6/2025 23:23;25/6/2025 23:56;26/6/2025 00:04;26/6/2025 00:14;26/6/2025 00:18;26/6/2025 00:47;26/6/2025 00:58;26/6/2025 01:13;100;73;10;Devuelto a reproceso;Color no coincide con muestra patrón
LOT00612;25/10/2024;Anticorrosivo Marino Bicomponente;Cuñete;Tarde;25/10/2024 14:34;25/10/2024 14:52;25/10/2024 15:02;25/10/2024 16:09;25/10/2024 16:12;25/10/2024 16:40;25/10/2024 16:52;25/10/2024 17:18;25/10/2024 17:30;25/10/2024 18:17;25/10/2024 18:25;25/10/2024 18:45;120;116;0;Aprobado;Sin observaciones
LOT00613;9/9/2024;Anticorrosivo Epóxico Industrial;Tambor;Noche;9/9/2024 22:32;9/9/2024 22:58;9/9/2024 23:10;9/9/2024 23:56;10/9/2024 00:04;10/9/2024 01:04;10/9/2024 01:18;10/9/2024 01:36;10/9/2024 01:47;10/9/2024 02:35;10/9/2024 02:47;10/9/2024 03:17;20;20;0;Conforme;
LOT00614;5/11/2024;Esmalte Sintético Brillante Blanco;Galón;Mañana;5/11/2024 06:43;5/11/2024 07:07;5/11/2024 07:10;5/11/2024 07:38;5/11/2024 07:45;5/11/2024 08:54;5/11/2024 09:08;5/11/2024 09:35;5/11/2024 09:48;5/11/2024 10:21;5/11/2024 10:28;5/11/2024 11:02;200;133;21; rechazado ;Contaminación detectada, lote aislado
 LOT00615 ;14/10/2024;Sellador de Silicona Neutra;1/4 Galón;Tarde;;;;;14/10/2024 14:42;14/10/2024 15:26;14/10/2024 15:38;14/10/2024 15:52;14/10/2024 16:06;14/10/2024 16:22;14/10/2024 16:29;14/10/2024 16:48;600;455;8;Reproceso parcial;Se adicionó solvente para ajustar viscosidad
LOT00616;6/3/2025;Barniz Marino Poliuretánico;1/4 Galón;Noche;6/3/2025 22:44;6/3/2025 23:16;6/3/2025 23:29;7/3/2025 00:38;7/3/2025 00:43;7/3/2025 01:41;7/3/2025 01:53;7/3/2025 02:06;7/3/2025 02:09;7/3/2025 02:30;7/3/2025 02:33;7/3/2025 02:59;400;337;27;Reproceso parcial;Ajuste de color con pigmento, segunda medición OK
LOT00617;18/7/2024;Látex Lavable Mate;Balde;Mañana;18/7/2024 06:37;18/7/2024 07:06;18/7/2024 07:15;18/7/2024 08:09;18/7/2024 08:18;18/7/2024 09:24;18/7/2024 09:29;18/7/2024 09:43;18/7/2024 09:55;18/7/2024 10:21;18/7/2024 10:29;18/7/2024 10:52;40;39;0;Conforme;Sin observaciones
LOT00618;27/7/2024;Esmalte al Agua Satinado;Galón;Noche;27/7/2024 22:28;27/7/2024 22:50;27/7/2024 22:55;27/7/2024 23:16;27/7/2024 23:19;28/7/2024 00:15;28/7/2024 00:26;28/7/2024 00:41;28/7/2024 00:50;28/7/2024 01:06;28/7/2024 01:13;28/7/2024 01:24;300;296;1;OK;OK
LOT00619;30/7/2024;Látex Acrílico Exterior Premium;Cuñete;tarde;30/7/2024 14:40;30/7/2024 15:30;30/7/2024 15:38;30/7/2024 16:19;30/7/2024 16:33;30/7/2024 16:52;30/7/2024 17:00;30/7/2024 17:12;30/7/2024 17:17;30/7/2024 17:45;30/7/2024 17:59;30/7/2024 18:17;80;79;0;Liberado;Turno sin incidentes
LOT00620;30/10/2024;Barniz Marino Poliuretánico;Galón;Noche;30/10/2024 22:29;30/10/2024 22:48;30/10/2024 23:01;30/10/2024 23:43;30/10/2024 23:50;31/10/2024 00:46;31/10/2024 00:48;31/10/2024 01:13;31/10/2024 01:28;31/10/2024 02:10;31/10/2024 02:21;31/10/2024 02:49;150;128;10;Ajuste en proceso;pH bajo, se adicionó amoniaco hasta rango
LOT00621;4/6/2025;Látex Económico Interior;Balde;Mañana;4/6/2025 06:09;4/6/2025 06:52;4/6/2025 06:58;4/6/2025 07:50;4/6/2025 08:00;4/6/2025 08:43;4/6/2025 08:47;4/6/2025 09:16;4/6/2025 09:23;4/6/2025 09:55;4/6/2025 10:00;4/6/2025 10:19;40;38;0;Liberado;
LOT00622;2/8/2024; Esmalte al Agua Satinado ;Balde;Noche;2/8/2024 22:12;2/8/2024 22:27;2/8/2024 22:30;2/8/2024 23:38;2/8/2024 23:50;3/8/2024 01:10;3/8/2024 01:21;3/8/2024 01:51;3/8/2024 01:56;3/8/2024 02:44;3/8/2024 02:58;3/8/2024 03:32;100;95;0;Conforme;
LOT00623;22/7/2024; Esmalte Alto Tráfico Gris ;Balde;Tarde;22/7/2024 14:02;22/7/2024 14:19;22/7/2024 14:31;22/7/2024 14:54;22/7/2024 15:06;22/7/2024 15:56;22/7/2024 16:07;22/7/2024 16:18;22/7/2024 16:24;22/7/2024 17:12;22/7/2024 17:20;22/7/2024 17:59;80;78;0;Liberado;Sin novedad
LOT00624;14/6/2025;Esmalte Alto Tráfico Gris;BALDE;Tarde;14/6/2025 14:38;14/6/2025 15:20;14/6/2025 15:25;14/6/2025 16:24;14/6/2025 16:29;14/6/2025 17:49;14/6/2025 17:58;14/6/2025 18:27;14/6/2025 18:42;14/6/2025 19:33;14/6/2025 19:42;14/6/2025 19:52;80;78;0;Conforme;Lote conforme a especificaciones
LOT00625;29/4/2025;Látex Antihongos para Baños;Balde;Mañana;29/4/2025 06:01;29/4/2025 06:28;29/4/2025 06:31;29/4/2025 06:52;29/4/2025 07:07;29/4/2025 08:03;29/4/2025 08:10;29/4/2025 08:24;29/4/2025 08:26;29/4/2025 08:43;29/4/2025 08:57;29/4/2025 09:27;120;118;0;Conforme;Sin novedad
LOT00626;23/10/2024;Sellador de Silicona Neutra;Balde;Mañana;23/10/2024 06:06;23/10/2024 06:25;;;23/10/2024 06:28;23/10/2024 07:37;23/10/2024 07:42;23/10/2024 08:03;23/10/2024 08:07;23/10/2024 08:53;23/10/2024 09:03;23/10/2024 09:39;100;82;5;Reproceso parcial;Reproceso parcial: se filtró y re-envasó
LOT00627;29/8/2024;Látex Lavable Mate;Galón;Tarde;29/8/2024 14:22;29/8/2024 14:47;29/8/2024 15:00;29/8/2024 15:20;29/8/2024 15:34;29/8/2024 16:16;29/8/2024 16:22;29/8/2024 16:35;29/8/2024 16:49;29/8/2024 17:21;29/8/2024 17:30;29/8/2024 17:48;300;285;0;OK;
LOT00628;25/1/2025;Látex Lavable Mate;Balde;Mañana;25/1/2025 06:02;25/1/2025 06:50;25/1/2025 07:01;25/1/2025 08:02;25/1/2025 08:14;25/1/2025 08:58;25/1/2025 09:08;25/1/2025 09:18;25/1/2025 09:27;25/1/2025 09:42;25/1/2025 09:49;25/1/2025 10:28;100;97;0;Liberado;OK
LOT00629;12/11/2024; Recubrimiento Poliuretánico para Piso ;Balde;Mañana;12/11/2024 06:15;12/11/2024 06:54;12/11/2024 06:58;12/11/2024 07:56;12/11/2024 08:05;12/11/2024 08:49;12/11/2024 09:03;12/11/2024 09:16;12/11/2024 09:19;12/11/2024 09:36;12/11/2024 09:46;12/11/2024 10:06;40;39;0;Liberado;Producción normal
LOT00630;30/6/2025;Recubrimiento Poliuretánico para Piso;Cuñete;Noche;30/6/2025 22:29;30/6/2025 23:09;30/6/2025 23:12;1/7/2025 00:10;1/7/2025 00:23;1/7/2025 00:39;1/7/2025 00:43;1/7/2025 01:00;1/7/2025 01:06;1/7/2025 01:58;1/7/2025 02:10;1/7/2025 02:20;120;117;0;aprobado;Turno sin incidentes
LOT00631;24/6/2025;Anticorrosivo Base Zinc Inorgánico;Tambor;TARDE;24/6/2025 14:18;24/6/2025 14:46;24/6/2025 14:48;24/6/2025 15:40;24/6/2025 15:44;24/6/2025 16:39;24/6/2025 16:41;24/6/2025 16:56;24/6/2025 17:04;24/6/2025 18:01;24/6/2025 18:03;24/6/2025 18:35;30;29;0;OK;
LOT00632;25/7/2024;Sellador Acrílico para Techos;Balde;Tarde;;;;;25/7/2024 14:36;25/7/2024 15:30;25/7/2024 15:37;25/7/2024 15:54;25/7/2024 16:09;25/7/2024 16:58;25/7/2024 17:10;25/7/2024 17:49;60;57;0;OK;
LOT00633;23/9/2024;Látex Económico Interior;Balde;Mañana;23/9/2024 06:04;23/9/2024 06:20;23/9/2024 06:25;23/9/2024 07:09;23/9/2024 07:12;23/9/2024 08:05;23/9/2024 08:18;23/9/2024 08:47;23/9/2024 09:01;23/9/2024 09:22;23/9/2024 09:25;23/9/2024 09:49;60;56;2;OK;Sin observaciones
LOT00634;25/9/2024;Sellador de Silicona Neutra;Galón;Noche;;;;;25/9/2024 22:34;25/9/2024 23:44;25/9/2024 23:48;26/9/2024 00:09;26/9/2024 00:13;26/9/2024 00:31;26/9/2024 00:41;26/9/2024 01:19;250;247;0;Liberado;
LOT00635;27/6/2025;Sellador Acrílico para Techos;Galón; Tarde ;27/6/2025 14:33;27/6/2025 14:54;;;27/6/2025 15:07;27/6/2025 15:36;27/6/2025 15:47;27/6/2025 15:57;27/6/2025 16:07;27/6/2025 16:47;27/6/2025 16:51;27/6/2025 17:17;200;141;37;Rechazado;pH alto, se requiere ajuste con ácido
LOT00636;19/5/2025;Sellador Acrílico para Techos;1/4 Galón;Tarde;;;19/5/2025 14:04;19/5/2025 14:37;19/5/2025 14:43;19/5/2025 15:40;19/5/2025 15:52;19/5/2025 16:03;19/5/2025 16:09;19/5/2025 16:25;19/5/2025 16:36;19/5/2025 16:49;600;578;0;Aprobado;
LOT00637;21/10/2024;Sellador Acrílico para Fisuras;Balde;Noche;21/10/2024 22:32;21/10/2024 22:56;21/10/2024 22:58;21/10/2024 23:32;21/10/2024 23:42;22/10/2024 00:38;22/10/2024 00:43;22/10/2024 01:04;22/10/2024 01:16;22/10/2024 01:51;22/10/2024 02:04;22/10/2024 02:21;100;96;1;Aprobado;OK
LOT00638;15/10/2024;Sellador Acrílico para Techos;Galón;Tarde;;;15/10/2024 14:48;15/10/2024 15:49;15/10/2024 15:57;15/10/2024 17:13;15/10/2024 17:22;15/10/2024 17:48;15/10/2024 17:57;15/10/2024 18:55;15/10/2024 19:03;15/10/2024 19:38;300;288;0;Aprobado;OK
LOT00639;17/1/2025;Recubrimiento Vinil-éster para Tanques;Balde;Tarde;17/1/2025 14:29;17/1/2025 14:45;17/1/2025 14:50;17/1/2025 15:17;17/1/2025 15:26;17/1/2025 16:27;17/1/2025 16:29;17/1/2025 16:53;17/1/2025 17:07;17/1/2025 17:54;17/1/2025 18:06;17/1/2025 18:34;80;77;2;LIBERADO;Lote conforme a especificaciones
 LOT00640 ;5/3/2025;Látex Texturizado para Fachadas; Balde ;Noche;5/3/2025 22:25;5/3/2025 22:47;;;5/3/2025 22:58;6/3/2025 00:14;6/3/2025 00:27;6/3/2025 00:44;6/3/2025 00:50;6/3/2025 01:10;6/3/2025 01:17;6/3/2025 01:32;60;58;0;Aprobado;Producción normal
LOT00641;15/11/2024;Látex Texturizado para Fachadas;Galón;Tarde;15/11/2024 14:01;15/11/2024 14:27;15/11/2024 14:30;15/11/2024 15:13;15/11/2024 15:20;15/11/2024 16:37;15/11/2024 16:47;15/11/2024 17:17;15/11/2024 17:21;15/11/2024 17:45;15/11/2024 17:53;15/11/2024 18:18;250;242;0;Conforme;Lote conforme a especificaciones
LOT00642;11/7/2024;Barniz Marino Transparente;Balde;Mañana;11/7/2024 06:12;11/7/2024 06:55;;;11/7/2024 07:06;11/7/2024 07:55;11/7/2024 08:02;11/7/2024 08:28;11/7/2024 08:40;11/7/2024 09:14;11/7/2024 09:27;11/7/2024 09:39;40;32;2;AJUSTE EN PROCESO;Se corrigió fórmula, pendiente segunda aprobación
LOT00643;19/10/2024;RECUBRIMIENTO EPÓXICO ALTO SÓLIDO;Tambor;Tarde;19/10/2024 14:01;19/10/2024 14:43;19/10/2024 14:54;19/10/2024 15:54;19/10/2024 15:57;19/10/2024 16:38;19/10/2024 16:49;19/10/2024 17:08;19/10/2024 17:21;19/10/2024 18:03;19/10/2024 18:09;19/10/2024 18:42;30;28;0;Conforme;OK
LOT00644;10/1/2025;Látex Lavable Mate;Balde;Tarde;10/1/2025 14:10;10/1/2025 14:28;10/1/2025 14:40;10/1/2025 15:29;10/1/2025 15:39;10/1/2025 16:54;10/1/2025 16:59;10/1/2025 17:25;10/1/2025 17:39;10/1/2025 18:10;10/1/2025 18:18;10/1/2025 18:37;120;118;0;Aprobado;OK
LOT00645;7/12/2024;Barniz Marino Transparente;Tambor;Mañana;7/12/2024 06:40;7/12/2024 07:28;7/12/2024 07:42;7/12/2024 08:38;7/12/2024 08:50;7/12/2024 09:35;7/12/2024 09:44;7/12/2024 10:04;7/12/2024 10:14;7/12/2024 11:06;7/12/2024 11:15;7/12/2024 11:55;25;25;0;OK;Turno sin incidentes
LOT00646;25/6/2025;Esmalte Antióxido Rojo Óxido;Galón;Tarde;25/6/2025 14:08;25/6/2025 14:56;25/6/2025 15:07;25/6/2025 15:32;25/6/2025 15:40;25/6/2025 16:50;25/6/2025 16:56;25/6/2025 17:15;25/6/2025 17:22;25/6/2025 17:57;25/6/2025 18:04;25/6/2025 18:21;200;197;0;Aprobado;Sin observaciones
LOT00647;7/12/2024;Recubrimiento Epóxico Piso Industrial;Balde; Noche ;7/12/2024 22:22;7/12/2024 22:56;7/12/2024 23:11;7/12/2024 23:45;7/12/2024 23:57;8/12/2024 00:14;8/12/2024 00:28;8/12/2024 00:46;8/12/2024 00:52;8/12/2024 01:11;8/12/2024 01:22;8/12/2024 01:42;100;98;1;Aprobado;Sin observaciones
LOT00648;7/12/2024;Recubrimiento Vinil-éster para Tanques;Cuñete;Tarde;7/12/2024 14:27;7/12/2024 15:16;7/12/2024 15:20;7/12/2024 16:09;7/12/2024 16:20;7/12/2024 17:15;7/12/2024 17:19;7/12/2024 17:35;7/12/2024 17:44;7/12/2024 18:15;7/12/2024 18:25;7/12/2024 18:57;100;98;0;Aprobado;Sin observaciones
LOT00649;21/3/2025;Anticorrosivo Marino Bicomponente;Cuñete;Tarde;21/3/2025 14:38;21/3/2025 15:05;21/3/2025 15:12;21/3/2025 15:36;21/3/2025 15:38;21/3/2025 16:37;21/3/2025 16:40;21/3/2025 16:51;21/3/2025 17:05;21/3/2025 17:28;21/3/2025 17:37;21/3/2025 18:08;40;38;0;Liberado;
LOT00650;7/3/2025;Esmalte al Agua Satinado;Cuñete;Noche;7/3/2025 22:12;7/3/2025 22:41;7/3/2025 22:44;7/3/2025 23:17;7/3/2025 23:29;8/3/2025 00:32;8/3/2025 00:44;8/3/2025 00:59;8/3/2025 01:02;8/3/2025 01:28;8/3/2025 01:34;8/3/2025 02:05;100;99;1;Liberado;
LOT00651;7/1/2025;Recubrimiento Poliuretánico para Piso;Cuñete;Tarde;7/1/2025 14:20;7/1/2025 14:53;7/1/2025 15:00;7/1/2025 15:33;7/1/2025 15:35;7/1/2025 16:27;7/1/2025 16:34;7/1/2025 16:49;7/1/2025 17:00;7/1/2025 17:25;7/1/2025 17:35;7/1/2025 17:59;60;57;0;Aprobado;Sin observaciones
LOT00652;21/6/2025;Anticorrosivo Marino Bicomponente; Galón ;Noche;21/6/2025 22:09;21/6/2025 22:57;21/6/2025 23:00;21/6/2025 23:30;21/6/2025 23:40;22/6/2025 00:19;22/6/2025 00:21;22/6/2025 00:49;22/6/2025 00:59;22/6/2025 01:32;22/6/2025 01:38;22/6/2025 02:07;250;244;0;LIBERADO;Lote conforme a especificaciones
LOT00653;4/12/2024;Esmalte Sintético Brillante Blanco;Tambor;Tarde;4/12/2024 14:22;4/12/2024 15:05;4/12/2024 15:15;4/12/2024 15:57;4/12/2024 16:01;4/12/2024 16:35;4/12/2024 16:43;4/12/2024 17:09;4/12/2024 17:13;4/12/2024 18:03;4/12/2024 18:07;4/12/2024 18:25;15;14;0;Liberado;Sin novedad
LOT00654;30/4/2025;Esmalte Alto Tráfico Gris;1/4 Galón;Tarde;30/4/2025 14:33;30/4/2025 15:04;30/4/2025 15:15;30/4/2025 15:53;30/4/2025 15:57;30/4/2025 16:58;30/4/2025 17:12;30/4/2025 17:28;30/4/2025 17:37;30/4/2025 18:14;30/4/2025 18:23;30/4/2025 18:59;300;285;0;OK;Turno sin incidentes
LOT00655;3/2/2025;LÁTEX TEXTURIZADO PARA FACHADAS;1/4 Galón;Noche;3/2/2025 22:29;3/2/2025 22:45;;;3/2/2025 22:47;3/2/2025 23:49;4/2/2025 00:00;4/2/2025 00:16;4/2/2025 00:19;4/2/2025 01:08;4/2/2025 01:17;4/2/2025 01:57;600;581;0;OK;
LOT00656;20/11/2024;Látex Texturizado para Fachadas;Balde;Mañana;20/11/2024 06:11;20/11/2024 07:01;20/11/2024 07:03;20/11/2024 08:08;20/11/2024 08:11;20/11/2024 09:21;20/11/2024 09:25;20/11/2024 09:52;20/11/2024 09:58;20/11/2024 10:15;20/11/2024 10:21;20/11/2024 10:38;40;32;3;Reproceso parcial;Se repasó por molienda adicional 20 min
LOT00657;8/1/2025;anticorrosivo base zinc inorgánico;Tambor;Mañana;8/1/2025 06:31;8/1/2025 07:07;8/1/2025 07:16;8/1/2025 08:10;8/1/2025 08:21;8/1/2025 09:27;8/1/2025 09:35;8/1/2025 09:55;8/1/2025 10:10;8/1/2025 10:34;8/1/2025 10:37;8/1/2025 10:52;10;9;0;Liberado;Producción normal
LOT00658;23/7/2024;Esmalte Sintético Brillante Blanco;Balde;Noche;23/7/2024 22:41;23/7/2024 23:08;23/7/2024 23:10;24/7/2024 00:09;24/7/2024 00:18;24/7/2024 01:25;24/7/2024 01:38;24/7/2024 02:08;24/7/2024 02:23;24/7/2024 03:23;24/7/2024 03:26;24/7/2024 03:59;100;99;0;Liberado;OK
LOT00659;17/9/2024;Recubrimiento Epóxico Piso Industrial;Cuñete;Tarde;17/9/2024 14:40;17/9/2024 15:23;17/9/2024 15:33;17/9/2024 16:42;17/9/2024 16:55;17/9/2024 17:52;17/9/2024 17:56;17/9/2024 18:26;17/9/2024 18:40;17/9/2024 19:40;17/9/2024 19:45;17/9/2024 20:10;40;38;0;Conforme; sin novedad 
LOT00660;10/12/2024;Recubrimiento Epóxico Alto Sólido;Balde;Tarde;10/12/2024 14:11;10/12/2024 14:45;10/12/2024 14:48;10/12/2024 15:20;10/12/2024 15:23;10/12/2024 16:25;10/12/2024 16:32;10/12/2024 17:00;10/12/2024 17:11;10/12/2024 17:41;10/12/2024 17:54;10/12/2024 18:24;100;97;0;Liberado;
LOT00661;8/5/2025;ESMALTE MARTILLADO NEGRO;Balde;Tarde;8/5/2025 14:11;8/5/2025 14:51;8/5/2025 15:00;8/5/2025 15:36;8/5/2025 15:38;8/5/2025 16:38;8/5/2025 16:40;8/5/2025 16:52;8/5/2025 17:01;8/5/2025 17:58;8/5/2025 18:08;8/5/2025 18:21;40;38;1;OK;Turno sin incidentes
LOT00662;2/10/2024;Esmalte Antióxido Rojo Óxido; Balde ;mañana;2/10/2024 06:39;2/10/2024 07:24;;;2/10/2024 07:35;2/10/2024 08:32;2/10/2024 08:43;2/10/2024 09:04;2/10/2024 09:19;2/10/2024 10:07;2/10/2024 10:12;2/10/2024 10:41;40;20;7;Rechazado;pH alto, se requiere ajuste con ácido
LOT00663;27/6/2025;Recubrimiento Vinil-éster para Tanques;Tambor;Tarde;27/6/2025 14:01;27/6/2025 14:16;27/6/2025 14:21;27/6/2025 14:50;27/6/2025 15:00;27/6/2025 15:37;27/6/2025 15:44;27/6/2025 16:14;27/6/2025 16:25;27/6/2025 16:50;27/6/2025 17:05;27/6/2025 17:25;15;15;2;Aprobado;Sin novedad
LOT00664;25/3/2025;Anticorrosivo Base Zinc Inorgánico;balde;Noche;25/3/2025 22:30;25/3/2025 23:03;25/3/2025 23:15;25/3/2025 23:56;26/3/2025 00:10;26/3/2025 00:30;26/3/2025 00:39;26/3/2025 00:49;26/3/2025 00:57;26/3/2025 01:42;26/3/2025 01:57;26/3/2025 02:31;60;58;0;OK;Turno sin incidentes
LOT00665;15/11/2024;Recubrimiento Poliuretánico UV;Balde;noche;15/11/2024 22:18;15/11/2024 22:33;15/11/2024 22:47;15/11/2024 23:44;15/11/2024 23:52;16/11/2024 00:44;16/11/2024 00:47;16/11/2024 01:15;16/11/2024 01:19;16/11/2024 01:58;16/11/2024 02:02;16/11/2024 02:36;40;39;0;Conforme;Sin novedad
LOT00666;19/5/2025;Látex Texturizado para Fachadas;Galón;Tarde;19/5/2025 14:25;19/5/2025 15:07;;;19/5/2025 15:20;19/5/2025 15:46;19/5/2025 15:50;19/5/2025 16:17;19/5/2025 16:30;19/5/2025 16:50;19/5/2025 17:01;19/5/2025 17:17;100;95;0;Conforme;Turno sin incidentes
LOT00667;2/11/2024;Anticorrosivo Base Zinc Inorgánico;Tambor;Noche;2/11/2024 22:06;2/11/2024 22:38;2/11/2024 22:44;2/11/2024 23:11;2/11/2024 23:19;3/11/2024 00:00;3/11/2024 00:15;3/11/2024 00:26;3/11/2024 00:37;3/11/2024 01:20;3/11/2024 01:25;3/11/2024 01:40;10;10;0;ok;OK
LOT00668;20/3/2025;FONDO ANTICORROSIVO GRIS;Cuñete;Noche;20/3/2025 22:26;20/3/2025 23:05;20/3/2025 23:16;21/3/2025 00:00;21/3/2025 00:12;21/3/2025 00:43;21/3/2025 00:53;21/3/2025 01:21;21/3/2025 01:31;21/3/2025 01:56;21/3/2025 02:10;21/3/2025 02:40;60;57;1;Conforme;
LOT00669;1/7/2024;Recubrimiento Epóxico Piso Industrial;Balde;Tarde;1/7/2024 14:12;1/7/2024 14:42;1/7/2024 14:44;1/7/2024 15:20;1/7/2024 15:24;1/7/2024 16:08;1/7/2024 16:12;1/7/2024 16:27;1/7/2024 16:32;1/7/2024 17:07;1/7/2024 17:21;1/7/2024 17:48;60;58;0;Liberado;Producción normal
LOT00670;8/4/2025;Recubrimiento Epóxico Piso Industrial;Cuñete;Tarde;8/4/2025 14:08;8/4/2025 14:24;8/4/2025 14:33;8/4/2025 15:16;8/4/2025 15:28;8/4/2025 16:14;8/4/2025 16:18;8/4/2025 16:39;8/4/2025 16:47;8/4/2025 17:15;8/4/2025 17:23;8/4/2025 17:48;60;60;0;OK;
LOT00671;6/8/2024;Recubrimiento Epóxico Piso Industrial;Cuñete;Noche;6/8/2024 22:27;6/8/2024 23:06;6/8/2024 23:13;7/8/2024 00:14;7/8/2024 00:17;7/8/2024 01:36;7/8/2024 01:43;7/8/2024 01:58;7/8/2024 02:06;7/8/2024 02:45;7/8/2024 02:58;7/8/2024 03:12;60;58;0;Aprobado;
LOT00672;2/12/2024;Esmalte Antióxido Rojo Óxido;Balde;Mañana;2/12/2024 06:08;2/12/2024 06:35;2/12/2024 06:39;2/12/2024 07:48;2/12/2024 07:56;2/12/2024 08:58;2/12/2024 09:05;2/12/2024 09:35;2/12/2024 09:48;2/12/2024 10:19;2/12/2024 10:34;2/12/2024 10:48;60;56;2;Conforme;OK
LOT00673;12/8/2024;Fondo Anticorrosivo Gris;Balde;MAÑANA;12/8/2024 06:39;12/8/2024 07:24;12/8/2024 07:26;12/8/2024 08:26;12/8/2024 08:29;12/8/2024 09:41;12/8/2024 09:48;12/8/2024 10:03;12/8/2024 10:11;12/8/2024 10:49;12/8/2024 10:55;12/8/2024 11:09;80;75;0;Conforme;Lote conforme a especificaciones
LOT00674;21/5/2025;Sellador de Silicona Neutra;Galón;Tarde;21/5/2025 14:02;21/5/2025 14:31;;;21/5/2025 14:35;21/5/2025 15:00;21/5/2025 15:11;21/5/2025 15:30;21/5/2025 15:35;21/5/2025 16:19;21/5/2025 16:26;21/5/2025 16:48;200;197;0; Conforme ; sin novedad 
LOT00675;28/6/2025;Recubrimiento Epóxico Piso Industrial;Cuñete;Mañana;28/6/2025 06:33;28/6/2025 07:08;28/6/2025 07:18;28/6/2025 07:48;28/6/2025 08:01;28/6/2025 08:36;28/6/2025 08:49;28/6/2025 09:02;28/6/2025 09:14;28/6/2025 10:05;28/6/2025 10:13;28/6/2025 10:50;100;98;0;aprobado;Lote conforme a especificaciones
LOT00676;29/11/2024;Esmalte al Agua Satinado;Cuñete;Tarde;29/11/2024 14:08;29/11/2024 14:38;29/11/2024 14:47;29/11/2024 15:15;29/11/2024 15:27;29/11/2024 16:47;29/11/2024 16:56;29/11/2024 17:21;29/11/2024 17:33;29/11/2024 18:25;29/11/2024 18:36;29/11/2024 19:06;40;37;0;Aprobado;OK
LOT00677;3/9/2024;Barniz para Madera Brillante;Balde;Mañana;3/9/2024 06:18;3/9/2024 06:54;3/9/2024 06:57;3/9/2024 07:39;3/9/2024 07:52;3/9/2024 08:25;3/9/2024 08:39;3/9/2024 08:52;3/9/2024 09:06;3/9/2024 09:43;3/9/2024 09:50;3/9/2024 10:05;100;99;0;Aprobado;
LOT00678;14/9/2024;Barniz Marino Poliuretánico;Balde;Tarde;14/9/2024 14:33;14/9/2024 15:19;14/9/2024 15:33;14/9/2024 16:03;14/9/2024 16:14;14/9/2024 17:20;14/9/2024 17:25;14/9/2024 17:46;14/9/2024 18:00;14/9/2024 18:23;14/9/2024 18:37;14/9/2024 18:55;80;76;0;Aprobado;Sin observaciones
LOT00679;3/12/2024;Recubrimiento Poliuretánico para Piso;Galón;Mañana;3/12/2024 06:11;3/12/2024 06:31;3/12/2024 06:35;3/12/2024 07:23;3/12/2024 07:36;3/12/2024 08:10;3/12/2024 08:16;3/12/2024 08:30;3/12/2024 08:32;3/12/2024 09:04;3/12/2024 09:12;3/12/2024 09:29;250;240;0;Conforme;
LOT00680;10/7/2024;Anticorrosivo Epóxico Industrial;Tambor;Mañana;10/7/2024 06:08;10/7/2024 06:23;10/7/2024 06:37;10/7/2024 07:13;10/7/2024 07:27;10/7/2024 07:59;10/7/2024 08:14;10/7/2024 08:36;10/7/2024 08:44;10/7/2024 09:35;10/7/2024 09:37;10/7/2024 10:14;20;19;1;Conforme;
LOT00681;4/4/2025;Sellador Acrílico para Techos;Balde;Noche;;;;;4/4/2025 22:39;4/4/2025 22:55;4/4/2025 22:59;4/4/2025 23:10;4/4/2025 23:12;4/4/2025 23:54;5/4/2025 00:03;5/4/2025 00:40;80;79;2;Conforme;Lote conforme a especificaciones
LOT00682;19/4/2025;Látex Vinílico Interior Blanco;Balde;Mañana;19/4/2025 06:01;19/4/2025 06:51;;;19/4/2025 06:53;19/4/2025 07:46;19/4/2025 08:00;19/4/2025 08:30;19/4/2025 08:32;19/4/2025 08:57;19/4/2025 09:10;19/4/2025 09:42;120;116;1;Aprobado;Producción normal
LOT00683;12/7/2024;Barniz Marino Transparente;Balde;Noche;12/7/2024 22:05;12/7/2024 22:25;12/7/2024 22:31;12/7/2024 23:37;12/7/2024 23:41;13/7/2024 00:41;13/7/2024 00:54;13/7/2024 01:23;13/7/2024 01:27;13/7/2024 01:49;13/7/2024 01:51;13/7/2024 02:03;120;113;0;OK;Sin novedad
LOT00684;8/4/2025;Esmalte Alto Tráfico Gris;Balde;Noche;8/4/2025 22:22;8/4/2025 22:45;;;8/4/2025 22:59;8/4/2025 23:15;8/4/2025 23:20;8/4/2025 23:39;8/4/2025 23:53;9/4/2025 00:14;9/4/2025 00:27;9/4/2025 00:46;80;64;2; En reproceso ;Se adicionó solvente para ajustar viscosidad
LOT00685;19/9/2024;Barniz Marino Poliuretánico;Balde;Tarde;19/9/2024 14:26;19/9/2024 15:05;;;19/9/2024 15:19;19/9/2024 16:23;19/9/2024 16:33;19/9/2024 16:49;19/9/2024 16:59;19/9/2024 17:33;19/9/2024 17:40;19/9/2024 17:54;100;98;0; OK ;
LOT00686;15/3/2025;Fondo Anticorrosivo Gris;Cuñete;Mañana;15/3/2025 06:30;15/3/2025 07:11;15/3/2025 07:17;15/3/2025 07:46;15/3/2025 07:50;15/3/2025 08:13;15/3/2025 08:20;15/3/2025 08:47;15/3/2025 09:00;15/3/2025 09:42;15/3/2025 09:52;15/3/2025 10:27;60;57;0;Conforme;Sin observaciones
LOT00687;21/9/2024;Barniz Marino Transparente;CUÑETE;Mañana;21/9/2024 06:42;21/9/2024 07:32;;;21/9/2024 07:37;21/9/2024 08:57;21/9/2024 09:03;21/9/2024 09:15;21/9/2024 09:28;21/9/2024 09:47;21/9/2024 10:00;21/9/2024 10:28;80;42;12;No conforme;Envase defectuoso en línea de envasado
LOT00688;26/8/2024; Sellador de Silicona Neutra ;Balde;Tarde;;;;;26/8/2024 14:42;26/8/2024 15:50;26/8/2024 15:55;26/8/2024 16:08;26/8/2024 16:11;26/8/2024 17:09;26/8/2024 17:15;26/8/2024 17:38;40;38;0;Liberado;Lote conforme a especificaciones
LOT00689;7/5/2025;Anticorrosivo Epóxico Industrial;Galón;Noche;7/5/2025 22:16;7/5/2025 22:44;7/5/2025 22:51;7/5/2025 23:13;7/5/2025 23:18;8/5/2025 00:38;8/5/2025 00:49;8/5/2025 01:01;8/5/2025 01:12;8/5/2025 02:00;8/5/2025 02:04;8/5/2025 02:26;250;248;2;Liberado;Rendimiento dentro de lo esperado
LOT00690;12/11/2024;Sellador Acrílico para Fisuras;Balde;Mañana;;;12/11/2024 06:27;12/11/2024 06:59;12/11/2024 07:10;12/11/2024 08:06;12/11/2024 08:19;12/11/2024 08:46;12/11/2024 08:57;12/11/2024 09:54;12/11/2024 09:58;12/11/2024 10:24;60;59;0;Aprobado;Rendimiento dentro de lo esperado
LOT00691;13/2/2025;Recubrimiento Poliuretánico para Piso;Tambor;Tarde;13/2/2025 14:44;13/2/2025 15:24;13/2/2025 15:31;13/2/2025 16:28;13/2/2025 16:31;13/2/2025 17:48;13/2/2025 17:51;13/2/2025 18:19;13/2/2025 18:26;13/2/2025 19:07;13/2/2025 19:21;13/2/2025 19:53;15;13;0;Aprobado;Lote conforme a especificaciones
LOT00692;10/6/2025;Látex Antihongos para Baños;Galón;Tarde;10/6/2025 14:43;10/6/2025 15:14;10/6/2025 15:19;10/6/2025 15:46;10/6/2025 15:49;10/6/2025 16:28;10/6/2025 16:32;10/6/2025 16:44;10/6/2025 16:46;10/6/2025 17:39;10/6/2025 17:41;10/6/2025 18:13;250;240;0;Liberado;Sin observaciones
LOT00693;26/9/2024;Esmalte Sintético Brillante Blanco;GALÓN;Tarde;26/9/2024 14:06;26/9/2024 14:53;26/9/2024 14:59;26/9/2024 15:52;26/9/2024 15:56;26/9/2024 17:07;26/9/2024 17:10;26/9/2024 17:25;26/9/2024 17:27;26/9/2024 17:53;26/9/2024 17:58;26/9/2024 18:38;250;244;0;OK;OK
LOT00694;20/11/2024;Sellador de Silicona Neutra;Tambor;Tarde;;;20/11/2024 14:45;20/11/2024 15:32;20/11/2024 15:39;20/11/2024 16:28;20/11/2024 16:31;20/11/2024 16:47;20/11/2024 16:56;20/11/2024 17:46;20/11/2024 17:48;20/11/2024 18:01;10;10;0;Aprobado;Turno sin incidentes
LOT00695;16/12/2024;Látex Acrílico Exterior Premium;Galón;Noche;16/12/2024 22:40;16/12/2024 23:28;;;16/12/2024 23:43;17/12/2024 00:41;17/12/2024 00:56;17/12/2024 01:16;17/12/2024 01:28;17/12/2024 02:23;17/12/2024 02:38;17/12/2024 02:52;300;298;0;OK;Turno sin incidentes
 LOT00696 ;19/2/2025;Látex Económico Interior;Cuñete;Mañana;19/2/2025 06:07;19/2/2025 06:44;;;19/2/2025 06:48;19/2/2025 07:19;19/2/2025 07:30;19/2/2025 07:55;19/2/2025 08:04;19/2/2025 08:45;19/2/2025 08:54;19/2/2025 09:11;60;58;0; OK ;Turno sin incidentes
LOT00697;27/7/2024;Látex Acrílico Exterior Premium;Galón;Tarde;27/7/2024 14:19;27/7/2024 15:06;;;27/7/2024 15:10;27/7/2024 15:53;27/7/2024 15:59;27/7/2024 16:22;27/7/2024 16:29;27/7/2024 16:55;27/7/2024 17:06;27/7/2024 17:32;250;240;0;OK;
LOT00698;22/5/2025;Barniz Catalizado Alto Brillo;Galón;Noche;22/5/2025 22:01;22/5/2025 22:22;;;22/5/2025 22:34;22/5/2025 23:46;22/5/2025 23:49;23/5/2025 00:12;23/5/2025 00:14;23/5/2025 00:29;23/5/2025 00:41;23/5/2025 00:53;250;244;0;OK;Lote conforme a especificaciones
LOT00699;15/3/2025;Látex Económico Interior;Cuñete;Tarde;15/3/2025 14:02;15/3/2025 14:42;15/3/2025 14:44;15/3/2025 15:05;15/3/2025 15:10;15/3/2025 15:55;15/3/2025 16:08;15/3/2025 16:38;15/3/2025 16:40;15/3/2025 17:13;15/3/2025 17:27;15/3/2025 17:47;100;95;0;conforme;
LOT00700;17/6/2025;Recubrimiento Epóxico Piso Industrial;Cuñete;Tarde;17/6/2025 14:32;17/6/2025 14:53;17/6/2025 14:55;17/6/2025 15:55;17/6/2025 16:05;17/6/2025 17:18;17/6/2025 17:21;17/6/2025 17:40;17/6/2025 17:50;17/6/2025 18:21;17/6/2025 18:35;17/6/2025 19:11;120;115;0;Conforme;
LOT00701;26/9/2024;Látex Acrílico Exterior Premium;Balde;Mañana;26/9/2024 06:17;26/9/2024 06:46;26/9/2024 06:58;26/9/2024 08:03;26/9/2024 08:11;26/9/2024 08:50;26/9/2024 09:00;26/9/2024 09:27;26/9/2024 09:30;26/9/2024 10:26;26/9/2024 10:32;26/9/2024 10:46;120;118;0;Conforme;
LOT00702;9/12/2024;Recubrimiento Epóxico Alto Sólido;Tambor;Tarde;9/12/2024 14:26;9/12/2024 15:04;9/12/2024 15:17;9/12/2024 16:17;9/12/2024 16:32;9/12/2024 17:20;9/12/2024 17:28;9/12/2024 17:43;9/12/2024 17:46;9/12/2024 18:28;9/12/2024 18:38;9/12/2024 18:58;10;9;0;OK;Producción normal
LOT00703;9/11/2024;Anticorrosivo Base Zinc Inorgánico;Tambor;Mañana;9/11/2024 06:11;9/11/2024 06:58;9/11/2024 07:00;9/11/2024 07:32;9/11/2024 07:34;9/11/2024 08:45;9/11/2024 08:48;9/11/2024 08:58;9/11/2024 09:05;9/11/2024 09:44;9/11/2024 09:52;9/11/2024 10:20;20;19;1;ok;
LOT00704;30/4/2025;Látex Económico Interior;1/4 Galón;Tarde;30/4/2025 14:31;30/4/2025 15:16;30/4/2025 15:31;30/4/2025 16:08;30/4/2025 16:18;30/4/2025 17:14;30/4/2025 17:28;30/4/2025 17:45;30/4/2025 17:47;30/4/2025 18:03;30/4/2025 18:07;30/4/2025 18:29;500;482;0;Conforme;Sin observaciones
 LOT00705 ;7/9/2024;Látex Texturizado para Fachadas;GALÓN;TARDE;7/9/2024 14:13;7/9/2024 14:29;7/9/2024 14:36;7/9/2024 15:41;7/9/2024 15:53;7/9/2024 17:10;7/9/2024 17:12;7/9/2024 17:37;7/9/2024 17:49;7/9/2024 18:42;7/9/2024 18:57;7/9/2024 19:10;300;289;0;Conforme;Sin novedad
LOT00706;10/9/2024;Recubrimiento Epóxico Piso Industrial;Tambor;Tarde;10/9/2024 14:31;10/9/2024 15:07;10/9/2024 15:16;10/9/2024 16:16;10/9/2024 16:28;10/9/2024 17:41;10/9/2024 17:48;10/9/2024 18:18;10/9/2024 18:22;10/9/2024 18:44;10/9/2024 18:46;10/9/2024 19:10;15;13;2;Conforme;Lote conforme a especificaciones
LOT00707;27/1/2025;Sellador Poliuretánico para Juntas;Galón;Mañana;27/1/2025 06:21;27/1/2025 06:54;;;27/1/2025 07:01;27/1/2025 07:55;27/1/2025 08:01;27/1/2025 08:17;27/1/2025 08:27;27/1/2025 09:13;27/1/2025 09:25;27/1/2025 09:59;100;98;0;Conforme;Lote conforme a especificaciones
LOT00708;18/12/2024;Barniz Marino Poliuretánico;Cuñete;TARDE;18/12/2024 14:27;18/12/2024 14:58;;;18/12/2024 15:07;18/12/2024 16:16;18/12/2024 16:27;18/12/2024 16:37;18/12/2024 16:44;18/12/2024 17:28;18/12/2024 17:37;18/12/2024 18:03;120;114;0;OK;
LOT00709;16/9/2024;Sellador Acrílico para Fisuras;Tambor;Tarde;16/9/2024 14:13;16/9/2024 14:49;;;16/9/2024 15:01;16/9/2024 16:19;16/9/2024 16:34;16/9/2024 16:52;16/9/2024 17:02;16/9/2024 17:36;16/9/2024 17:47;16/9/2024 18:03;30;29;2;Aprobado;Rendimiento dentro de lo esperado
LOT00710;4/2/2025;Látex Antihongos para Baños;1/4 Galón;Mañana;4/2/2025 06:33;4/2/2025 07:11;;;4/2/2025 07:16;4/2/2025 08:31;4/2/2025 08:35;4/2/2025 08:52;4/2/2025 09:03;4/2/2025 09:43;4/2/2025 09:58;4/2/2025 10:38;600;583;1;Conforme;
LOT00711;14/10/2024;Recubrimiento Poliuretánico para Piso;Tambor;Mañana;14/10/2024 06:37;14/10/2024 07:17;14/10/2024 07:21;14/10/2024 08:26;14/10/2024 08:41;14/10/2024 09:00;14/10/2024 09:12;14/10/2024 09:33;14/10/2024 09:41;14/10/2024 10:34;14/10/2024 10:46;14/10/2024 11:10;10;8;0; Conforme ;Sin novedad
LOT00712;16/11/2024;Látex Lavable Mate;Balde;Mañana;16/11/2024 06:24;16/11/2024 07:06;16/11/2024 07:16;16/11/2024 08:15;16/11/2024 08:17;16/11/2024 08:40;16/11/2024 08:47;16/11/2024 09:13;16/11/2024 09:17;16/11/2024 10:11;16/11/2024 10:21;16/11/2024 10:58;100;96;0;Liberado;
LOT00713;11/1/2025;Látex Acrílico Exterior Premium;Galón;Tarde;11/1/2025 14:41;11/1/2025 15:26;11/1/2025 15:29;11/1/2025 16:30;11/1/2025 16:36;11/1/2025 17:41;11/1/2025 17:56;11/1/2025 18:19;11/1/2025 18:34;11/1/2025 19:22;11/1/2025 19:25;11/1/2025 19:50;300;286;0;Liberado; turno sin incidentes 
LOT00714;17/3/2025;Sellador Acrílico para Techos;Tambor;mañana;;;17/3/2025 06:15;17/3/2025 06:40;17/3/2025 06:55;17/3/2025 07:50;17/3/2025 07:59;17/3/2025 08:15;17/3/2025 08:21;17/3/2025 09:04;17/3/2025 09:19;17/3/2025 09:50;25;22;2;En reproceso;pH bajo, se adicionó amoniaco hasta rango
LOT00715;26/5/2025; Recubrimiento Vinil-éster para Tanques ;Galón;Noche;26/5/2025 22:37;26/5/2025 22:52;26/5/2025 22:58;26/5/2025 23:56;27/5/2025 00:00;27/5/2025 00:16;27/5/2025 00:27;27/5/2025 00:42;27/5/2025 00:56;27/5/2025 01:53;27/5/2025 02:00;27/5/2025 02:23;200;190;0;Conforme;Producción normal
LOT00716;4/6/2025;Esmalte Martillado Negro;balde;Noche;4/6/2025 22:39;4/6/2025 23:21;4/6/2025 23:35;4/6/2025 23:58;5/6/2025 00:08;5/6/2025 01:10;5/6/2025 01:19;5/6/2025 01:46;5/6/2025 01:59;5/6/2025 02:53;5/6/2025 03:06;5/6/2025 03:40;60;58;0;Liberado;Sin observaciones
LOT00717;23/1/2025;Recubrimiento Poliuretánico para Piso;Tambor;Tarde;23/1/2025 14:36;23/1/2025 15:11;23/1/2025 15:22;23/1/2025 15:47;23/1/2025 15:52;23/1/2025 16:17;23/1/2025 16:29;23/1/2025 16:40;23/1/2025 16:44;23/1/2025 17:08;23/1/2025 17:12;23/1/2025 17:34;10;9;0;Liberado;Turno sin incidentes
LOT00718;26/12/2024;Anticorrosivo Epóxico Industrial;Tambor;Mañana;26/12/2024 06:17;26/12/2024 06:39;26/12/2024 06:49;26/12/2024 07:40;26/12/2024 07:42;26/12/2024 08:58;26/12/2024 09:08;26/12/2024 09:31;26/12/2024 09:34;26/12/2024 10:22;26/12/2024 10:32;26/12/2024 10:45;25;24;0;Liberado;
LOT00719;9/11/2024;Recubrimiento Poliuretánico UV;Cuñete;Tarde;9/11/2024 14:44;9/11/2024 15:02;9/11/2024 15:17;9/11/2024 15:57;9/11/2024 16:05;9/11/2024 16:35;9/11/2024 16:43;9/11/2024 17:11;9/11/2024 17:18;9/11/2024 17:43;9/11/2024 17:56;9/11/2024 18:24;100;63;8;Devuelto a reproceso;Densidad fuera de especificación
LOT00720;23/1/2025;Recubrimiento Poliuretánico UV;Tambor;Noche;23/1/2025 22:14;23/1/2025 22:39;23/1/2025 22:43;23/1/2025 23:10;23/1/2025 23:23;24/1/2025 00:22;24/1/2025 00:34;24/1/2025 00:54;24/1/2025 00:57;24/1/2025 01:21;24/1/2025 01:34;24/1/2025 01:56;20;19;0;ok;Rendimiento dentro de lo esperado
LOT00721;13/9/2024;Recubrimiento Poliuretánico para Piso;Balde;Tarde;13/9/2024 14:19;13/9/2024 14:54;13/9/2024 15:02;13/9/2024 15:52;13/9/2024 16:01;13/9/2024 16:37;13/9/2024 16:43;13/9/2024 17:08;13/9/2024 17:12;13/9/2024 17:45;13/9/2024 17:57;13/9/2024 18:32;40;39;0;OK;Producción normal
LOT00722;22/4/2025;Barniz Catalizado Alto Brillo;galón;NOCHE;22/4/2025 22:45;22/4/2025 23:30;;;22/4/2025 23:37;23/4/2025 00:31;23/4/2025 00:46;23/4/2025 01:12;23/4/2025 01:27;23/4/2025 02:17;23/4/2025 02:27;23/4/2025 02:49;200;137;20;No conforme;Envase defectuoso en línea de envasado
LOT00723;23/12/2024;Látex Texturizado para Fachadas;Cuñete;Noche;23/12/2024 22:38;23/12/2024 23:14;23/12/2024 23:22;23/12/2024 23:43;23/12/2024 23:45;24/12/2024 00:45;24/12/2024 00:54;24/12/2024 01:05;24/12/2024 01:07;24/12/2024 02:02;24/12/2024 02:07;24/12/2024 02:45;120;115;0;OK;
LOT00724;12/8/2024;Látex Antihongos para Baños;1/4 Galón;Tarde;12/8/2024 14:17;12/8/2024 14:36;12/8/2024 14:38;12/8/2024 15:47;12/8/2024 15:56;12/8/2024 16:48;12/8/2024 17:01;12/8/2024 17:25;12/8/2024 17:39;12/8/2024 18:14;12/8/2024 18:22;12/8/2024 18:34;300;296;0;Conforme;Lote conforme a especificaciones
LOT00725;26/10/2024;Barniz Catalizado Alto Brillo;Cuñete;Noche;26/10/2024 22:32;26/10/2024 22:57;;;26/10/2024 23:02;27/10/2024 00:10;27/10/2024 00:24;27/10/2024 00:43;27/10/2024 00:47;27/10/2024 01:05;27/10/2024 01:20;27/10/2024 02:00;120;115;0;Aprobado;
LOT00726;25/3/2025;Fondo Anticorrosivo Gris;Tambor;Tarde;25/3/2025 14:03;25/3/2025 14:41;25/3/2025 14:44;25/3/2025 15:51;25/3/2025 16:04;25/3/2025 17:22;25/3/2025 17:35;25/3/2025 17:56;25/3/2025 17:58;25/3/2025 18:15;25/3/2025 18:22;25/3/2025 18:51;20;19;0;Aprobado;OK
LOT00727;4/3/2025;Barniz Marino Transparente;Balde;Tarde;4/3/2025 14:03;4/3/2025 14:34;;;4/3/2025 14:42;4/3/2025 15:18;4/3/2025 15:30;4/3/2025 15:55;4/3/2025 15:57;4/3/2025 16:51;4/3/2025 16:57;4/3/2025 17:24;100;97;0;OK;
LOT00728;10/6/2025;Esmalte Martillado Negro;Cuñete;Mañana;10/6/2025 06:08;10/6/2025 06:41;10/6/2025 06:43;10/6/2025 07:44;10/6/2025 07:55;10/6/2025 08:47;10/6/2025 08:58;10/6/2025 09:25;10/6/2025 09:31;10/6/2025 09:54;10/6/2025 10:08;10/6/2025 10:23;120;113;0;Conforme;
LOT00729;8/11/2024;Esmalte Alto Tráfico Gris;Balde;Mañana;8/11/2024 06:07;8/11/2024 06:37;8/11/2024 06:50;8/11/2024 07:48;8/11/2024 07:57;8/11/2024 08:19;8/11/2024 08:29;8/11/2024 08:57;8/11/2024 09:03;8/11/2024 09:54;8/11/2024 10:05;8/11/2024 10:33;100;97;0;Conforme;
LOT00730;1/2/2025;Barniz Marino Transparente;Cuñete;Noche;1/2/2025 22:41;1/2/2025 23:08;1/2/2025 23:21;1/2/2025 23:53;1/2/2025 23:58;2/2/2025 01:00;2/2/2025 01:06;2/2/2025 01:19;2/2/2025 01:28;2/2/2025 01:54;2/2/2025 01:59;2/2/2025 02:19;120;92;1;Reproceso parcial;Se adicionó solvente para ajustar viscosidad
LOT00731;6/6/2025;Sellador Poliuretánico para Juntas;Cuñete;Mañana;;;;;6/6/2025 06:28;6/6/2025 07:20;6/6/2025 07:25;6/6/2025 07:36;6/6/2025 07:48;6/6/2025 08:29;6/6/2025 08:42;6/6/2025 09:08;100;98;0;ok;Turno sin incidentes
LOT00732;31/10/2024;Recubrimiento Vinil-éster para Tanques;Tambor;Mañana;31/10/2024 06:25;31/10/2024 06:57;31/10/2024 07:07;31/10/2024 07:32;31/10/2024 07:47;31/10/2024 08:10;31/10/2024 08:16;31/10/2024 08:46;31/10/2024 08:56;31/10/2024 09:53;31/10/2024 10:03;31/10/2024 10:43;25;21;1;Ajuste en proceso;Ajuste de color con pigmento, segunda medición OK
LOT00733;13/7/2024; Sellador Acrílico para Fisuras ;Balde;Mañana;13/7/2024 06:45;13/7/2024 07:29;13/7/2024 07:34;13/7/2024 08:39;13/7/2024 08:46;13/7/2024 09:40;13/7/2024 09:50;13/7/2024 10:13;13/7/2024 10:15;13/7/2024 11:03;13/7/2024 11:06;13/7/2024 11:34;100;100;0;OK;Sin observaciones
LOT00734;22/5/2025;Látex Lavable Mate;Galón;Tarde;22/5/2025 14:17;22/5/2025 14:42;22/5/2025 14:45;22/5/2025 15:37;22/5/2025 15:52;22/5/2025 17:03;22/5/2025 17:14;22/5/2025 17:44;22/5/2025 17:56;22/5/2025 18:17;22/5/2025 18:26;22/5/2025 18:58;200;197;0;ok;OK
LOT00735;25/10/2024;Esmalte Antióxido Rojo Óxido;Galón;Noche;25/10/2024 22:14;25/10/2024 22:49;25/10/2024 22:53;25/10/2024 23:27;25/10/2024 23:42;26/10/2024 00:50;26/10/2024 01:02;26/10/2024 01:26;26/10/2024 01:40;26/10/2024 02:19;26/10/2024 02:21;26/10/2024 02:46;250;241;0;Conforme;
LOT00736;25/9/2024;Sellador Poliuretánico para Juntas;Galón;Tarde;;;;;25/9/2024 14:46;25/9/2024 15:44;25/9/2024 15:48;25/9/2024 16:16;25/9/2024 16:20;25/9/2024 16:41;25/9/2024 16:56;25/9/2024 17:07;300;295;0;Liberado;Sin observaciones
LOT00737;5/6/2025;Sellador Poliuretánico para Juntas;1/4 Galón;Noche;;;5/6/2025 22:36;5/6/2025 23:20;5/6/2025 23:33;6/6/2025 00:10;6/6/2025 00:17;6/6/2025 00:45;6/6/2025 00:57;6/6/2025 01:48;6/6/2025 02:01;6/6/2025 02:21;500;478;0;Liberado;
LOT00738;12/2/2025;recubrimiento poliuretánico uv;Balde;Tarde;12/2/2025 14:13;12/2/2025 14:28;12/2/2025 14:36;12/2/2025 15:11;12/2/2025 15:18;12/2/2025 16:35;12/2/2025 16:40;12/2/2025 16:52;12/2/2025 16:55;12/2/2025 17:41;12/2/2025 17:48;12/2/2025 18:22;60;50;2; Ajuste en proceso ;Se repasó por molienda adicional 20 min
LOT00739;5/3/2025;Látex Acrílico Exterior Premium;1/4 Galón;Mañana;5/3/2025 06:06;5/3/2025 06:28;;;5/3/2025 06:42;5/3/2025 07:25;5/3/2025 07:27;5/3/2025 07:45;5/3/2025 07:59;5/3/2025 08:42;5/3/2025 08:49;5/3/2025 09:22;600;404;44;devuelto a reproceso;pH alto, se requiere ajuste con ácido
LOT00740;29/10/2024;Sellador Poliuretánico para Juntas;Cuñete;Tarde;29/10/2024 14:44;29/10/2024 15:32;29/10/2024 15:46;29/10/2024 16:36;29/10/2024 16:45;29/10/2024 17:34;29/10/2024 17:46;29/10/2024 18:04;29/10/2024 18:12;29/10/2024 18:53;29/10/2024 18:57;29/10/2024 19:19;80;79;0;Liberado;Lote conforme a especificaciones
LOT00741;6/5/2025;Recubrimiento Poliuretánico UV;Tambor;Tarde;6/5/2025 14:21;6/5/2025 15:09;6/5/2025 15:21;6/5/2025 16:01;6/5/2025 16:10;6/5/2025 17:21;6/5/2025 17:28;6/5/2025 17:43;6/5/2025 17:51;6/5/2025 18:51;6/5/2025 18:53;6/5/2025 19:22;20;18;0;OK;Producción normal
LOT00742;27/6/2025;Látex Vinílico Interior Blanco;1/4 Galón;TARDE;27/6/2025 14:13;27/6/2025 14:52;27/6/2025 14:55;27/6/2025 15:59;27/6/2025 16:03;27/6/2025 17:13;27/6/2025 17:26;27/6/2025 17:49;27/6/2025 17:54;27/6/2025 18:12;27/6/2025 18:15;27/6/2025 18:35;600;578;1;OK;Sin observaciones
LOT00743;2/4/2025;Recubrimiento Epóxico Piso Industrial;Tambor;Noche;2/4/2025 22:00;2/4/2025 22:17;2/4/2025 22:22;2/4/2025 22:56;2/4/2025 23:02;2/4/2025 23:18;2/4/2025 23:32;2/4/2025 23:47;2/4/2025 23:58;3/4/2025 00:58;3/4/2025 01:03;3/4/2025 01:34;25;22;0;Conforme;
LOT00744;29/3/2025;Barniz Marino Transparente;1/4 Galón;Mañana;29/3/2025 06:02;29/3/2025 06:36;29/3/2025 06:46;29/3/2025 07:28;29/3/2025 07:37;29/3/2025 08:03;29/3/2025 08:17;29/3/2025 08:35;29/3/2025 08:44;29/3/2025 09:23;29/3/2025 09:28;29/3/2025 09:41;300;297;0;Liberado;OK
LOT00745;28/2/2025;Esmalte Alto Tráfico Gris;Tambor;TARDE;28/2/2025 14:35;28/2/2025 14:55;;;28/2/2025 15:05;28/2/2025 15:27;28/2/2025 15:33;28/2/2025 15:50;28/2/2025 16:02;28/2/2025 17:02;28/2/2025 17:09;28/2/2025 17:24;25;24;0;Aprobado;Turno sin incidentes
LOT00746;11/7/2024;Sellador Acrílico para Fisuras;Balde;Mañana;;;;;11/7/2024 06:34;11/7/2024 07:14;11/7/2024 07:27;11/7/2024 07:40;11/7/2024 07:55;11/7/2024 08:34;11/7/2024 08:40;11/7/2024 09:14;40;38;1;Liberado;
LOT00747;14/5/2025;Recubrimiento Poliuretánico para Piso;Cuñete;Mañana;14/5/2025 06:06;14/5/2025 06:42;14/5/2025 06:57;14/5/2025 08:00;14/5/2025 08:12;14/5/2025 08:34;14/5/2025 08:39;14/5/2025 08:49;14/5/2025 08:56;14/5/2025 09:55;14/5/2025 09:59;14/5/2025 10:18;60;58;0; OK ;Producción normal
LOT00748;2/4/2025;Látex Vinílico Interior Blanco;Balde;Noche;2/4/2025 22:07;2/4/2025 22:47;2/4/2025 22:53;2/4/2025 23:57;3/4/2025 00:05;3/4/2025 00:54;3/4/2025 01:02;3/4/2025 01:17;3/4/2025 01:24;3/4/2025 01:46;3/4/2025 02:01;3/4/2025 02:38;120;118;0;Conforme;Sin observaciones
LOT00749;10/4/2025;Látex Texturizado para Fachadas;Tambor;Tarde;10/4/2025 14:08;10/4/2025 14:56;10/4/2025 15:00;10/4/2025 15:43;10/4/2025 15:52;10/4/2025 16:42;10/4/2025 16:45;10/4/2025 17:11;10/4/2025 17:19;10/4/2025 18:18;10/4/2025 18:27;10/4/2025 19:00;15;11;1;En reproceso;Se adicionó solvente para ajustar viscosidad
LOT00750;12/12/2024;Recubrimiento Vinil-éster para Tanques;Tambor;Noche;12/12/2024 22:32;12/12/2024 22:48;12/12/2024 22:54;12/12/2024 23:26;12/12/2024 23:32;12/12/2024 23:59;13/12/2024 00:14;13/12/2024 00:28;13/12/2024 00:38;13/12/2024 01:28;13/12/2024 01:43;13/12/2024 02:06;15;14;0;OK;Turno sin incidentes
LOT00751;12/3/2025;Anticorrosivo Marino Bicomponente;Balde;Noche;12/3/2025 22:17;12/3/2025 23:07;12/3/2025 23:10;12/3/2025 23:34;12/3/2025 23:37;13/3/2025 00:16;13/3/2025 00:20;13/3/2025 00:47;13/3/2025 00:51;13/3/2025 01:43;13/3/2025 01:53;13/3/2025 02:03;40;38;0;Aprobado;Sin novedad
LOT00752;28/12/2024;Sellador Acrílico para Techos;1/4 Galón;Tarde;28/12/2024 14:35;28/12/2024 14:53;;;28/12/2024 15:02;28/12/2024 16:07;28/12/2024 16:14;28/12/2024 16:41;28/12/2024 16:55;28/12/2024 17:48;28/12/2024 17:58;28/12/2024 18:10;400;392;0;OK;Rendimiento dentro de lo esperado
LOT00753;24/5/2025;Látex Lavable Mate;Balde;Tarde;24/5/2025 14:22;24/5/2025 14:38;24/5/2025 14:45;24/5/2025 15:31;24/5/2025 15:44;24/5/2025 16:42;24/5/2025 16:50;24/5/2025 17:00;24/5/2025 17:13;24/5/2025 17:42;24/5/2025 17:44;24/5/2025 18:09;80;76;0;Liberado;Turno sin incidentes
LOT00754;3/5/2025;anticorrosivo epóxico industrial;Tambor;mañana;3/5/2025 06:33;3/5/2025 07:18;3/5/2025 07:27;3/5/2025 07:56;3/5/2025 08:03;3/5/2025 08:52;3/5/2025 08:54;3/5/2025 09:15;3/5/2025 09:30;3/5/2025 10:01;3/5/2025 10:13;3/5/2025 10:35;20;19;0;Liberado;Rendimiento dentro de lo esperado
lot00755;7/3/2025;Fondo Anticorrosivo Gris;Tambor;Mañana;7/3/2025 06:12;7/3/2025 06:36;7/3/2025 06:39;7/3/2025 07:27;7/3/2025 07:29;7/3/2025 08:46;7/3/2025 08:51;7/3/2025 09:04;7/3/2025 09:16;7/3/2025 10:00;7/3/2025 10:02;7/3/2025 10:34;15;14;0;Liberado;Sin observaciones
LOT00756;9/11/2024;Anticorrosivo Marino Bicomponente;Galón;Mañana;9/11/2024 06:40;9/11/2024 07:23;9/11/2024 07:35;9/11/2024 08:24;9/11/2024 08:29;9/11/2024 08:51;9/11/2024 09:06;9/11/2024 09:26;9/11/2024 09:32;9/11/2024 10:06;9/11/2024 10:10;9/11/2024 10:31;100;77;3;En reproceso;Se corrigió fórmula, pendiente segunda aprobación
LOT00757;26/10/2024;Látex Acrílico Exterior Premium;1/4 Galón;Tarde;26/10/2024 14:23;26/10/2024 14:51;26/10/2024 15:01;26/10/2024 15:47;26/10/2024 16:02;26/10/2024 16:56;26/10/2024 16:59;26/10/2024 17:10;26/10/2024 17:18;26/10/2024 17:59;26/10/2024 18:12;26/10/2024 18:32;200;193;0;Liberado;Sin novedad
LOT00758;23/7/2024;Esmalte al Agua Satinado;balde;Mañana;23/7/2024 06:05;23/7/2024 06:33;23/7/2024 06:47;23/7/2024 07:25;23/7/2024 07:33;23/7/2024 08:14;23/7/2024 08:28;23/7/2024 08:46;23/7/2024 08:50;23/7/2024 09:34;23/7/2024 09:45;23/7/2024 10:19;60;58;0;Conforme;Turno sin incidentes
LOT00759;2/6/2025;Látex Antihongos para Baños;Balde;Noche;2/6/2025 22:19;2/6/2025 22:39;;;2/6/2025 22:53;2/6/2025 23:36;2/6/2025 23:45;3/6/2025 00:03;3/6/2025 00:09;3/6/2025 00:27;3/6/2025 00:40;3/6/2025 00:58;120;115;0;OK;Sin observaciones
LOT00760;12/12/2024;Esmalte Antióxido Rojo Óxido;Galón;Noche;12/12/2024 22:17;12/12/2024 22:34;12/12/2024 22:44;12/12/2024 23:35;12/12/2024 23:45;13/12/2024 00:58;13/12/2024 01:08;13/12/2024 01:27;13/12/2024 01:37;13/12/2024 02:24;13/12/2024 02:29;13/12/2024 02:54;100;96;0;Liberado;Producción normal
LOT00761;1/3/2025;LÁTEX LAVABLE MATE;Cuñete;Mañana;1/3/2025 06:32;1/3/2025 06:59;;;1/3/2025 07:10;1/3/2025 07:27;1/3/2025 07:41;1/3/2025 07:57;1/3/2025 08:00;1/3/2025 09:00;1/3/2025 09:10;1/3/2025 09:36;100;98;0;Aprobado;
LOT00762;28/9/2024;Esmalte Martillado Negro;Galón;Mañana;28/9/2024 06:07;28/9/2024 06:32;28/9/2024 06:43;28/9/2024 07:43;28/9/2024 07:45;28/9/2024 08:06;28/9/2024 08:08;28/9/2024 08:27;28/9/2024 08:30;28/9/2024 09:26;28/9/2024 09:40;28/9/2024 10:18;200;191;1;Aprobado;Turno sin incidentes
lot00763;30/1/2025;Anticorrosivo Epóxico Industrial;Balde;Tarde;30/1/2025 14:25;30/1/2025 14:55;30/1/2025 15:05;30/1/2025 15:41;30/1/2025 15:50;30/1/2025 16:21;30/1/2025 16:28;30/1/2025 16:48;30/1/2025 16:59;30/1/2025 17:36;30/1/2025 17:43;30/1/2025 18:13;80;77;0;Aprobado;
 LOT00764 ;8/1/2025;Látex Acrílico Exterior Premium;Balde;Tarde;8/1/2025 14:09;8/1/2025 14:49;8/1/2025 14:56;8/1/2025 15:57;8/1/2025 16:05;8/1/2025 17:18;8/1/2025 17:26;8/1/2025 17:49;8/1/2025 17:55;8/1/2025 18:23;8/1/2025 18:35;8/1/2025 18:51;100;96;0;OK;
LOT00765;12/2/2025;Látex Acrílico Exterior Premium;Galón;Noche;12/2/2025 22:18;12/2/2025 22:48;12/2/2025 23:02;12/2/2025 23:45;12/2/2025 23:48;13/2/2025 01:01;13/2/2025 01:13;13/2/2025 01:41;13/2/2025 01:52;13/2/2025 02:39;13/2/2025 02:54;13/2/2025 03:07;300;296;2;Conforme;
LOT00766;10/5/2025;látex texturizado para fachadas;GALÓN;Tarde;10/5/2025 14:30;10/5/2025 14:46;10/5/2025 14:50;10/5/2025 15:13;10/5/2025 15:20;10/5/2025 15:43;10/5/2025 15:51;10/5/2025 16:19;10/5/2025 16:21;10/5/2025 16:56;10/5/2025 17:02;10/5/2025 17:42;100;95;0;LIBERADO;Sin novedad
LOT00767;25/4/2025;Látex Acrílico Exterior Premium;Galón;Noche;25/4/2025 22:03;25/4/2025 22:50;25/4/2025 22:54;25/4/2025 23:22;25/4/2025 23:33;25/4/2025 23:49;26/4/2025 00:03;26/4/2025 00:18;26/4/2025 00:31;26/4/2025 00:52;26/4/2025 00:55;26/4/2025 01:15;300;162;59;No conforme;Viscosidad fuera de rango, se envía a reproceso
LOT00768;19/6/2025;Fondo Anticorrosivo Gris;Balde;Noche;19/6/2025 22:18;19/6/2025 23:00;19/6/2025 23:04;19/6/2025 23:48;19/6/2025 23:52;20/6/2025 00:39;20/6/2025 00:47;20/6/2025 01:01;20/6/2025 01:11;20/6/2025 01:52;20/6/2025 02:05;20/6/2025 02:20;100;79;6;Ajuste en proceso;Se adicionó solvente para ajustar viscosidad
LOT00769;9/6/2025;Anticorrosivo Zincromato Amarillo;Tambor;Tarde;9/6/2025 14:16;9/6/2025 14:39;9/6/2025 14:42;9/6/2025 15:48;9/6/2025 15:51;9/6/2025 16:56;9/6/2025 17:07;9/6/2025 17:18;9/6/2025 17:27;9/6/2025 18:13;9/6/2025 18:24;9/6/2025 18:35;20;12;4;Devuelto a reproceso;Contaminación detectada, lote aislado
LOT00770;12/8/2024;Látex Acrílico Exterior Premium;Tambor;Noche;12/8/2024 22:30;12/8/2024 23:02;;;12/8/2024 23:14;13/8/2024 00:20;13/8/2024 00:26;13/8/2024 00:53;13/8/2024 00:58;13/8/2024 01:47;13/8/2024 01:59;13/8/2024 02:17;15;14;0;Liberado; turno sin incidentes 
LOT00771;4/12/2024;Esmalte Sintético Brillante Blanco;galón;Noche;4/12/2024 22:10;4/12/2024 22:47;4/12/2024 23:02;4/12/2024 23:45;5/12/2024 00:00;5/12/2024 01:17;5/12/2024 01:23;5/12/2024 01:53;5/12/2024 02:04;5/12/2024 02:27;5/12/2024 02:39;5/12/2024 02:56;250;245;0;Conforme;Lote conforme a especificaciones
LOT00772;26/2/2025;Esmalte Sintético Brillante Blanco;Balde;Tarde;26/2/2025 14:21;26/2/2025 14:48;26/2/2025 15:00;26/2/2025 15:51;26/2/2025 15:59;26/2/2025 16:44;26/2/2025 16:51;26/2/2025 17:06;26/2/2025 17:15;26/2/2025 17:33;26/2/2025 17:44;26/2/2025 18:24;100;96;0;ok;Sin observaciones
LOT00773;22/11/2024;Látex Texturizado para Fachadas;1/4 Galón;Noche;22/11/2024 22:00;22/11/2024 22:18;22/11/2024 22:29;22/11/2024 23:15;22/11/2024 23:27;22/11/2024 23:45;22/11/2024 23:59;23/11/2024 00:22;23/11/2024 00:25;23/11/2024 00:44;23/11/2024 00:57;23/11/2024 01:11;400;396;0;Liberado;Turno sin incidentes
LOT00774;30/10/2024;Látex Lavable Mate;1/4 Galón;Mañana;30/10/2024 06:01;30/10/2024 06:22;30/10/2024 06:27;30/10/2024 06:48;30/10/2024 07:01;30/10/2024 07:53;30/10/2024 07:57;30/10/2024 08:07;30/10/2024 08:10;30/10/2024 08:46;30/10/2024 08:51;30/10/2024 09:08;400;397;0;Aprobado;Rendimiento dentro de lo esperado
LOT00775;26/6/2025;Anticorrosivo Base Zinc Inorgánico;Cuñete;Noche;26/6/2025 22:43;26/6/2025 23:05;26/6/2025 23:14;27/6/2025 00:11;27/6/2025 00:14;27/6/2025 01:19;27/6/2025 01:31;27/6/2025 01:43;27/6/2025 01:50;27/6/2025 02:40;27/6/2025 02:51;27/6/2025 03:30;40;38;2;OK;
 LOT00776 ;11/3/2025;Látex Texturizado para Fachadas;Balde;Mañana;11/3/2025 06:06;11/3/2025 06:39;11/3/2025 06:41;11/3/2025 07:37;11/3/2025 07:47;11/3/2025 08:22;11/3/2025 08:30;11/3/2025 08:55;11/3/2025 09:02;11/3/2025 09:47;11/3/2025 09:54;11/3/2025 10:25;40;39;0;Liberado;Lote conforme a especificaciones
LOT00777;5/10/2024;Recubrimiento Poliuretánico para Piso;CUÑETE;noche;5/10/2024 22:34;5/10/2024 22:51;5/10/2024 23:05;5/10/2024 23:26;5/10/2024 23:39;6/10/2024 00:02;6/10/2024 00:10;6/10/2024 00:28;6/10/2024 00:37;6/10/2024 01:05;6/10/2024 01:20;6/10/2024 01:31;120;115;1;Aprobado;Turno sin incidentes
LOT00778;6/11/2024;Anticorrosivo Zincromato Amarillo;Tambor;Noche;6/11/2024 22:40;6/11/2024 23:30;6/11/2024 23:36;7/11/2024 00:14;7/11/2024 00:17;7/11/2024 01:09;7/11/2024 01:11;7/11/2024 01:23;7/11/2024 01:30;7/11/2024 02:04;7/11/2024 02:10;7/11/2024 02:33;10;5;2;Rechazado;pH alto, se requiere ajuste con ácido
LOT00779;2/1/2025;Esmalte Sintético Brillante Blanco;Tambor;Noche;2/1/2025 22:00;2/1/2025 22:15;2/1/2025 22:28;2/1/2025 23:36;2/1/2025 23:48;3/1/2025 00:16;3/1/2025 00:25;3/1/2025 00:47;3/1/2025 00:56;3/1/2025 01:36;3/1/2025 01:45;3/1/2025 02:24;20;19;2;OK;Sin observaciones
LOT00780;24/2/2025;Sellador Acrílico para Techos;Galón;Mañana;;;;;24/2/2025 06:29;24/2/2025 07:35;24/2/2025 07:49;24/2/2025 08:01;24/2/2025 08:05;24/2/2025 08:47;24/2/2025 08:59;24/2/2025 09:10;250;239;0;LIBERADO;
LOT00781;4/6/2025;Recubrimiento Poliuretánico UV;Cuñete;Tarde;4/6/2025 14:30;4/6/2025 15:03;4/6/2025 15:18;4/6/2025 15:51;4/6/2025 15:58;4/6/2025 16:38;4/6/2025 16:44;4/6/2025 17:11;4/6/2025 17:26;4/6/2025 17:41;4/6/2025 17:43;4/6/2025 18:16;100;96;0;Liberado;Lote conforme a especificaciones
LOT00782;13/3/2025;Recubrimiento Epóxico Alto Sólido;Cuñete;Tarde;13/3/2025 14:30;13/3/2025 15:09;13/3/2025 15:17;13/3/2025 15:53;13/3/2025 15:57;13/3/2025 16:24;13/3/2025 16:35;13/3/2025 16:54;13/3/2025 16:58;13/3/2025 17:47;13/3/2025 18:02;13/3/2025 18:24;80;78;0;Conforme;Rendimiento dentro de lo esperado
LOT00783;5/12/2024;Látex Lavable Mate;Balde;Tarde;5/12/2024 14:01;5/12/2024 14:23;;;5/12/2024 14:26;5/12/2024 15:29;5/12/2024 15:36;5/12/2024 16:04;5/12/2024 16:08;5/12/2024 16:49;5/12/2024 16:54;5/12/2024 17:19;40;38;0;Aprobado;Producción normal
LOT00784;30/1/2025;Esmalte Martillado Negro;Galón;Mañana;30/1/2025 06:35;30/1/2025 06:55;30/1/2025 07:00;30/1/2025 07:41;30/1/2025 07:46;30/1/2025 08:08;30/1/2025 08:13;30/1/2025 08:33;30/1/2025 08:39;30/1/2025 09:18;30/1/2025 09:20;30/1/2025 09:31;200;196;0;OK;
LOT00785;26/10/2024;RECUBRIMIENTO POLIURETÁNICO UV;Cuñete;Tarde;26/10/2024 14:38;26/10/2024 15:00;26/10/2024 15:05;26/10/2024 15:59;26/10/2024 16:10;26/10/2024 16:44;26/10/2024 16:51;26/10/2024 17:15;26/10/2024 17:22;26/10/2024 17:48;26/10/2024 17:59;26/10/2024 18:27;80;78;1;OK; sin observaciones 
LOT00786;7/10/2024;Anticorrosivo Marino Bicomponente;CUÑETE;Tarde;7/10/2024 14:31;7/10/2024 15:20;7/10/2024 15:35;7/10/2024 16:45;7/10/2024 17:00;7/10/2024 17:31;7/10/2024 17:43;7/10/2024 17:53;7/10/2024 18:06;7/10/2024 18:40;7/10/2024 18:42;7/10/2024 19:18;60;57;0;Liberado;Rendimiento dentro de lo esperado
LOT00787;1/4/2025;Recubrimiento Poliuretánico UV;Balde;Tarde;1/4/2025 14:03;1/4/2025 14:42;1/4/2025 14:47;1/4/2025 15:56;1/4/2025 16:11;1/4/2025 17:02;1/4/2025 17:13;1/4/2025 17:34;1/4/2025 17:38;1/4/2025 18:24;1/4/2025 18:30;1/4/2025 18:53;60;58;2;OK;Producción normal
LOT00788;15/7/2024; Recubrimiento Epóxico Alto Sólido ;1/4 Galón;Mañana;15/7/2024 06:35;15/7/2024 07:13;15/7/2024 07:28;15/7/2024 08:12;15/7/2024 08:23;15/7/2024 09:43;15/7/2024 09:58;15/7/2024 10:26;15/7/2024 10:37;15/7/2024 11:26;15/7/2024 11:40;15/7/2024 11:54;300;291;0;Liberado;Rendimiento dentro de lo esperado
LOT00789;4/9/2024;Látex Económico Interior;Galón;Tarde;4/9/2024 14:14;4/9/2024 14:38;;;4/9/2024 14:43;4/9/2024 15:24;4/9/2024 15:35;4/9/2024 16:05;4/9/2024 16:08;4/9/2024 17:08;4/9/2024 17:18;4/9/2024 17:33;250;242;2;aprobado;OK
LOT00790;18/7/2024;Sellador Acrílico para Fisuras;Galón;noche;;;;;18/7/2024 22:44;18/7/2024 23:59;19/7/2024 00:02;19/7/2024 00:25;19/7/2024 00:31;19/7/2024 00:57;19/7/2024 01:10;19/7/2024 01:46;150;146;0;OK;Sin observaciones
LOT00791;23/12/2024;Sellador Poliuretánico para Juntas;Galón;Tarde;;;;;23/12/2024 14:45;23/12/2024 15:54;23/12/2024 16:02;23/12/2024 16:27;23/12/2024 16:31;23/12/2024 17:27;23/12/2024 17:37;23/12/2024 18:01;250;246;1;Conforme;Sin observaciones
LOT00792;12/4/2025;Recubrimiento Epóxico Piso Industrial;Tambor;Mañana;12/4/2025 06:10;12/4/2025 06:35;12/4/2025 06:41;12/4/2025 07:37;12/4/2025 07:49;12/4/2025 08:36;12/4/2025 08:47;12/4/2025 09:08;12/4/2025 09:10;12/4/2025 09:39;12/4/2025 09:46;12/4/2025 10:13;15;14;0;Liberado;
LOT00793;29/1/2025;Sellador Acrílico para Fisuras;Balde;Tarde;29/1/2025 14:10;29/1/2025 14:53;;;29/1/2025 15:03;29/1/2025 16:03;29/1/2025 16:13;29/1/2025 16:23;29/1/2025 16:26;29/1/2025 17:04;29/1/2025 17:06;29/1/2025 17:43;120;116;2;OK;Sin novedad
LOT00794;15/5/2025;Recubrimiento Vinil-éster para Tanques;Balde;Noche;15/5/2025 22:10;15/5/2025 22:29;15/5/2025 22:35;15/5/2025 23:12;15/5/2025 23:16;15/5/2025 23:56;16/5/2025 00:05;16/5/2025 00:15;16/5/2025 00:29;16/5/2025 01:01;16/5/2025 01:12;16/5/2025 01:29;60;59;0;Liberado;Producción normal
LOT00795;9/6/2025;Sellador Acrílico para Fisuras;Galón;Noche;9/6/2025 22:29;9/6/2025 23:14;;;9/6/2025 23:26;10/6/2025 00:38;10/6/2025 00:48;10/6/2025 01:07;10/6/2025 01:22;10/6/2025 01:37;10/6/2025 01:46;10/6/2025 02:05;150;111;10;En reproceso; ajuste de color con pigmento, segunda medición ok 
LOT00796;17/5/2025;Recubrimiento Poliuretánico para Piso;Cuñete;Tarde;17/5/2025 14:42;17/5/2025 15:25;17/5/2025 15:35;17/5/2025 16:35;17/5/2025 16:40;17/5/2025 17:13;17/5/2025 17:26;17/5/2025 17:37;17/5/2025 17:51;17/5/2025 18:19;17/5/2025 18:32;17/5/2025 19:01;40;38;0;Conforme;
LOT00797;2/5/2025;Sellador Acrílico para Techos;Galón;Tarde;;;;;2/5/2025 14:55;2/5/2025 15:50;2/5/2025 16:02;2/5/2025 16:27;2/5/2025 16:30;2/5/2025 17:12;2/5/2025 17:16;2/5/2025 17:39;100;98;0;Aprobado;Rendimiento dentro de lo esperado
LOT00798;27/5/2025;Anticorrosivo Epóxico Industrial;Tambor;Mañana;27/5/2025 06:11;27/5/2025 06:30;27/5/2025 06:37;27/5/2025 07:11;27/5/2025 07:21;27/5/2025 08:03;27/5/2025 08:17;27/5/2025 08:38;27/5/2025 08:47;27/5/2025 09:19;27/5/2025 09:28;27/5/2025 09:59;10;9;0;Aprobado;
LOT00799;16/7/2024;Recubrimiento Poliuretánico para Piso;Tambor;Noche;16/7/2024 22:02;16/7/2024 22:52;16/7/2024 23:01;17/7/2024 00:11;17/7/2024 00:26;17/7/2024 01:01;17/7/2024 01:13;17/7/2024 01:40;17/7/2024 01:53;17/7/2024 02:45;17/7/2024 03:00;17/7/2024 03:33;25;24;0;Conforme;
LOT00800;10/1/2025;Anticorrosivo Marino Bicomponente;Galón;Mañana;10/1/2025 06:16;10/1/2025 06:58;10/1/2025 07:05;10/1/2025 08:08;10/1/2025 08:15;10/1/2025 08:48;10/1/2025 09:02;10/1/2025 09:13;10/1/2025 09:16;10/1/2025 09:49;10/1/2025 10:01;10/1/2025 10:15;150;149;0;Aprobado;
LOT00801;5/10/2024;Látex Económico Interior;Balde;Tarde;5/10/2024 14:00;5/10/2024 14:22;5/10/2024 14:37;5/10/2024 15:10;5/10/2024 15:13;5/10/2024 16:18;5/10/2024 16:22;5/10/2024 16:38;5/10/2024 16:40;5/10/2024 17:12;5/10/2024 17:21;5/10/2024 17:35;120;119;0;Liberado;Lote conforme a especificaciones
LOT00802;19/2/2025;Recubrimiento Epóxico Alto Sólido;Tambor;Mañana;19/2/2025 06:14;19/2/2025 06:32;19/2/2025 06:38;19/2/2025 07:38;19/2/2025 07:46;19/2/2025 08:24;19/2/2025 08:33;19/2/2025 09:03;19/2/2025 09:14;19/2/2025 09:31;19/2/2025 09:41;19/2/2025 09:51;30;30;0;OK;Producción normal
LOT00803;11/3/2025;Anticorrosivo Zincromato Amarillo;Cuñete;Mañana;11/3/2025 06:33;11/3/2025 07:20;11/3/2025 07:25;11/3/2025 07:53;11/3/2025 08:07;11/3/2025 08:39;11/3/2025 08:50;11/3/2025 09:03;11/3/2025 09:13;11/3/2025 10:03;11/3/2025 10:15;11/3/2025 10:39;60;56;0;Aprobado;Sin observaciones
LOT00804;3/4/2025;Látex Vinílico Interior Blanco;Cuñete;Noche;3/4/2025 22:43;3/4/2025 23:22;3/4/2025 23:35;4/4/2025 00:22;4/4/2025 00:29;4/4/2025 01:06;4/4/2025 01:08;4/4/2025 01:27;4/4/2025 01:41;4/4/2025 02:02;4/4/2025 02:05;4/4/2025 02:15;100;96;0;Liberado;Producción normal
LOT00805;19/12/2024;Esmalte Alto Tráfico Gris;Balde;Noche;19/12/2024 22:25;19/12/2024 23:03;19/12/2024 23:12;20/12/2024 00:15;20/12/2024 00:26;20/12/2024 01:14;20/12/2024 01:23;20/12/2024 01:52;20/12/2024 01:56;20/12/2024 02:26;20/12/2024 02:35;20/12/2024 02:48;120;119;1;Aprobado;
LOT00806;18/9/2024;Fondo Anticorrosivo Gris;Tambor;noche;18/9/2024 22:38;18/9/2024 23:27;18/9/2024 23:29;19/9/2024 00:00;19/9/2024 00:09;19/9/2024 00:52;19/9/2024 01:00;19/9/2024 01:22;19/9/2024 01:37;19/9/2024 02:30;19/9/2024 02:35;19/9/2024 02:47;10;9;0;Aprobado;Producción normal
LOT00807;31/8/2024;Sellador Acrílico para Fisuras;1/4 Galón;Mañana;31/8/2024 06:42;31/8/2024 07:25;;;31/8/2024 07:32;31/8/2024 08:04;31/8/2024 08:14;31/8/2024 08:27;31/8/2024 08:39;31/8/2024 09:39;31/8/2024 09:43;31/8/2024 10:11;200;193;0;Liberado;
LOT00808;22/5/2025;Anticorrosivo Epóxico Industrial;Cuñete;Noche;22/5/2025 22:16;22/5/2025 22:46;22/5/2025 22:49;22/5/2025 23:49;23/5/2025 00:01;23/5/2025 01:16;23/5/2025 01:20;23/5/2025 01:35;23/5/2025 01:38;23/5/2025 02:34;23/5/2025 02:37;23/5/2025 03:00;80;78;0;Conforme; sin novedad 
LOT00809;7/3/2025;Sellador Poliuretánico para Juntas;Balde;Mañana;;;7/3/2025 06:31;7/3/2025 07:08;7/3/2025 07:12;7/3/2025 07:42;7/3/2025 07:56;7/3/2025 08:15;7/3/2025 08:29;7/3/2025 09:06;7/3/2025 09:19;7/3/2025 09:47;40;39;2;OK;Sin novedad
LOT00810;6/7/2024;Látex Antihongos para Baños;Balde;NOCHE;6/7/2024 22:24;6/7/2024 22:44;6/7/2024 22:50;6/7/2024 23:24;6/7/2024 23:31;7/7/2024 00:03;7/7/2024 00:18;7/7/2024 00:45;7/7/2024 00:53;7/7/2024 01:30;7/7/2024 01:45;7/7/2024 02:01;100;96;0;Conforme;OK
LOT00811;28/11/2024;LÁTEX ECONÓMICO INTERIOR;Balde;Mañana;28/11/2024 06:19;28/11/2024 06:51;;;28/11/2024 06:56;28/11/2024 07:54;28/11/2024 07:58;28/11/2024 08:26;28/11/2024 08:34;28/11/2024 08:53;28/11/2024 08:57;28/11/2024 09:12;40;19;4;Devuelto a reproceso;Grumos detectados en control visual
LOT00812;25/4/2025;Recubrimiento Poliuretánico para Piso;BALDE;Tarde;25/4/2025 14:11;25/4/2025 14:35;25/4/2025 14:43;25/4/2025 15:39;25/4/2025 15:44;25/4/2025 16:35;25/4/2025 16:41;25/4/2025 16:55;25/4/2025 16:57;25/4/2025 17:54;25/4/2025 18:02;25/4/2025 18:22;40;38;0;Liberado;
LOT00813;21/6/2025;Anticorrosivo Base Zinc Inorgánico;Cuñete;Noche;21/6/2025 22:34;21/6/2025 23:23;21/6/2025 23:31;21/6/2025 23:58;22/6/2025 00:02;22/6/2025 00:23;22/6/2025 00:38;22/6/2025 00:52;22/6/2025 01:06;22/6/2025 01:45;22/6/2025 01:55;22/6/2025 02:19;100;97;0;Conforme;Lote conforme a especificaciones
LOT00814;21/9/2024;Anticorrosivo Zincromato Amarillo;Cuñete;Mañana;21/9/2024 06:00;21/9/2024 06:22;21/9/2024 06:29;21/9/2024 06:49;21/9/2024 07:00;21/9/2024 07:19;21/9/2024 07:34;21/9/2024 07:52;21/9/2024 07:59;21/9/2024 08:22;21/9/2024 08:30;21/9/2024 08:42;120;116;0;Aprobado;Sin novedad
LOT00815;7/9/2024;Fondo Anticorrosivo Gris;Balde;Mañana;7/9/2024 06:00;7/9/2024 06:43;7/9/2024 06:55;7/9/2024 07:41;7/9/2024 07:48;7/9/2024 08:39;7/9/2024 08:48;7/9/2024 08:58;7/9/2024 09:10;7/9/2024 10:03;7/9/2024 10:11;7/9/2024 10:31;40;38;0;Liberado;
LOT00816;3/3/2025;Látex Texturizado para Fachadas;Tambor;Mañana;3/3/2025 06:01;3/3/2025 06:33;;;3/3/2025 06:43;3/3/2025 07:59;3/3/2025 08:10;3/3/2025 08:39;3/3/2025 08:43;3/3/2025 09:19;3/3/2025 09:31;3/3/2025 09:56;30;29;0;Liberado;
LOT00817;17/5/2025;Recubrimiento Epóxico Piso Industrial;Galón;Noche;17/5/2025 22:01;17/5/2025 22:47;17/5/2025 22:55;17/5/2025 23:36;17/5/2025 23:48;18/5/2025 00:32;18/5/2025 00:44;18/5/2025 01:08;18/5/2025 01:14;18/5/2025 01:38;18/5/2025 01:42;18/5/2025 02:09;250;239;0;OK;Rendimiento dentro de lo esperado
LOT00818;3/3/2025;Anticorrosivo Zincromato Amarillo;Cuñete;Noche;3/3/2025 22:21;3/3/2025 23:03;3/3/2025 23:17;4/3/2025 00:13;4/3/2025 00:28;4/3/2025 01:38;4/3/2025 01:49;4/3/2025 02:10;4/3/2025 02:18;4/3/2025 03:07;4/3/2025 03:20;4/3/2025 03:37;100;67;17;No conforme;Grumos detectados en control visual
LOT00819;29/5/2025;Recubrimiento Epóxico Piso Industrial;Cuñete;Tarde;29/5/2025 14:08;29/5/2025 14:28;29/5/2025 14:43;29/5/2025 15:43;29/5/2025 15:57;29/5/2025 17:17;29/5/2025 17:29;29/5/2025 17:44;29/5/2025 17:56;29/5/2025 18:35;29/5/2025 18:42;29/5/2025 19:03;100;98;0;Conforme;Rendimiento dentro de lo esperado
LOT00820;20/6/2025;Sellador de Silicona Neutra;Balde;Tarde;20/6/2025 14:05;20/6/2025 14:50;;;20/6/2025 15:04;20/6/2025 16:02;20/6/2025 16:04;20/6/2025 16:25;20/6/2025 16:27;20/6/2025 17:11;20/6/2025 17:16;20/6/2025 17:49;80;78;0;Liberado;Lote conforme a especificaciones
LOT00821;7/10/2024;Recubrimiento Poliuretánico para Piso;Cuñete;Tarde;7/10/2024 14:27;7/10/2024 15:17;7/10/2024 15:31;7/10/2024 16:39;7/10/2024 16:52;7/10/2024 17:12;7/10/2024 17:16;7/10/2024 17:38;7/10/2024 17:51;7/10/2024 18:23;7/10/2024 18:30;7/10/2024 18:46;60;50;4;Ajuste en proceso;Se adicionó solvente para ajustar viscosidad
LOT00822;24/4/2025;Sellador de Silicona Neutra;Balde;Mañana;;;;;24/4/2025 06:29;24/4/2025 07:28;24/4/2025 07:32;24/4/2025 07:57;24/4/2025 08:06;24/4/2025 08:30;24/4/2025 08:42;24/4/2025 09:09;80;76;0;Liberado;
LOT00823;7/5/2025;Látex Económico Interior;Tambor;Tarde;7/5/2025 14:37;7/5/2025 14:57;;;7/5/2025 15:00;7/5/2025 16:07;7/5/2025 16:22;7/5/2025 16:48;7/5/2025 16:53;7/5/2025 17:37;7/5/2025 17:40;7/5/2025 18:17;25;24;0;Liberado;Rendimiento dentro de lo esperado
LOT00824;14/11/2024;Barniz para Madera Brillante;Balde;noche;14/11/2024 22:44;14/11/2024 23:05;14/11/2024 23:20;14/11/2024 23:58;15/11/2024 00:04;15/11/2024 01:08;15/11/2024 01:13;15/11/2024 01:32;15/11/2024 01:37;15/11/2024 02:07;15/11/2024 02:17;15/11/2024 02:50;100;96;0;Aprobado;OK
LOT00825;4/9/2024;Esmalte al Agua Satinado;Cuñete;Noche;4/9/2024 22:23;4/9/2024 22:41;4/9/2024 22:45;4/9/2024 23:07;4/9/2024 23:22;5/9/2024 00:09;5/9/2024 00:18;5/9/2024 00:40;5/9/2024 00:43;5/9/2024 01:39;5/9/2024 01:42;5/9/2024 02:16;40;38;0;Aprobado;Sin novedad
LOT00826;30/10/2024;Látex Lavable Mate;Galón;Noche;30/10/2024 22:26;30/10/2024 22:53;30/10/2024 23:05;30/10/2024 23:37;30/10/2024 23:39;31/10/2024 00:06;31/10/2024 00:12;31/10/2024 00:24;31/10/2024 00:30;31/10/2024 01:21;31/10/2024 01:26;31/10/2024 01:39;150;147;0;Liberado;Rendimiento dentro de lo esperado
LOT00827;4/11/2024;Esmalte Antióxido Rojo Óxido;Balde;Tarde;4/11/2024 14:19;4/11/2024 15:02;4/11/2024 15:09;4/11/2024 16:00;4/11/2024 16:14;4/11/2024 17:20;4/11/2024 17:26;4/11/2024 17:47;4/11/2024 18:02;4/11/2024 18:37;4/11/2024 18:44;4/11/2024 19:07;60;59;0; Aprobado ;
 LOT00828 ;30/6/2025;Recubrimiento Epóxico Alto Sólido;Cuñete;Mañana;30/6/2025 06:35;30/6/2025 07:23;30/6/2025 07:33;30/6/2025 08:15;30/6/2025 08:28;30/6/2025 09:11;30/6/2025 09:21;30/6/2025 09:33;30/6/2025 09:38;30/6/2025 10:26;30/6/2025 10:28;30/6/2025 10:41;120;119;0;Conforme;Sin observaciones
lot00829;17/3/2025;Fondo Anticorrosivo Gris;Tambor; Tarde ;17/3/2025 14:25;17/3/2025 14:42;17/3/2025 14:45;17/3/2025 15:29;17/3/2025 15:31;17/3/2025 16:08;17/3/2025 16:14;17/3/2025 16:26;17/3/2025 16:37;17/3/2025 17:30;17/3/2025 17:32;17/3/2025 18:03;30;29;0;Liberado;Lote conforme a especificaciones
LOT00830;26/2/2025;Anticorrosivo Zincromato Amarillo;Cuñete;Mañana;26/2/2025 06:45;26/2/2025 07:09;26/2/2025 07:19;26/2/2025 08:17;26/2/2025 08:32;26/2/2025 09:05;26/2/2025 09:18;26/2/2025 09:42;26/2/2025 09:52;26/2/2025 10:11;26/2/2025 10:15;26/2/2025 10:35;40;38;0; Conforme ;OK
LOT00831;11/11/2024;Fondo Anticorrosivo Gris; Galón ; Mañana ;11/11/2024 06:35;11/11/2024 07:03;11/11/2024 07:05;11/11/2024 07:58;11/11/2024 08:11;11/11/2024 09:03;11/11/2024 09:10;11/11/2024 09:23;11/11/2024 09:31;11/11/2024 10:20;11/11/2024 10:31;11/11/2024 10:47;300;293;0;Conforme;
LOT00832;26/7/2024;Recubrimiento Epóxico Piso Industrial;Balde;Noche;26/7/2024 22:35;26/7/2024 23:19;26/7/2024 23:34;27/7/2024 00:25;27/7/2024 00:36;27/7/2024 01:40;27/7/2024 01:50;27/7/2024 02:20;27/7/2024 02:32;27/7/2024 02:50;27/7/2024 02:54;27/7/2024 03:09;80;76;0;Conforme;Lote conforme a especificaciones
LOT00833;25/11/2024;Látex Vinílico Interior Blanco;Balde;Noche;25/11/2024 22:19;25/11/2024 22:58;25/11/2024 23:00;26/11/2024 00:10;26/11/2024 00:22;26/11/2024 00:47;26/11/2024 01:02;26/11/2024 01:29;26/11/2024 01:34;26/11/2024 02:34;26/11/2024 02:39;26/11/2024 03:18;60;57;0;OK;
LOT00834;31/3/2025;Barniz para Madera Brillante;1/4 GALÓN;Noche;31/3/2025 22:30;31/3/2025 22:50;;;31/3/2025 22:55;31/3/2025 23:47;31/3/2025 23:51;1/4/2025 00:19;1/4/2025 00:25;1/4/2025 01:13;1/4/2025 01:23;1/4/2025 01:34;400;391;1;Liberado;
LOT00835;20/11/2024;Esmalte al Agua Satinado;Galón;Noche;20/11/2024 22:06;20/11/2024 22:43;20/11/2024 22:50;20/11/2024 23:21;20/11/2024 23:26;21/11/2024 00:09;21/11/2024 00:21;21/11/2024 00:51;21/11/2024 00:55;21/11/2024 01:36;21/11/2024 01:47;21/11/2024 02:02;150;142;2;Conforme;Producción normal
LOT00836;23/1/2025;Látex Antihongos para Baños;Galón;Noche;23/1/2025 22:16;23/1/2025 22:50;23/1/2025 22:53;23/1/2025 23:26;23/1/2025 23:39;24/1/2025 00:14;24/1/2025 00:18;24/1/2025 00:32;24/1/2025 00:41;24/1/2025 01:26;24/1/2025 01:34;24/1/2025 01:57;250;247;0;Liberado;Lote conforme a especificaciones
LOT00837;28/1/2025;Recubrimiento Poliuretánico UV;Galón;tarde;28/1/2025 14:27;28/1/2025 14:50;28/1/2025 14:59;28/1/2025 15:35;28/1/2025 15:39;28/1/2025 16:28;28/1/2025 16:43;28/1/2025 17:07;28/1/2025 17:19;28/1/2025 18:17;28/1/2025 18:28;28/1/2025 19:04;150;149;0;Liberado;
LOT00838;9/7/2024;BARNIZ CATALIZADO ALTO BRILLO;Cuñete;Tarde;9/7/2024 14:21;9/7/2024 14:44;9/7/2024 14:49;9/7/2024 15:40;9/7/2024 15:45;9/7/2024 16:42;9/7/2024 16:44;9/7/2024 17:10;9/7/2024 17:15;9/7/2024 18:06;9/7/2024 18:08;9/7/2024 18:35;100;97;2;OK;OK
LOT00839;24/2/2025;Esmalte Martillado Negro;Cuñete;Tarde;24/2/2025 14:14;24/2/2025 14:34;24/2/2025 14:42;24/2/2025 15:37;24/2/2025 15:46;24/2/2025 17:05;24/2/2025 17:11;24/2/2025 17:37;24/2/2025 17:49;24/2/2025 18:30;24/2/2025 18:44;24/2/2025 19:08;120;117;0;OK;
LOT00840;13/9/2024;Látex Texturizado para Fachadas;galón;Mañana;13/9/2024 06:23;13/9/2024 06:49;13/9/2024 06:51;13/9/2024 07:42;13/9/2024 07:48;13/9/2024 08:36;13/9/2024 08:45;13/9/2024 09:00;13/9/2024 09:07;13/9/2024 09:58;13/9/2024 10:09;13/9/2024 10:32;250;194;7;Ajuste en proceso;Ajuste de color con pigmento, segunda medición OK
LOT00841;7/2/2025;Esmalte al Agua Satinado;Cuñete;Tarde;7/2/2025 14:06;7/2/2025 14:43;;;7/2/2025 14:47;7/2/2025 15:33;7/2/2025 15:41;7/2/2025 16:11;7/2/2025 16:16;7/2/2025 17:04;7/2/2025 17:17;7/2/2025 17:32;100;96;0;Liberado;Producción normal
LOT00842;22/7/2024;Recubrimiento Epóxico Piso Industrial;Tambor;Tarde;22/7/2024 14:41;22/7/2024 15:23;22/7/2024 15:26;22/7/2024 16:07;22/7/2024 16:13;22/7/2024 16:32;22/7/2024 16:47;22/7/2024 16:59;22/7/2024 17:04;22/7/2024 17:52;22/7/2024 18:02;22/7/2024 18:29;30;28;0;Liberado;Sin novedad
LOT00843;5/3/2025;Látex Acrílico Exterior Premium;1/4 Galón;Mañana;5/3/2025 06:11;5/3/2025 07:01;5/3/2025 07:09;5/3/2025 08:12;5/3/2025 08:27;5/3/2025 09:30;5/3/2025 09:41;5/3/2025 10:03;5/3/2025 10:15;5/3/2025 10:39;5/3/2025 10:49;5/3/2025 11:24;500;478;0;Aprobado;Turno sin incidentes
LOT00844;27/3/2025;Anticorrosivo Zincromato Amarillo;Tambor;Noche;27/3/2025 22:13;27/3/2025 22:28;27/3/2025 22:37;27/3/2025 23:38;27/3/2025 23:42;28/3/2025 00:15;28/3/2025 00:22;28/3/2025 00:52;28/3/2025 01:04;28/3/2025 01:24;28/3/2025 01:30;28/3/2025 01:53;15;15;0;Liberado;Sin novedad
LOT00845;9/11/2024;Anticorrosivo Marino Bicomponente;Tambor;Noche;9/11/2024 22:42;9/11/2024 22:59;9/11/2024 23:12;9/11/2024 23:48;9/11/2024 23:56;10/11/2024 00:11;10/11/2024 00:25;10/11/2024 00:42;10/11/2024 00:49;10/11/2024 01:43;10/11/2024 01:46;10/11/2024 02:12;15;15;0;Conforme;Lote conforme a especificaciones
LOT00846;16/5/2025;Sellador Acrílico para Techos;Galón;Tarde;;;;;16/5/2025 14:44;16/5/2025 15:09;16/5/2025 15:16;16/5/2025 15:44;16/5/2025 15:55;16/5/2025 16:31;16/5/2025 16:41;16/5/2025 17:02;250;247;0;Conforme;Producción normal
LOT00847;24/1/2025;Esmalte Alto Tráfico Gris;Galón;Tarde;24/1/2025 14:10;24/1/2025 14:39;24/1/2025 14:52;24/1/2025 15:31;24/1/2025 15:37;24/1/2025 16:46;24/1/2025 16:54;24/1/2025 17:09;24/1/2025 17:20;24/1/2025 17:45;24/1/2025 17:53;24/1/2025 18:06;200;192;1;Liberado;
LOT00848;17/8/2024;Recubrimiento Poliuretánico UV;Tambor;Tarde;17/8/2024 14:40;17/8/2024 15:17;17/8/2024 15:30;17/8/2024 16:35;17/8/2024 16:45;17/8/2024 17:59;17/8/2024 18:09;17/8/2024 18:24;17/8/2024 18:30;17/8/2024 19:00;17/8/2024 19:07;17/8/2024 19:22;20;19;0;Aprobado;Sin observaciones
LOT00849;25/4/2025;Barniz Catalizado Alto Brillo;1/4 Galón;Tarde;;;25/4/2025 14:42;25/4/2025 15:02;25/4/2025 15:17;25/4/2025 16:19;25/4/2025 16:22;25/4/2025 16:49;25/4/2025 16:54;25/4/2025 17:32;25/4/2025 17:45;25/4/2025 18:10;300;298;0;Conforme;OK
LOT00850;7/5/2025;Recubrimiento Vinil-éster para Tanques;Cuñete;Mañana;7/5/2025 06:01;7/5/2025 06:17;7/5/2025 06:21;7/5/2025 07:07;7/5/2025 07:12;7/5/2025 08:23;7/5/2025 08:35;7/5/2025 08:49;7/5/2025 09:01;7/5/2025 09:16;7/5/2025 09:22;7/5/2025 09:53;80;76;0; Aprobado ;Producción normal
 LOT00851 ;22/1/2025;Anticorrosivo Zincromato Amarillo;Tambor;Noche;22/1/2025 22:18;22/1/2025 22:45;22/1/2025 22:54;22/1/2025 23:33;22/1/2025 23:40;23/1/2025 00:19;23/1/2025 00:23;23/1/2025 00:37;23/1/2025 00:42;23/1/2025 01:12;23/1/2025 01:26;23/1/2025 01:45;25;22;0;Aprobado;
LOT00852;18/12/2024;Esmalte Alto Tráfico Gris;Tambor;noche;18/12/2024 22:09;18/12/2024 22:34;18/12/2024 22:43;18/12/2024 23:39;18/12/2024 23:49;19/12/2024 00:17;19/12/2024 00:28;19/12/2024 00:44;19/12/2024 00:57;19/12/2024 01:36;19/12/2024 01:41;19/12/2024 02:11;10;9;0;Conforme;
LOT00853;7/10/2024;Sellador Poliuretánico para Juntas;Galón; Tarde ;7/10/2024 14:07;7/10/2024 14:34;;;7/10/2024 14:40;7/10/2024 15:44;7/10/2024 15:55;7/10/2024 16:05;7/10/2024 16:15;7/10/2024 16:33;7/10/2024 16:48;7/10/2024 17:09;200;193;0;OK;Turno sin incidentes
LOT00854;3/6/2025;Recubrimiento Epóxico Alto Sólido;Cuñete;Noche;3/6/2025 22:37;3/6/2025 23:11;3/6/2025 23:23;4/6/2025 00:07;4/6/2025 00:09;4/6/2025 00:24;4/6/2025 00:26;4/6/2025 00:45;4/6/2025 00:50;4/6/2025 01:16;4/6/2025 01:24;4/6/2025 01:36;100;71;6;Ajuste en proceso;Se corrigió fórmula, pendiente segunda aprobación
LOT00855;20/7/2024;Barniz Marino Poliuretánico;Balde;Noche;20/7/2024 22:04;20/7/2024 22:27;;;20/7/2024 22:41;21/7/2024 00:01;21/7/2024 00:13;21/7/2024 00:37;21/7/2024 00:46;21/7/2024 01:08;21/7/2024 01:20;21/7/2024 01:37;40;39;0;Liberado;Turno sin incidentes
LOT00856;28/3/2025; Sellador de Silicona Neutra ;Balde;Noche;28/3/2025 22:38;28/3/2025 22:55;28/3/2025 22:57;28/3/2025 23:33;28/3/2025 23:35;29/3/2025 00:30;29/3/2025 00:44;29/3/2025 01:07;29/3/2025 01:14;29/3/2025 02:13;29/3/2025 02:24;29/3/2025 03:02;120;115;0;Conforme;OK
LOT00857;8/5/2025;Barniz Catalizado Alto Brillo;Balde;Tarde;8/5/2025 14:44;8/5/2025 15:00;;;8/5/2025 15:04;8/5/2025 16:09;8/5/2025 16:19;8/5/2025 16:34;8/5/2025 16:43;8/5/2025 17:43;8/5/2025 17:54;8/5/2025 18:21;40;26;2;No conforme;Densidad fuera de especificación
LOT00858;25/7/2024;Látex Lavable Mate;1/4 Galón;Tarde;25/7/2024 14:28;25/7/2024 15:09;25/7/2024 15:13;25/7/2024 16:00;25/7/2024 16:15;25/7/2024 17:23;25/7/2024 17:36;25/7/2024 17:57;25/7/2024 18:09;25/7/2024 18:31;25/7/2024 18:46;25/7/2024 18:58;500;475;0;Conforme;Lote conforme a especificaciones
lot00859;4/6/2025;Recubrimiento Epóxico Piso Industrial;Cuñete;Noche;4/6/2025 22:08;4/6/2025 22:38;4/6/2025 22:51;4/6/2025 23:59;5/6/2025 00:13;5/6/2025 01:30;5/6/2025 01:36;5/6/2025 01:54;5/6/2025 02:06;5/6/2025 02:48;5/6/2025 03:03;5/6/2025 03:23;80;75;0;Conforme;Lote conforme a especificaciones
LOT00860;25/9/2024;Látex Lavable Mate;Tambor;Mañana;25/9/2024 06:35;25/9/2024 07:17;;;25/9/2024 07:31;25/9/2024 07:56;25/9/2024 08:03;25/9/2024 08:20;25/9/2024 08:24;25/9/2024 08:45;25/9/2024 09:00;25/9/2024 09:19;20;14;2;En reproceso;Se corrigió fórmula, pendiente segunda aprobación
LOT00861;3/8/2024;Esmalte Antióxido Rojo Óxido;1/4 Galón;Mañana;3/8/2024 06:36;3/8/2024 07:24;;;3/8/2024 07:34;3/8/2024 08:31;3/8/2024 08:41;3/8/2024 09:02;3/8/2024 09:12;3/8/2024 09:48;3/8/2024 09:58;3/8/2024 10:10;600;473;25;Reproceso parcial;Se adicionó solvente para ajustar viscosidad
LOT00862;6/11/2024;Recubrimiento Poliuretánico UV;Galón;Mañana;6/11/2024 06:20;6/11/2024 07:10;6/11/2024 07:24;6/11/2024 07:57;6/11/2024 08:09;6/11/2024 08:48;6/11/2024 09:03;6/11/2024 09:27;6/11/2024 09:35;6/11/2024 10:23;6/11/2024 10:35;6/11/2024 11:07;300;297;0;Aprobado;
LOT00863;23/1/2025;Esmalte Sintético Brillante Blanco;Galón;Mañana;23/1/2025 06:09;23/1/2025 06:55;23/1/2025 07:02;23/1/2025 07:59;23/1/2025 08:14;23/1/2025 09:34;23/1/2025 09:41;23/1/2025 10:05;23/1/2025 10:08;23/1/2025 10:23;23/1/2025 10:33;23/1/2025 10:54;300;296;0;Liberado;Lote conforme a especificaciones
LOT00864;10/10/2024;Recubrimiento Epóxico Piso Industrial;Cuñete;Tarde;10/10/2024 14:16;10/10/2024 14:52;10/10/2024 15:01;10/10/2024 15:43;10/10/2024 15:45;10/10/2024 16:07;10/10/2024 16:22;10/10/2024 16:52;10/10/2024 16:54;10/10/2024 17:25;10/10/2024 17:38;10/10/2024 18:07;40;38;0;OK;
LOT00865;14/4/2025;Látex Texturizado para Fachadas;Cuñete;Mañana;14/4/2025 06:43;14/4/2025 07:29;;;14/4/2025 07:31;14/4/2025 07:52;14/4/2025 08:05;14/4/2025 08:25;14/4/2025 08:39;14/4/2025 09:27;14/4/2025 09:30;14/4/2025 09:49;80;76;0; Aprobado ;Turno sin incidentes
LOT00866;6/6/2025;Barniz para Madera Brillante;Cuñete;Mañana;6/6/2025 06:26;6/6/2025 06:51;;;6/6/2025 07:05;6/6/2025 08:17;6/6/2025 08:27;6/6/2025 08:45;6/6/2025 08:53;6/6/2025 09:30;6/6/2025 09:35;6/6/2025 09:59;100;99;0;Liberado;Lote conforme a especificaciones
LOT00867;9/9/2024;Fondo Anticorrosivo Gris;Galón;Mañana;9/9/2024 06:11;9/9/2024 06:53;9/9/2024 07:04;9/9/2024 07:48;9/9/2024 07:52;9/9/2024 08:25;9/9/2024 08:32;9/9/2024 08:48;9/9/2024 08:53;9/9/2024 09:44;9/9/2024 09:51;9/9/2024 10:10;200;192;0;Aprobado;Producción normal
LOT00868;8/4/2025;Esmalte al Agua Satinado;Galón;Mañana;8/4/2025 06:04;8/4/2025 06:52;8/4/2025 07:06;8/4/2025 08:04;8/4/2025 08:17;8/4/2025 08:56;8/4/2025 09:05;8/4/2025 09:34;8/4/2025 09:49;8/4/2025 10:38;8/4/2025 10:47;8/4/2025 11:08;100;96;2;OK;Sin novedad
LOT00869;22/7/2024;Esmalte Martillado Negro;1/4 Galón;Mañana;22/7/2024 06:01;22/7/2024 06:16;22/7/2024 06:24;22/7/2024 07:27;22/7/2024 07:31;22/7/2024 08:08;22/7/2024 08:20;22/7/2024 08:44;22/7/2024 08:51;22/7/2024 09:27;22/7/2024 09:42;22/7/2024 09:55;600;461;50;No conforme;Grumos detectados en control visual
LOT00870;3/9/2024;Sellador Poliuretánico para Juntas;Cuñete;Mañana;;;3/9/2024 06:33;3/9/2024 07:07;3/9/2024 07:12;3/9/2024 07:30;3/9/2024 07:40;3/9/2024 08:04;3/9/2024 08:13;3/9/2024 08:35;3/9/2024 08:39;3/9/2024 08:55;120;118;0;Liberado;Producción normal
LOT00871;27/11/2024;LÁTEX LAVABLE MATE;1/4 Galón;Mañana;27/11/2024 06:26;27/11/2024 06:58;27/11/2024 07:02;27/11/2024 07:44;27/11/2024 07:48;27/11/2024 08:56;27/11/2024 09:06;27/11/2024 09:31;27/11/2024 09:41;27/11/2024 09:57;27/11/2024 10:10;27/11/2024 10:21;600;578;2;Conforme;
LOT00872;7/11/2024;Sellador Acrílico para Fisuras;Balde;Tarde;;;7/11/2024 14:43;7/11/2024 15:48;7/11/2024 15:55;7/11/2024 17:06;7/11/2024 17:20;7/11/2024 17:39;7/11/2024 17:43;7/11/2024 18:39;7/11/2024 18:44;7/11/2024 18:54;60;57;0;OK;Turno sin incidentes
LOT00873;30/5/2025;Sellador de Silicona Neutra;Galón;Mañana;30/5/2025 06:20;30/5/2025 06:49;;;30/5/2025 07:03;30/5/2025 07:42;30/5/2025 07:55;30/5/2025 08:20;30/5/2025 08:30;30/5/2025 09:26;30/5/2025 09:32;30/5/2025 09:45;250;239;0;Liberado;OK
LOT00874;22/5/2025;Fondo Anticorrosivo Gris;Cuñete;Tarde;22/5/2025 14:05;22/5/2025 14:37;22/5/2025 14:52;22/5/2025 15:38;22/5/2025 15:47;22/5/2025 16:39;22/5/2025 16:46;22/5/2025 17:05;22/5/2025 17:16;22/5/2025 17:50;22/5/2025 18:03;22/5/2025 18:22;60;57;0;Conforme;Lote conforme a especificaciones
LOT00875;28/1/2025;Látex Vinílico Interior Blanco;1/4 Galón;Noche;28/1/2025 22:12;28/1/2025 23:01;;;28/1/2025 23:11;29/1/2025 00:27;29/1/2025 00:31;29/1/2025 00:46;29/1/2025 00:53;29/1/2025 01:25;29/1/2025 01:40;29/1/2025 02:16;200;194;0;Conforme;
LOT00876;3/3/2025;Látex Lavable Mate;Galón;Tarde;3/3/2025 14:37;3/3/2025 15:11;;;3/3/2025 15:24;3/3/2025 16:02;3/3/2025 16:07;3/3/2025 16:33;3/3/2025 16:43;3/3/2025 17:39;3/3/2025 17:53;3/3/2025 18:33;250;241;0;Conforme;OK
LOT00877;3/6/2025;Látex Económico Interior;Balde;Noche;3/6/2025 22:10;3/6/2025 23:00;3/6/2025 23:03;4/6/2025 00:08;4/6/2025 00:12;4/6/2025 01:12;4/6/2025 01:22;4/6/2025 01:49;4/6/2025 01:59;4/6/2025 02:15;4/6/2025 02:26;4/6/2025 02:50;40;38;0;OK;Lote conforme a especificaciones
LOT00878;28/3/2025;Barniz para Madera Brillante;Cuñete;Mañana;28/3/2025 06:03;28/3/2025 06:36;28/3/2025 06:51;28/3/2025 07:43;28/3/2025 07:51;28/3/2025 09:02;28/3/2025 09:07;28/3/2025 09:30;28/3/2025 09:32;28/3/2025 10:21;28/3/2025 10:33;28/3/2025 10:58;120;115;0;Conforme;
LOT00879;22/1/2025;SELLADOR ACRÍLICO PARA TECHOS;Cuñete;Noche;22/1/2025 22:16;22/1/2025 22:45;;;22/1/2025 22:52;22/1/2025 23:51;22/1/2025 23:56;23/1/2025 00:21;23/1/2025 00:25;23/1/2025 00:41;23/1/2025 00:49;23/1/2025 01:10;60;58;0;OK;Rendimiento dentro de lo esperado
LOT00880;16/4/2025;Anticorrosivo Marino Bicomponente;Balde;Noche;16/4/2025 22:44;16/4/2025 23:10;16/4/2025 23:15;17/4/2025 00:23;17/4/2025 00:33;17/4/2025 01:07;17/4/2025 01:09;17/4/2025 01:19;17/4/2025 01:28;17/4/2025 01:47;17/4/2025 01:53;17/4/2025 02:06;100;98;0;OK;
LOT00881;9/11/2024; Sellador Poliuretánico para Juntas ;1/4 Galón;Tarde;;;;;9/11/2024 14:33;9/11/2024 15:15;9/11/2024 15:27;9/11/2024 15:40;9/11/2024 15:53;9/11/2024 16:13;9/11/2024 16:21;9/11/2024 16:47;600;597;0;Conforme;Rendimiento dentro de lo esperado
LOT00882;1/11/2024;Esmalte Antióxido Rojo Óxido;Cuñete;Noche;1/11/2024 22:44;1/11/2024 23:22;1/11/2024 23:24;1/11/2024 23:48;1/11/2024 23:50;2/11/2024 00:38;2/11/2024 00:50;2/11/2024 01:17;2/11/2024 01:28;2/11/2024 02:00;2/11/2024 02:12;2/11/2024 02:23;40;39;0;OK;Producción normal
LOT00883;4/2/2025;Esmalte Alto Tráfico Gris;1/4 Galón;Noche;4/2/2025 22:19;4/2/2025 23:06;4/2/2025 23:19;4/2/2025 23:56;5/2/2025 00:10;5/2/2025 00:59;5/2/2025 01:04;5/2/2025 01:17;5/2/2025 01:32;5/2/2025 02:14;5/2/2025 02:24;5/2/2025 02:49;200;199;0;OK;Sin observaciones
LOT00884;29/11/2024;Látex Lavable Mate;Balde;Mañana;29/11/2024 06:20;29/11/2024 07:02;29/11/2024 07:15;29/11/2024 08:11;29/11/2024 08:22;29/11/2024 09:33;29/11/2024 09:36;29/11/2024 09:54;29/11/2024 10:08;29/11/2024 10:52;29/11/2024 10:57;29/11/2024 11:08;40;39;0;OK;
LOT00885;4/7/2024;Recubrimiento Vinil-éster para Tanques;Tambor;Mañana;4/7/2024 06:08;4/7/2024 06:23;4/7/2024 06:32;4/7/2024 07:14;4/7/2024 07:27;4/7/2024 07:46;4/7/2024 08:01;4/7/2024 08:26;4/7/2024 08:28;4/7/2024 08:54;4/7/2024 09:03;4/7/2024 09:34;25;24;0;Aprobado;Producción normal
lot00886;11/4/2025;Látex Lavable Mate;Balde;Noche;11/4/2025 22:34;11/4/2025 23:22;;;11/4/2025 23:32;12/4/2025 00:30;12/4/2025 00:38;12/4/2025 01:01;12/4/2025 01:14;12/4/2025 01:56;12/4/2025 02:06;12/4/2025 02:43;120;115;0;Liberado;Sin observaciones
lot00887;9/1/2025;Látex Texturizado para Fachadas;Galón;Mañana;9/1/2025 06:20;9/1/2025 07:09;;;9/1/2025 07:12;9/1/2025 07:27;9/1/2025 07:31;9/1/2025 07:45;9/1/2025 07:48;9/1/2025 08:30;9/1/2025 08:36;9/1/2025 08:54;100;96;0;Conforme;Lote conforme a especificaciones
LOT00888;3/9/2024;Sellador Acrílico para Fisuras;Balde;Noche;3/9/2024 22:26;3/9/2024 23:16;3/9/2024 23:23;4/9/2024 00:04;4/9/2024 00:13;4/9/2024 00:43;4/9/2024 00:47;4/9/2024 01:07;4/9/2024 01:16;4/9/2024 01:41;4/9/2024 01:51;4/9/2024 02:01;40;37;0;OK;
LOT00889;14/10/2024;Látex Texturizado para Fachadas;Balde;tarde;14/10/2024 14:17;14/10/2024 14:37;14/10/2024 14:46;14/10/2024 15:36;14/10/2024 15:43;14/10/2024 16:38;14/10/2024 16:49;14/10/2024 17:15;14/10/2024 17:25;14/10/2024 18:20;14/10/2024 18:33;14/10/2024 18:43;40;38;0; conforme ;OK
LOT00890;6/6/2025;Sellador de Silicona Neutra;Galón;Mañana;;;;;6/6/2025 06:25;6/6/2025 06:42;6/6/2025 06:47;6/6/2025 07:02;6/6/2025 07:17;6/6/2025 07:55;6/6/2025 08:02;6/6/2025 08:35;300;287;0;Conforme;Lote conforme a especificaciones
LOT00891;6/5/2025;Recubrimiento Poliuretánico para Piso;Cuñete;Noche;6/5/2025 22:24;6/5/2025 22:51;6/5/2025 22:58;6/5/2025 23:33;6/5/2025 23:40;7/5/2025 00:18;7/5/2025 00:27;7/5/2025 00:42;7/5/2025 00:52;7/5/2025 01:24;7/5/2025 01:37;7/5/2025 01:58;120;117;0;Aprobado;
LOT00892;9/8/2024;Barniz Marino Transparente;Balde;Tarde;9/8/2024 14:14;9/8/2024 14:34;9/8/2024 14:45;9/8/2024 15:45;9/8/2024 15:56;9/8/2024 16:36;9/8/2024 16:43;9/8/2024 16:54;9/8/2024 17:00;9/8/2024 17:16;9/8/2024 17:29;9/8/2024 17:58;80;78;0;Aprobado;
LOT00893;15/8/2024;Esmalte Sintético Brillante Blanco;balde;TARDE;15/8/2024 14:38;15/8/2024 14:56;15/8/2024 14:58;15/8/2024 15:42;15/8/2024 15:56;15/8/2024 17:14;15/8/2024 17:19;15/8/2024 17:42;15/8/2024 17:57;15/8/2024 18:33;15/8/2024 18:40;15/8/2024 19:16;120;114;0;OK;Rendimiento dentro de lo esperado
LOT00894;9/1/2025; Anticorrosivo Zincromato Amarillo ;tambor;Mañana;9/1/2025 06:37;9/1/2025 07:17;9/1/2025 07:28;9/1/2025 08:25;9/1/2025 08:32;9/1/2025 09:48;9/1/2025 09:58;9/1/2025 10:17;9/1/2025 10:30;9/1/2025 11:15;9/1/2025 11:21;9/1/2025 11:39;15;14;0;Conforme;Lote conforme a especificaciones
LOT00895;15/11/2024;Esmalte Sintético Brillante Blanco;Cuñete;Mañana;15/11/2024 06:26;15/11/2024 07:09;15/11/2024 07:18;15/11/2024 08:00;15/11/2024 08:05;15/11/2024 09:25;15/11/2024 09:37;15/11/2024 10:07;15/11/2024 10:16;15/11/2024 10:46;15/11/2024 10:51;15/11/2024 11:02;120;118;2;Conforme;
LOT00896;10/1/2025;Sellador Acrílico para Fisuras;Galón;Mañana;;;10/1/2025 06:46;10/1/2025 07:14;10/1/2025 07:16;10/1/2025 07:35;10/1/2025 07:47;10/1/2025 08:05;10/1/2025 08:07;10/1/2025 08:38;10/1/2025 08:46;10/1/2025 09:23;100;94;0;Aprobado;Sin observaciones
LOT00897;2/11/2024;Sellador Acrílico para Fisuras;Balde;TARDE;2/11/2024 14:29;2/11/2024 14:54;2/11/2024 15:01;2/11/2024 15:50;2/11/2024 16:04;2/11/2024 16:46;2/11/2024 16:49;2/11/2024 17:15;2/11/2024 17:19;2/11/2024 18:19;2/11/2024 18:22;2/11/2024 18:40;100;96;0;Conforme;
lot00898;8/1/2025;Recubrimiento Vinil-éster para Tanques;Cuñete;Tarde;8/1/2025 14:32;8/1/2025 15:08;8/1/2025 15:11;8/1/2025 15:53;8/1/2025 16:06;8/1/2025 16:26;8/1/2025 16:38;8/1/2025 16:54;8/1/2025 17:06;8/1/2025 18:06;8/1/2025 18:09;8/1/2025 18:27;80;64;1;EN REPROCESO;Se adicionó solvente para ajustar viscosidad
LOT00899;26/11/2024;Sellador de Silicona Neutra;1/4 Galón;Tarde;;;;;26/11/2024 14:30;26/11/2024 14:55;26/11/2024 15:06;26/11/2024 15:22;26/11/2024 15:27;26/11/2024 16:27;26/11/2024 16:37;26/11/2024 17:01;600;585;0;Aprobado;OK
LOT00900;24/5/2025;Barniz Marino Transparente;Cuñete;Mañana;24/5/2025 06:29;24/5/2025 07:19;24/5/2025 07:23;24/5/2025 08:07;24/5/2025 08:09;24/5/2025 08:25;24/5/2025 08:30;24/5/2025 08:47;24/5/2025 08:55;24/5/2025 09:13;24/5/2025 09:21;24/5/2025 09:37;80;76;0;OK;
LOT00901;18/2/2025; Sellador Acrílico para Techos ;Galón;Mañana;;;18/2/2025 06:35;18/2/2025 07:06;18/2/2025 07:08;18/2/2025 08:17;18/2/2025 08:26;18/2/2025 08:50;18/2/2025 08:59;18/2/2025 09:25;18/2/2025 09:30;18/2/2025 09:51;150;146;0;Aprobado;Producción normal
LOT00902;12/8/2024;Látex Texturizado para Fachadas;Tambor;Mañana;12/8/2024 06:34;12/8/2024 06:51;;;12/8/2024 06:59;12/8/2024 08:05;12/8/2024 08:12;12/8/2024 08:22;12/8/2024 08:36;12/8/2024 08:52;12/8/2024 08:56;12/8/2024 09:21;25;24;1;OK;
LOT00903;27/8/2024;Látex Acrílico Exterior Premium;CUÑETE;Tarde;27/8/2024 14:37;27/8/2024 15:00;27/8/2024 15:15;27/8/2024 15:41;27/8/2024 15:49;27/8/2024 17:09;27/8/2024 17:19;27/8/2024 17:35;27/8/2024 17:39;27/8/2024 18:15;27/8/2024 18:17;27/8/2024 18:56;100;98;0;Aprobado;
LOT00904;25/12/2024;Sellador Acrílico para Techos;Tambor;Tarde;;;;;25/12/2024 14:06;25/12/2024 15:05;25/12/2024 15:07;25/12/2024 15:20;25/12/2024 15:33;25/12/2024 16:00;25/12/2024 16:07;25/12/2024 16:44;10;9;1;Liberado;Sin novedad
LOT00905;25/1/2025;Látex Lavable Mate;Galón;Mañana;25/1/2025 06:06;25/1/2025 06:54;25/1/2025 06:59;25/1/2025 08:06;25/1/2025 08:17;25/1/2025 08:58;25/1/2025 09:00;25/1/2025 09:20;25/1/2025 09:34;25/1/2025 09:54;25/1/2025 10:08;25/1/2025 10:43;300;286;0; Conforme ;
LOT00906;22/7/2024;Látex Económico Interior;Tambor;Noche;22/7/2024 22:11;22/7/2024 22:53;22/7/2024 23:08;22/7/2024 23:46;22/7/2024 23:59;23/7/2024 00:32;23/7/2024 00:47;23/7/2024 01:08;23/7/2024 01:21;23/7/2024 02:19;23/7/2024 02:26;23/7/2024 02:50;25;24;0;Aprobado;
LOT00907;29/7/2024;Esmalte Martillado Negro;Galón;Mañana;29/7/2024 06:42;29/7/2024 07:16;29/7/2024 07:22;29/7/2024 08:24;29/7/2024 08:29;29/7/2024 09:11;29/7/2024 09:21;29/7/2024 09:41;29/7/2024 09:56;29/7/2024 10:26;29/7/2024 10:37;29/7/2024 11:06;100;59;19;Rechazado;Grumos detectados en control visual
LOT00908;6/2/2025;Látex Vinílico Interior Blanco;Cuñete;Tarde;6/2/2025 14:02;6/2/2025 14:36;6/2/2025 14:49;6/2/2025 15:25;6/2/2025 15:36;6/2/2025 16:00;6/2/2025 16:14;6/2/2025 16:29;6/2/2025 16:44;6/2/2025 17:05;6/2/2025 17:20;6/2/2025 17:31;100;98;1;Conforme;Sin observaciones
LOT00909;10/4/2025; Látex Económico Interior ;galón;Mañana;10/4/2025 06:25;10/4/2025 07:11;10/4/2025 07:13;10/4/2025 07:41;10/4/2025 07:43;10/4/2025 08:43;10/4/2025 08:55;10/4/2025 09:10;10/4/2025 09:24;10/4/2025 10:02;10/4/2025 10:10;10/4/2025 10:25;150;146;2;Aprobado;Sin novedad
LOT00910;6/1/2025; Esmalte al Agua Satinado ;Galón;Mañana;6/1/2025 06:16;6/1/2025 06:33;6/1/2025 06:45;6/1/2025 07:20;6/1/2025 07:24;6/1/2025 07:51;6/1/2025 08:02;6/1/2025 08:15;6/1/2025 08:17;6/1/2025 08:52;6/1/2025 08:59;6/1/2025 09:18;300;294;0;Conforme;Lote conforme a especificaciones
LOT00911;27/6/2025;Anticorrosivo Base Zinc Inorgánico;Tambor;Tarde;27/6/2025 14:27;27/6/2025 15:08;27/6/2025 15:20;27/6/2025 15:50;27/6/2025 16:05;27/6/2025 17:00;27/6/2025 17:12;27/6/2025 17:39;27/6/2025 17:52;27/6/2025 18:49;27/6/2025 19:01;27/6/2025 19:20;30;29;0;Conforme;
LOT00912;4/1/2025;Recubrimiento Epóxico Alto Sólido;Cuñete;Mañana;4/1/2025 06:33;4/1/2025 06:48;4/1/2025 06:57;4/1/2025 07:18;4/1/2025 07:27;4/1/2025 08:04;4/1/2025 08:17;4/1/2025 08:33;4/1/2025 08:40;4/1/2025 09:03;4/1/2025 09:16;4/1/2025 09:38;80;76;0;Liberado;Lote conforme a especificaciones
LOT00913;23/10/2024;Látex Acrílico Exterior Premium;Tambor;Mañana;23/10/2024 06:25;23/10/2024 06:50;23/10/2024 06:58;23/10/2024 07:55;23/10/2024 07:59;23/10/2024 09:04;23/10/2024 09:16;23/10/2024 09:39;23/10/2024 09:52;23/10/2024 10:09;23/10/2024 10:11;23/10/2024 10:24;10;9;0;Conforme;Turno sin incidentes
LOT00914;19/10/2024;Esmalte Alto Tráfico Gris;Galón;Noche;19/10/2024 22:42;19/10/2024 23:22;19/10/2024 23:37;20/10/2024 00:39;20/10/2024 00:45;20/10/2024 01:27;20/10/2024 01:41;20/10/2024 02:07;20/10/2024 02:13;20/10/2024 02:44;20/10/2024 02:55;20/10/2024 03:32;300;298;0;LIBERADO;OK
LOT00915;5/6/2025;Barniz para Madera Brillante;Cuñete;Tarde;;;;;5/6/2025 14:30;5/6/2025 15:46;5/6/2025 15:55;5/6/2025 16:19;5/6/2025 16:25;5/6/2025 16:45;5/6/2025 16:48;5/6/2025 16:58;60;46;3;Ajuste en proceso;Ajuste de color con pigmento, segunda medición OK
LOT00916;7/8/2024;Esmalte Antióxido Rojo Óxido;Cuñete;Tarde;7/8/2024 14:14;7/8/2024 14:41;7/8/2024 14:56;7/8/2024 16:05;7/8/2024 16:17;7/8/2024 16:46;7/8/2024 16:56;7/8/2024 17:17;7/8/2024 17:25;7/8/2024 17:48;7/8/2024 17:56;7/8/2024 18:09;60;59;0;OK;Sin observaciones
LOT00917;1/11/2024;esmalte alto tráfico gris;Galón;Tarde;1/11/2024 14:00;1/11/2024 14:37;1/11/2024 14:43;1/11/2024 15:34;1/11/2024 15:37;1/11/2024 16:16;1/11/2024 16:27;1/11/2024 16:39;1/11/2024 16:49;1/11/2024 17:43;1/11/2024 17:53;1/11/2024 18:10;100;100;0; conforme ;Producción normal
LOT00918;29/8/2024;Barniz Marino Poliuretánico;Galón;Mañana;;;29/8/2024 06:29;29/8/2024 07:09;29/8/2024 07:13;29/8/2024 08:01;29/8/2024 08:11;29/8/2024 08:37;29/8/2024 08:42;29/8/2024 09:27;29/8/2024 09:41;29/8/2024 10:17;200;171;15;EN REPROCESO;Reproceso parcial: se filtró y re-envasó
LOT00919;7/8/2024;Esmalte al Agua Satinado;Balde;Tarde;7/8/2024 14:45;7/8/2024 15:16;7/8/2024 15:24;7/8/2024 16:15;7/8/2024 16:21;7/8/2024 17:03;7/8/2024 17:18;7/8/2024 17:28;7/8/2024 17:33;7/8/2024 18:12;7/8/2024 18:14;7/8/2024 18:36;120;116;0;OK;Producción normal
LOT00920;11/2/2025;Sellador Acrílico para Techos;Galón;Mañana;11/2/2025 06:14;11/2/2025 06:48;11/2/2025 07:02;11/2/2025 08:09;11/2/2025 08:14;11/2/2025 08:53;11/2/2025 09:05;11/2/2025 09:16;11/2/2025 09:20;11/2/2025 10:10;11/2/2025 10:19;11/2/2025 10:33;150;106;19;Devuelto a reproceso;Viscosidad fuera de rango, se envía a reproceso
LOT00921;28/2/2025;Esmalte Sintético Brillante Blanco;BALDE;Noche;28/2/2025 22:15;28/2/2025 22:50;;;28/2/2025 22:57;28/2/2025 23:49;28/2/2025 23:57;1/3/2025 00:20;1/3/2025 00:25;1/3/2025 01:07;1/3/2025 01:10;1/3/2025 01:25;40;39;1;Liberado;Sin observaciones
LOT00922;6/9/2024;Esmalte Antióxido Rojo Óxido;Tambor;Tarde;6/9/2024 14:44;6/9/2024 15:20;6/9/2024 15:32;6/9/2024 15:58;6/9/2024 16:05;6/9/2024 17:25;6/9/2024 17:40;6/9/2024 18:07;6/9/2024 18:17;6/9/2024 18:55;6/9/2024 19:01;6/9/2024 19:20;25;23;1;Aprobado;Rendimiento dentro de lo esperado
LOT00923;11/1/2025;Recubrimiento Poliuretánico para Piso;Tambor;Noche;11/1/2025 22:39;11/1/2025 23:13;11/1/2025 23:28;11/1/2025 23:49;12/1/2025 00:00;12/1/2025 00:42;12/1/2025 00:47;12/1/2025 01:01;12/1/2025 01:14;12/1/2025 01:44;12/1/2025 01:53;12/1/2025 02:27;20;20;1;LIBERADO;OK
LOT00924;26/7/2024;Látex Acrílico Exterior Premium;Galón;Tarde;26/7/2024 14:05;26/7/2024 14:48;26/7/2024 14:54;26/7/2024 15:17;26/7/2024 15:21;26/7/2024 16:36;26/7/2024 16:50;26/7/2024 17:07;26/7/2024 17:11;26/7/2024 18:07;26/7/2024 18:14;26/7/2024 18:39;200;195;2;Liberado;Turno sin incidentes
LOT00925;11/9/2024;Látex Lavable Mate;Galón;Tarde;11/9/2024 14:36;11/9/2024 15:22;;;11/9/2024 15:28;11/9/2024 16:12;11/9/2024 16:14;11/9/2024 16:34;11/9/2024 16:45;11/9/2024 17:28;11/9/2024 17:39;11/9/2024 17:53;100;99;0;Conforme;
LOT00926;31/1/2025;Recubrimiento Vinil-éster para Tanques;Balde;Noche;31/1/2025 22:03;31/1/2025 22:33;31/1/2025 22:35;31/1/2025 23:41;31/1/2025 23:56;1/2/2025 01:05;1/2/2025 01:19;1/2/2025 01:32;1/2/2025 01:40;1/2/2025 02:31;1/2/2025 02:46;1/2/2025 02:58;120;92;8;Ajuste en proceso;Reproceso parcial: se filtró y re-envasó
LOT00927;11/12/2024; Látex Lavable Mate ;Cuñete;Noche;11/12/2024 22:11;11/12/2024 22:50;11/12/2024 22:52;11/12/2024 23:50;11/12/2024 23:58;12/12/2024 01:09;12/12/2024 01:11;12/12/2024 01:30;12/12/2024 01:40;12/12/2024 02:20;12/12/2024 02:27;12/12/2024 03:01;40;38;0;Aprobado;Sin novedad
LOT00928;24/1/2025;Esmalte Alto Tráfico Gris; Galón ;Tarde;24/1/2025 14:07;24/1/2025 14:45;;;24/1/2025 14:55;24/1/2025 15:59;24/1/2025 16:02;24/1/2025 16:17;24/1/2025 16:26;24/1/2025 17:17;24/1/2025 17:32;24/1/2025 18:08;150;143;2;Aprobado;Turno sin incidentes
LOT00929;3/4/2025;Látex Vinílico Interior Blanco;1/4 Galón;Mañana;3/4/2025 06:15;3/4/2025 06:36;;;3/4/2025 06:45;3/4/2025 07:13;3/4/2025 07:26;3/4/2025 07:44;3/4/2025 07:55;3/4/2025 08:44;3/4/2025 08:56;3/4/2025 09:17;200;195;1;Liberado;Sin novedad
LOT00930;15/11/2024;Barniz Catalizado Alto Brillo;Galón;Noche;15/11/2024 22:02;15/11/2024 22:48;;;15/11/2024 22:58;15/11/2024 23:14;15/11/2024 23:20;15/11/2024 23:37;15/11/2024 23:43;16/11/2024 00:09;16/11/2024 00:19;16/11/2024 00:35;100;98;0;Aprobado;
LOT00931;3/5/2025;Barniz Marino Transparente;Balde;Tarde;3/5/2025 14:30;3/5/2025 14:54;3/5/2025 15:02;3/5/2025 16:04;3/5/2025 16:19;3/5/2025 17:37;3/5/2025 17:46;3/5/2025 18:13;3/5/2025 18:26;3/5/2025 19:20;3/5/2025 19:25;3/5/2025 19:39;120;97;7;Ajuste en proceso;Se corrigió fórmula, pendiente segunda aprobación
LOT00932;30/9/2024;Barniz para Madera Brillante;Balde;mañana;30/9/2024 06:23;30/9/2024 07:09;;;30/9/2024 07:16;30/9/2024 07:40;30/9/2024 07:47;30/9/2024 08:13;30/9/2024 08:27;30/9/2024 09:14;30/9/2024 09:24;30/9/2024 09:57;120;118;1;Liberado;Producción normal
LOT00933;22/2/2025;Recubrimiento Epóxico Piso Industrial;Galón;Noche;22/2/2025 22:10;22/2/2025 22:50;22/2/2025 23:02;22/2/2025 23:41;22/2/2025 23:52;23/2/2025 01:02;23/2/2025 01:06;23/2/2025 01:32;23/2/2025 01:36;23/2/2025 02:08;23/2/2025 02:15;23/2/2025 02:27;300;293;0;Liberado;
LOT00934;20/7/2024;Esmalte Martillado Negro;Galón;Tarde;20/7/2024 14:12;20/7/2024 14:47;20/7/2024 14:56;20/7/2024 15:43;20/7/2024 15:51;20/7/2024 17:04;20/7/2024 17:13;20/7/2024 17:36;20/7/2024 17:51;20/7/2024 18:36;20/7/2024 18:48;20/7/2024 19:05;150;116;6;Ajuste en proceso;Se repasó por molienda adicional 20 min
LOT00935;20/7/2024; Recubrimiento Epóxico Piso Industrial ;Tambor;Noche;20/7/2024 22:18;20/7/2024 22:53;20/7/2024 23:01;20/7/2024 23:21;20/7/2024 23:34;20/7/2024 23:55;21/7/2024 00:08;21/7/2024 00:25;21/7/2024 00:30;21/7/2024 00:53;21/7/2024 01:07;21/7/2024 01:33;20;20;0;Aprobado;
LOT00936;21/5/2025;Anticorrosivo Epóxico Industrial;Balde;Mañana;21/5/2025 06:37;21/5/2025 06:53;21/5/2025 06:59;21/5/2025 07:32;21/5/2025 07:37;21/5/2025 07:57;21/5/2025 07:59;21/5/2025 08:25;21/5/2025 08:33;21/5/2025 09:10;21/5/2025 09:12;21/5/2025 09:25;60;60;0;Aprobado;Turno sin incidentes
LOT00937;4/10/2024;Látex Texturizado para Fachadas;Galón;Noche;4/10/2024 22:09;4/10/2024 22:54;4/10/2024 23:03;4/10/2024 23:57;5/10/2024 00:04;5/10/2024 00:24;5/10/2024 00:31;5/10/2024 00:55;5/10/2024 01:00;5/10/2024 01:34;5/10/2024 01:41;5/10/2024 02:03;150;150;0;Conforme;
LOT00938;24/8/2024;Látex Texturizado para Fachadas;Balde;Mañana;24/8/2024 06:40;24/8/2024 07:09;24/8/2024 07:23;24/8/2024 08:05;24/8/2024 08:20;24/8/2024 09:32;24/8/2024 09:38;24/8/2024 09:55;24/8/2024 10:08;24/8/2024 10:55;24/8/2024 10:58;24/8/2024 11:33;100;78;20;Rechazado;Viscosidad fuera de rango, se envía a reproceso
 LOT00939 ;16/5/2025;Sellador de Silicona Neutra;Galón;Mañana;;;;;16/5/2025 06:27;16/5/2025 06:56;16/5/2025 07:03;16/5/2025 07:27;16/5/2025 07:39;16/5/2025 07:56;16/5/2025 07:58;16/5/2025 08:35;250;245;0;Liberado;Rendimiento dentro de lo esperado
LOT00940;5/12/2024;Látex Lavable Mate;Galón;Tarde;5/12/2024 14:26;5/12/2024 15:11;;;5/12/2024 15:16;5/12/2024 15:35;5/12/2024 15:48;5/12/2024 16:18;5/12/2024 16:21;5/12/2024 16:59;5/12/2024 17:06;5/12/2024 17:34;200;192;0;OK;
LOT00941;15/2/2025;Fondo Anticorrosivo Gris;Cuñete;Mañana;15/2/2025 06:44;15/2/2025 07:18;15/2/2025 07:33;15/2/2025 08:05;15/2/2025 08:17;15/2/2025 08:38;15/2/2025 08:43;15/2/2025 08:56;15/2/2025 09:10;15/2/2025 09:53;15/2/2025 09:59;15/2/2025 10:24;60;59;0;Aprobado;
LOT00942;29/4/2025;Esmalte al Agua Satinado;Cuñete;Tarde;29/4/2025 14:26;29/4/2025 15:02;29/4/2025 15:09;29/4/2025 15:42;29/4/2025 15:54;29/4/2025 16:51;29/4/2025 16:59;29/4/2025 17:23;29/4/2025 17:29;29/4/2025 18:26;29/4/2025 18:34;29/4/2025 19:03;100;96;0;OK;Sin observaciones
LOT00943;5/2/2025;Recubrimiento Epóxico Piso Industrial;Cuñete;Tarde;5/2/2025 14:12;5/2/2025 14:46;5/2/2025 14:54;5/2/2025 15:58;5/2/2025 16:00;5/2/2025 16:59;5/2/2025 17:08;5/2/2025 17:18;5/2/2025 17:32;5/2/2025 18:23;5/2/2025 18:35;5/2/2025 18:47;100;97;1;Liberado;
LOT00944;21/11/2024;Anticorrosivo Marino Bicomponente;Tambor;Noche;21/11/2024 22:06;21/11/2024 22:37;21/11/2024 22:40;21/11/2024 23:06;21/11/2024 23:14;21/11/2024 23:51;22/11/2024 00:01;22/11/2024 00:12;22/11/2024 00:16;22/11/2024 00:32;22/11/2024 00:44;22/11/2024 01:18;30;16;2;Rechazado;Densidad fuera de especificación
LOT00945;4/7/2024;Esmalte Antióxido Rojo Óxido;Cuñete;Mañana;4/7/2024 06:01;4/7/2024 06:18;4/7/2024 06:25;4/7/2024 06:50;4/7/2024 07:02;4/7/2024 07:49;4/7/2024 07:54;4/7/2024 08:23;4/7/2024 08:37;4/7/2024 09:10;4/7/2024 09:12;4/7/2024 09:32;60;58;1; Liberado ;Producción normal
LOT00946;3/7/2024;Recubrimiento Vinil-éster para Tanques;Tambor;Tarde;3/7/2024 14:13;3/7/2024 14:29;3/7/2024 14:35;3/7/2024 15:29;3/7/2024 15:36;3/7/2024 15:51;3/7/2024 16:00;3/7/2024 16:27;3/7/2024 16:30;3/7/2024 17:30;3/7/2024 17:35;3/7/2024 18:15;25;24;0;OK;
LOT00947;19/6/2025;Barniz Marino Poliuretánico;BALDE;Mañana;19/6/2025 06:44;19/6/2025 07:09;;;19/6/2025 07:22;19/6/2025 07:53;19/6/2025 08:00;19/6/2025 08:17;19/6/2025 08:20;19/6/2025 08:59;19/6/2025 09:06;19/6/2025 09:39;80;78;0;Liberado; turno sin incidentes 
LOT00948;5/8/2024;Sellador Acrílico para Techos;Balde;Mañana;;;;;5/8/2024 06:47;5/8/2024 07:43;5/8/2024 07:56;5/8/2024 08:25;5/8/2024 08:32;5/8/2024 09:28;5/8/2024 09:33;5/8/2024 09:57;40;28;1;En reproceso;Se corrigió fórmula, pendiente segunda aprobación
LOT00949;29/1/2025;Barniz Marino Transparente;1/4 Galón;Mañana;29/1/2025 06:19;29/1/2025 07:02;29/1/2025 07:17;29/1/2025 08:00;29/1/2025 08:02;29/1/2025 08:27;29/1/2025 08:41;29/1/2025 09:01;29/1/2025 09:16;29/1/2025 09:31;29/1/2025 09:43;29/1/2025 10:22;400;379;1;Conforme;Sin observaciones
LOT00950;11/11/2024;Anticorrosivo Base Zinc Inorgánico;Balde;Tarde;11/11/2024 14:30;11/11/2024 14:52;11/11/2024 14:56;11/11/2024 15:34;11/11/2024 15:42;11/11/2024 16:55;11/11/2024 17:08;11/11/2024 17:29;11/11/2024 17:40;11/11/2024 18:07;11/11/2024 18:13;11/11/2024 18:42;120;119;0;Liberado;Producción normal
LOT00951;8/4/2025;Sellador de Silicona Neutra;Balde;Noche;8/4/2025 22:00;8/4/2025 22:35;;;8/4/2025 22:46;9/4/2025 00:02;9/4/2025 00:15;9/4/2025 00:29;9/4/2025 00:40;9/4/2025 01:26;9/4/2025 01:41;9/4/2025 01:51;100;99;0;Conforme;Sin observaciones
LOT00952;18/9/2024;Sellador Acrílico para Fisuras;Balde;Tarde;18/9/2024 14:38;18/9/2024 14:57;;;18/9/2024 15:03;18/9/2024 15:40;18/9/2024 15:45;18/9/2024 15:58;18/9/2024 16:11;18/9/2024 16:46;18/9/2024 16:58;18/9/2024 17:10;80;78;0;Liberado;Sin novedad
 LOT00953 ;22/4/2025;Látex Lavable Mate;Cuñete;Noche;22/4/2025 22:08;22/4/2025 22:47;;;22/4/2025 22:52;22/4/2025 23:27;22/4/2025 23:34;23/4/2025 00:04;23/4/2025 00:16;23/4/2025 00:45;23/4/2025 00:53;23/4/2025 01:12;100;84;6;En reproceso;Se repasó por molienda adicional 20 min
LOT00954;13/3/2025;Esmalte Sintético Brillante Blanco;Balde;Noche;13/3/2025 22:13;13/3/2025 22:47;13/3/2025 22:57;13/3/2025 23:24;13/3/2025 23:38;14/3/2025 00:35;14/3/2025 00:47;14/3/2025 01:16;14/3/2025 01:20;14/3/2025 02:20;14/3/2025 02:35;14/3/2025 03:07;120;116;0;Aprobado;
LOT00955;27/8/2024;Látex Lavable Mate;Balde; Noche ;27/8/2024 22:31;27/8/2024 23:00;27/8/2024 23:10;28/8/2024 00:02;28/8/2024 00:10;28/8/2024 01:19;28/8/2024 01:25;28/8/2024 01:42;28/8/2024 01:44;28/8/2024 02:22;28/8/2024 02:30;28/8/2024 02:43;120;66;16;Devuelto a reproceso;Viscosidad fuera de rango, se envía a reproceso
LOT00956;23/7/2024;RECUBRIMIENTO POLIURETÁNICO UV;Cuñete;Mañana;23/7/2024 06:25;23/7/2024 07:00;23/7/2024 07:14;23/7/2024 07:42;23/7/2024 07:48;23/7/2024 09:06;23/7/2024 09:11;23/7/2024 09:26;23/7/2024 09:31;23/7/2024 10:13;23/7/2024 10:22;23/7/2024 10:54;100;97;0;Liberado;Producción normal
LOT00957;23/5/2025;SELLADOR ACRÍLICO PARA TECHOS;Balde;Tarde;23/5/2025 14:34;23/5/2025 14:50;;;23/5/2025 15:03;23/5/2025 15:40;23/5/2025 15:48;23/5/2025 15:59;23/5/2025 16:01;23/5/2025 16:37;23/5/2025 16:49;23/5/2025 17:15;80;76;2;Aprobado;Sin novedad
LOT00958;19/4/2025;Látex Texturizado para Fachadas;1/4 Galón;mañana;19/4/2025 06:26;19/4/2025 07:09;19/4/2025 07:15;19/4/2025 08:16;19/4/2025 08:19;19/4/2025 09:04;19/4/2025 09:06;19/4/2025 09:35;19/4/2025 09:50;19/4/2025 10:37;19/4/2025 10:49;19/4/2025 11:04;600;510;32;Ajuste en proceso;Reproceso parcial: se filtró y re-envasó
LOT00959;3/7/2024;Recubrimiento Epóxico Alto Sólido;Tambor;Noche;3/7/2024 22:18;3/7/2024 22:57;3/7/2024 23:03;3/7/2024 23:25;3/7/2024 23:37;4/7/2024 00:00;4/7/2024 00:11;4/7/2024 00:39;4/7/2024 00:47;4/7/2024 01:31;4/7/2024 01:43;4/7/2024 02:06;10;10;0;Aprobado;Turno sin incidentes
LOT00960;4/6/2025;Esmalte Alto Tráfico Gris;Galón;Tarde;4/6/2025 14:19;4/6/2025 15:06;4/6/2025 15:12;4/6/2025 16:10;4/6/2025 16:13;4/6/2025 16:57;4/6/2025 17:07;4/6/2025 17:21;4/6/2025 17:28;4/6/2025 17:54;4/6/2025 18:03;4/6/2025 18:21;100;95;0;Conforme;Sin novedad
LOT00961;28/3/2025;Barniz Marino Transparente;Balde;Noche;28/3/2025 22:10;28/3/2025 22:45;;;28/3/2025 22:53;28/3/2025 23:58;29/3/2025 00:05;29/3/2025 00:31;29/3/2025 00:44;29/3/2025 01:35;29/3/2025 01:47;29/3/2025 02:00;60;56;0;Conforme; producción normal 
LOT00962;22/11/2024;Sellador de Silicona Neutra;GALÓN;Mañana;22/11/2024 06:04;22/11/2024 06:49;22/11/2024 07:03;22/11/2024 07:58;22/11/2024 08:10;22/11/2024 08:45;22/11/2024 08:59;22/11/2024 09:19;22/11/2024 09:34;22/11/2024 09:54;22/11/2024 10:08;22/11/2024 10:31;250;244;0;Conforme;
LOT00963;29/4/2025;Esmalte Martillado Negro;Galón;Mañana;29/4/2025 06:39;29/4/2025 07:11;29/4/2025 07:16;29/4/2025 08:06;29/4/2025 08:13;29/4/2025 09:25;29/4/2025 09:31;29/4/2025 10:00;29/4/2025 10:15;29/4/2025 10:51;29/4/2025 10:57;29/4/2025 11:30;100;99;0;OK;Sin novedad
LOT00964;26/10/2024;Barniz Catalizado Alto Brillo;Balde;Mañana;26/10/2024 06:01;26/10/2024 06:28;26/10/2024 06:41;26/10/2024 07:47;26/10/2024 07:56;26/10/2024 08:51;26/10/2024 08:55;26/10/2024 09:09;26/10/2024 09:13;26/10/2024 10:09;26/10/2024 10:13;26/10/2024 10:25;80;79;0;OK;Turno sin incidentes
LOT00965;4/3/2025;Recubrimiento Epóxico Alto Sólido;Galón;Mañana;4/3/2025 06:17;4/3/2025 06:50;4/3/2025 06:56;4/3/2025 08:04;4/3/2025 08:06;4/3/2025 09:18;4/3/2025 09:28;4/3/2025 09:56;4/3/2025 09:59;4/3/2025 10:19;4/3/2025 10:31;4/3/2025 10:58;150;146;0;Conforme;OK
LOT00966;25/10/2024;Sellador Acrílico para Techos;Tambor;Noche;25/10/2024 22:16;25/10/2024 22:44;25/10/2024 22:46;25/10/2024 23:54;25/10/2024 23:58;26/10/2024 01:03;26/10/2024 01:18;26/10/2024 01:44;26/10/2024 01:50;26/10/2024 02:05;26/10/2024 02:08;26/10/2024 02:21;10;9;0;OK;OK
LOT00967;9/7/2024;Sellador Acrílico para Fisuras;1/4 Galón;Mañana;9/7/2024 06:28;9/7/2024 06:49;;;9/7/2024 07:03;9/7/2024 07:58;9/7/2024 08:06;9/7/2024 08:35;9/7/2024 08:39;9/7/2024 09:34;9/7/2024 09:42;9/7/2024 10:02;500;483;0;Aprobado;Turno sin incidentes
LOT00968;27/9/2024;Sellador de Silicona Neutra;Cuñete;Tarde;;;;;27/9/2024 14:22;27/9/2024 15:00;27/9/2024 15:05;27/9/2024 15:32;27/9/2024 15:38;27/9/2024 16:33;27/9/2024 16:41;27/9/2024 16:52;80;77;0;Aprobado;
LOT00969;28/1/2025;Recubrimiento Poliuretánico UV;Cuñete;Mañana;28/1/2025 06:09;28/1/2025 06:32;28/1/2025 06:46;28/1/2025 07:41;28/1/2025 07:48;28/1/2025 08:26;28/1/2025 08:30;28/1/2025 08:42;28/1/2025 08:54;28/1/2025 09:41;28/1/2025 09:47;28/1/2025 10:03;40;38;1;Liberado;Sin observaciones
LOT00970;23/12/2024;Sellador Acrílico para Techos;Balde;Mañana;23/12/2024 06:00;23/12/2024 06:40;;;23/12/2024 06:55;23/12/2024 08:12;23/12/2024 08:22;23/12/2024 08:48;23/12/2024 09:03;23/12/2024 09:21;23/12/2024 09:26;23/12/2024 10:01;100;95;0;Aprobado;Producción normal
 LOT00971 ;11/10/2024; Recubrimiento Vinil-éster para Tanques ;Tambor;Tarde;11/10/2024 14:08;11/10/2024 14:31;11/10/2024 14:36;11/10/2024 15:22;11/10/2024 15:32;11/10/2024 15:47;11/10/2024 15:56;11/10/2024 16:16;11/10/2024 16:20;11/10/2024 17:00;11/10/2024 17:11;11/10/2024 17:49;30;30;0;Aprobado;
 LOT00972 ;14/4/2025;Sellador Poliuretánico para Juntas;Galón;Mañana;14/4/2025 06:39;14/4/2025 07:23;;;14/4/2025 07:37;14/4/2025 08:03;14/4/2025 08:08;14/4/2025 08:30;14/4/2025 08:38;14/4/2025 09:09;14/4/2025 09:23;14/4/2025 09:43;150;148;1;Aprobado;Rendimiento dentro de lo esperado
lot00973;26/4/2025;Recubrimiento Vinil-éster para Tanques;Cuñete;Mañana;26/4/2025 06:26;26/4/2025 06:58;26/4/2025 07:00;26/4/2025 08:00;26/4/2025 08:04;26/4/2025 08:32;26/4/2025 08:34;26/4/2025 08:59;26/4/2025 09:01;26/4/2025 09:48;26/4/2025 09:57;26/4/2025 10:32;100;95;0;Aprobado;Sin observaciones
LOT00974;28/4/2025;Látex Texturizado para Fachadas;Balde;Mañana;28/4/2025 06:00;28/4/2025 06:40;28/4/2025 06:54;28/4/2025 07:54;28/4/2025 07:59;28/4/2025 08:44;28/4/2025 08:59;28/4/2025 09:16;28/4/2025 09:24;28/4/2025 09:49;28/4/2025 10:01;28/4/2025 10:19;80;78;0;Aprobado;Lote conforme a especificaciones
LOT00975;28/6/2025;Recubrimiento Epóxico Piso Industrial;Tambor;Tarde;28/6/2025 14:38;28/6/2025 14:59;28/6/2025 15:04;28/6/2025 15:58;28/6/2025 16:00;28/6/2025 17:18;28/6/2025 17:31;28/6/2025 17:55;28/6/2025 18:09;28/6/2025 19:06;28/6/2025 19:20;28/6/2025 19:55;30;28;0;OK;Lote conforme a especificaciones
LOT00976;3/8/2024;ANTICORROSIVO EPÓXICO INDUSTRIAL;Tambor;Noche;3/8/2024 22:03;3/8/2024 22:45;3/8/2024 22:47;3/8/2024 23:38;3/8/2024 23:42;4/8/2024 00:58;4/8/2024 01:07;4/8/2024 01:23;4/8/2024 01:33;4/8/2024 02:13;4/8/2024 02:25;4/8/2024 02:49;25;24;1;Conforme;
LOT00977;14/11/2024;Esmalte Martillado Negro;Galón;Tarde;14/11/2024 14:01;14/11/2024 14:25;14/11/2024 14:36;14/11/2024 15:16;14/11/2024 15:26;14/11/2024 16:25;14/11/2024 16:28;14/11/2024 16:46;14/11/2024 16:53;14/11/2024 17:17;14/11/2024 17:24;14/11/2024 17:39;150;148;0;LIBERADO;Turno sin incidentes
LOT00978;13/11/2024;Esmalte Alto Tráfico Gris;Tambor;Mañana;13/11/2024 06:31;13/11/2024 07:19;13/11/2024 07:22;13/11/2024 08:00;13/11/2024 08:14;13/11/2024 09:15;13/11/2024 09:17;13/11/2024 09:33;13/11/2024 09:47;13/11/2024 10:23;13/11/2024 10:37;13/11/2024 11:09;30;29;0;Aprobado;
LOT00979;12/8/2024;Recubrimiento Vinil-éster para Tanques;Balde;mañana;12/8/2024 06:01;12/8/2024 06:16;12/8/2024 06:30;12/8/2024 07:21;12/8/2024 07:26;12/8/2024 08:39;12/8/2024 08:42;12/8/2024 08:58;12/8/2024 09:00;12/8/2024 09:31;12/8/2024 09:46;12/8/2024 10:18;120;116;1;OK;Lote conforme a especificaciones
LOT00980;6/8/2024;Sellador Acrílico para Techos;Cuñete;Noche;6/8/2024 22:40;6/8/2024 23:18;;;6/8/2024 23:21;6/8/2024 23:52;7/8/2024 00:07;7/8/2024 00:27;7/8/2024 00:30;7/8/2024 01:27;7/8/2024 01:40;7/8/2024 02:13;40;39;0;OK;Producción normal
LOT00981;3/4/2025;Barniz Catalizado Alto Brillo;Tambor;Tarde;3/4/2025 14:26;3/4/2025 15:16;;;3/4/2025 15:22;3/4/2025 15:52;3/4/2025 15:56;3/4/2025 16:13;3/4/2025 16:23;3/4/2025 17:20;3/4/2025 17:25;3/4/2025 17:52;25;21;2;Reproceso parcial;Reproceso parcial: se filtró y re-envasó
LOT00982;13/3/2025;Látex Antihongos para Baños;Balde;Mañana;13/3/2025 06:26;13/3/2025 07:10;13/3/2025 07:13;13/3/2025 07:59;13/3/2025 08:08;13/3/2025 09:27;13/3/2025 09:37;13/3/2025 10:06;13/3/2025 10:21;13/3/2025 10:36;13/3/2025 10:43;13/3/2025 11:02;100;97;0;OK;
LOT00983;30/8/2024;Sellador de Silicona Neutra;Balde;Noche;30/8/2024 22:45;30/8/2024 23:27;30/8/2024 23:38;31/8/2024 00:03;31/8/2024 00:14;31/8/2024 00:29;31/8/2024 00:44;31/8/2024 01:13;31/8/2024 01:15;31/8/2024 01:36;31/8/2024 01:45;31/8/2024 02:12;100;99;0;Aprobado;Sin observaciones
LOT00984;24/8/2024;Sellador Poliuretánico para Juntas;Balde;Noche;24/8/2024 22:19;24/8/2024 22:56;;;24/8/2024 22:59;24/8/2024 23:30;24/8/2024 23:32;25/8/2024 00:02;25/8/2024 00:11;25/8/2024 01:00;25/8/2024 01:10;25/8/2024 01:49;120;118;0;Liberado;OK
LOT00985;19/3/2025;Látex Lavable Mate;Balde;Mañana;19/3/2025 06:18;19/3/2025 06:45;;;19/3/2025 07:00;19/3/2025 07:35;19/3/2025 07:44;19/3/2025 07:55;19/3/2025 08:06;19/3/2025 09:05;19/3/2025 09:08;19/3/2025 09:22;80;76;0;Aprobado;Lote conforme a especificaciones
 LOT00986 ;15/3/2025;Recubrimiento Vinil-éster para Tanques;Cuñete; Noche ;15/3/2025 22:33;15/3/2025 22:56;15/3/2025 23:10;15/3/2025 23:53;15/3/2025 23:56;16/3/2025 00:35;16/3/2025 00:42;16/3/2025 00:58;16/3/2025 01:03;16/3/2025 01:28;16/3/2025 01:36;16/3/2025 01:48;60;58;0;Aprobado;
LOT00987;2/8/2024;Recubrimiento Epóxico Piso Industrial;Cuñete;Tarde;2/8/2024 14:45;2/8/2024 15:28;2/8/2024 15:40;2/8/2024 16:31;2/8/2024 16:33;2/8/2024 17:33;2/8/2024 17:47;2/8/2024 18:03;2/8/2024 18:09;2/8/2024 18:56;2/8/2024 19:09;2/8/2024 19:26;120;118;1;OK;
LOT00988;1/3/2025;Sellador Acrílico para Fisuras;Cuñete;Mañana;1/3/2025 06:31;1/3/2025 06:50;;;1/3/2025 06:52;1/3/2025 07:20;1/3/2025 07:34;1/3/2025 07:54;1/3/2025 08:03;1/3/2025 08:39;1/3/2025 08:41;1/3/2025 09:13;80;77;0;Conforme;Sin novedad
LOT00989;2/9/2024;Látex Vinílico Interior Blanco;Galón;Tarde;2/9/2024 14:24;2/9/2024 14:58;;;2/9/2024 15:04;2/9/2024 16:10;2/9/2024 16:22;2/9/2024 16:38;2/9/2024 16:42;2/9/2024 17:36;2/9/2024 17:41;2/9/2024 18:02;200;191;2;Conforme;
LOT00990;1/5/2025;Sellador Acrílico para Techos;Galón;Mañana;1/5/2025 06:10;1/5/2025 06:57;;;1/5/2025 07:03;1/5/2025 08:03;1/5/2025 08:05;1/5/2025 08:34;1/5/2025 08:47;1/5/2025 09:22;1/5/2025 09:29;1/5/2025 09:41;250;242;0;Aprobado;Rendimiento dentro de lo esperado
LOT00991;18/1/2025;Barniz Marino Poliuretánico;Cuñete;Tarde;18/1/2025 14:00;18/1/2025 14:19;18/1/2025 14:29;18/1/2025 15:01;18/1/2025 15:07;18/1/2025 15:26;18/1/2025 15:37;18/1/2025 16:02;18/1/2025 16:09;18/1/2025 16:48;18/1/2025 16:59;18/1/2025 17:30;120;117;0;Conforme;Sin novedad
LOT00992;16/8/2024;ANTICORROSIVO BASE ZINC INORGÁNICO;Cuñete;Noche;16/8/2024 22:22;16/8/2024 23:06;16/8/2024 23:12;17/8/2024 00:03;17/8/2024 00:12;17/8/2024 00:46;17/8/2024 00:54;17/8/2024 01:17;17/8/2024 01:28;17/8/2024 02:18;17/8/2024 02:31;17/8/2024 02:52;40;39;0; conforme ;Producción normal
LOT00993;21/6/2025;Sellador de Silicona Neutra;Cuñete;Noche;21/6/2025 22:36;21/6/2025 23:11;;;21/6/2025 23:22;22/6/2025 00:14;22/6/2025 00:16;22/6/2025 00:43;22/6/2025 00:51;22/6/2025 01:21;22/6/2025 01:25;22/6/2025 01:35;40;19;6;devuelto a reproceso;Color no coincide con muestra patrón
LOT00994;11/11/2024;Fondo Anticorrosivo Gris;Cuñete;Mañana;11/11/2024 06:13;11/11/2024 07:02;11/11/2024 07:12;11/11/2024 07:36;11/11/2024 07:51;11/11/2024 08:07;11/11/2024 08:17;11/11/2024 08:39;11/11/2024 08:47;11/11/2024 09:16;11/11/2024 09:18;11/11/2024 09:41;40;39;2;Aprobado;
LOT00995;18/11/2024;Barniz Catalizado Alto Brillo;Galón;Tarde;18/11/2024 14:14;18/11/2024 15:01;18/11/2024 15:05;18/11/2024 15:55;18/11/2024 16:06;18/11/2024 16:37;18/11/2024 16:47;18/11/2024 17:06;18/11/2024 17:21;18/11/2024 17:43;18/11/2024 17:52;18/11/2024 18:22;150;104;9;En reproceso;Se corrigió fórmula, pendiente segunda aprobación
LOT00996;5/12/2024;Recubrimiento Epóxico Piso Industrial;Cuñete;Noche;5/12/2024 22:31;5/12/2024 22:58;5/12/2024 23:06;5/12/2024 23:47;5/12/2024 23:51;6/12/2024 00:33;6/12/2024 00:35;6/12/2024 00:47;6/12/2024 00:58;6/12/2024 01:43;6/12/2024 01:50;6/12/2024 02:10;40;37;0;Aprobado;Producción normal
LOT00997;20/1/2025;Anticorrosivo Epóxico Industrial;Tambor;Tarde;20/1/2025 14:03;20/1/2025 14:43;20/1/2025 14:55;20/1/2025 15:40;20/1/2025 15:45;20/1/2025 16:14;20/1/2025 16:20;20/1/2025 16:41;20/1/2025 16:43;20/1/2025 17:04;20/1/2025 17:07;20/1/2025 17:29;25;23;0;Liberado;Turno sin incidentes
LOT00998;9/12/2024;Recubrimiento Poliuretánico UV;Cuñete;Tarde;9/12/2024 14:30;9/12/2024 14:49;9/12/2024 14:54;9/12/2024 15:36;9/12/2024 15:44;9/12/2024 16:42;9/12/2024 16:56;9/12/2024 17:06;9/12/2024 17:12;9/12/2024 17:32;9/12/2024 17:38;9/12/2024 18:03;40;38;0;Aprobado;Lote conforme a especificaciones
LOT00999;1/4/2025;Recubrimiento Poliuretánico UV;Cuñete;Mañana;1/4/2025 06:25;1/4/2025 06:59;1/4/2025 07:07;1/4/2025 08:10;1/4/2025 08:14;1/4/2025 08:59;1/4/2025 09:02;1/4/2025 09:30;1/4/2025 09:42;1/4/2025 10:12;1/4/2025 10:20;1/4/2025 10:30;100;98;0;Aprobado;Sin observaciones
LOT01000;14/2/2025;Barniz Marino Transparente;Cuñete;Mañana;;;;;14/2/2025 06:11;14/2/2025 06:45;14/2/2025 06:58;14/2/2025 07:13;14/2/2025 07:24;14/2/2025 07:40;14/2/2025 07:46;14/2/2025 08:01;60;51;2;En reproceso;Reproceso parcial: se filtró y re-envasó
LOT01001;28/4/2025;Recubrimiento Epóxico Piso Industrial;Tambor; Tarde ;28/4/2025 14:11;28/4/2025 14:46;28/4/2025 15:00;28/4/2025 15:37;28/4/2025 15:41;28/4/2025 15:57;28/4/2025 16:10;28/4/2025 16:28;28/4/2025 16:36;28/4/2025 17:23;28/4/2025 17:28;28/4/2025 17:42;15;14;0;aprobado;Lote conforme a especificaciones
LOT01002;2/1/2025;Barniz para Madera Brillante;Balde;Tarde;2/1/2025 14:02;2/1/2025 14:34;;;2/1/2025 14:36;2/1/2025 15:35;2/1/2025 15:42;2/1/2025 16:07;2/1/2025 16:13;2/1/2025 16:45;2/1/2025 16:50;2/1/2025 17:12;80;46;12; Rechazado ;pH alto, se requiere ajuste con ácido
LOT01003;2/4/2025;Esmalte Antióxido Rojo Óxido;1/4 Galón;Noche;2/4/2025 22:02;2/4/2025 22:33;2/4/2025 22:38;2/4/2025 23:14;2/4/2025 23:19;3/4/2025 00:00;3/4/2025 00:10;3/4/2025 00:36;3/4/2025 00:41;3/4/2025 01:16;3/4/2025 01:19;3/4/2025 01:45;300;247;7;Reproceso parcial;pH bajo, se adicionó amoniaco hasta rango
LOT01004;7/8/2024;Látex Acrílico Exterior Premium;Cuñete;Tarde;7/8/2024 14:20;7/8/2024 14:43;7/8/2024 14:46;7/8/2024 15:35;7/8/2024 15:49;7/8/2024 16:45;7/8/2024 16:59;7/8/2024 17:12;7/8/2024 17:18;7/8/2024 18:13;7/8/2024 18:22;7/8/2024 18:39;40;40;1;OK;Sin novedad
lot01005;15/3/2025;Sellador Acrílico para Fisuras;Galón;Tarde;15/3/2025 14:33;15/3/2025 15:08;;;15/3/2025 15:16;15/3/2025 16:10;15/3/2025 16:15;15/3/2025 16:37;15/3/2025 16:40;15/3/2025 17:29;15/3/2025 17:42;15/3/2025 17:53;200;190;0;Conforme;
LOT01006;21/3/2025;Barniz Marino Poliuretánico;1/4 Galón;Tarde;21/3/2025 14:21;21/3/2025 15:10;;;21/3/2025 15:25;21/3/2025 16:41;21/3/2025 16:49;21/3/2025 17:02;21/3/2025 17:09;21/3/2025 18:02;21/3/2025 18:16;21/3/2025 18:50;400;398;0;Aprobado;Rendimiento dentro de lo esperado
LOT01007;26/6/2025;Látex Acrílico Exterior Premium;Cuñete;Tarde;26/6/2025 14:07;26/6/2025 14:28;26/6/2025 14:41;26/6/2025 15:26;26/6/2025 15:31;26/6/2025 16:03;26/6/2025 16:18;26/6/2025 16:38;26/6/2025 16:43;26/6/2025 17:05;26/6/2025 17:07;26/6/2025 17:23;60;59;0;OK;
LOT01008;18/9/2024;Anticorrosivo Epóxico Industrial;Tambor;Noche;18/9/2024 22:25;18/9/2024 22:42;18/9/2024 22:52;18/9/2024 23:57;19/9/2024 00:04;19/9/2024 00:41;19/9/2024 00:48;19/9/2024 01:08;19/9/2024 01:10;19/9/2024 01:55;19/9/2024 02:05;19/9/2024 02:26;25;24;0;Conforme;
LOT01009;7/11/2024;Recubrimiento Poliuretánico UV;Galón;Noche;7/11/2024 22:16;7/11/2024 23:00;7/11/2024 23:05;7/11/2024 23:56;8/11/2024 00:10;8/11/2024 01:29;8/11/2024 01:42;8/11/2024 02:10;8/11/2024 02:17;8/11/2024 03:08;8/11/2024 03:18;8/11/2024 03:37;300;236;20;Reproceso parcial;pH bajo, se adicionó amoniaco hasta rango
LOT01010;19/9/2024;Esmalte Alto Tráfico Gris;tambor;Mañana;19/9/2024 06:15;19/9/2024 06:34;19/9/2024 06:48;19/9/2024 07:47;19/9/2024 07:51;19/9/2024 08:42;19/9/2024 08:48;19/9/2024 09:03;19/9/2024 09:15;19/9/2024 10:12;19/9/2024 10:14;19/9/2024 10:31;30;30;0;Aprobado;Turno sin incidentes
LOT01011;14/1/2025;Látex Vinílico Interior Blanco;Galón;Mañana;14/1/2025 06:01;14/1/2025 06:45;14/1/2025 06:57;14/1/2025 07:20;14/1/2025 07:32;14/1/2025 08:26;14/1/2025 08:39;14/1/2025 08:52;14/1/2025 09:02;14/1/2025 09:36;14/1/2025 09:49;14/1/2025 10:04;300;297;0;Aprobado;
LOT01012;13/1/2025;Sellador Poliuretánico para Juntas;Galón;Tarde;;;13/1/2025 14:15;13/1/2025 14:51;13/1/2025 15:01;13/1/2025 16:03;13/1/2025 16:12;13/1/2025 16:25;13/1/2025 16:36;13/1/2025 17:25;13/1/2025 17:36;13/1/2025 18:16;300;289;0;Liberado;Producción normal
LOT01013;8/4/2025;Recubrimiento Epóxico Piso Industrial;Galón;Tarde;8/4/2025 14:09;8/4/2025 14:43;8/4/2025 14:54;8/4/2025 15:59;8/4/2025 16:05;8/4/2025 16:27;8/4/2025 16:35;8/4/2025 16:54;8/4/2025 17:02;8/4/2025 17:52;8/4/2025 17:58;8/4/2025 18:30;300;289;0;OK;Lote conforme a especificaciones
LOT01014;20/11/2024;Esmalte Sintético Brillante Blanco;Galón;Mañana;20/11/2024 06:42;20/11/2024 07:26;20/11/2024 07:34;20/11/2024 08:07;20/11/2024 08:19;20/11/2024 09:21;20/11/2024 09:29;20/11/2024 09:53;20/11/2024 10:00;20/11/2024 10:45;20/11/2024 10:56;20/11/2024 11:25;100;97;0;Aprobado;
LOT01015;28/6/2025;Esmalte Sintético Brillante Blanco;Tambor;Tarde;28/6/2025 14:18;28/6/2025 14:47;28/6/2025 14:50;28/6/2025 15:14;28/6/2025 15:25;28/6/2025 15:43;28/6/2025 15:51;28/6/2025 16:04;28/6/2025 16:13;28/6/2025 16:37;28/6/2025 16:52;28/6/2025 17:21;25;14;2;Devuelto a reproceso;pH alto, se requiere ajuste con ácido
LOT01016;12/10/2024;Barniz Marino Poliuretánico;balde;Tarde;;;;;12/10/2024 14:46;12/10/2024 15:32;12/10/2024 15:40;12/10/2024 16:05;12/10/2024 16:08;12/10/2024 17:05;12/10/2024 17:10;12/10/2024 17:31;120;118;0;Liberado;Sin novedad
 LOT01017 ;27/2/2025;Barniz para Madera Brillante;Galón;Noche;;;;;27/2/2025 22:53;27/2/2025 23:53;28/2/2025 00:02;28/2/2025 00:18;28/2/2025 00:25;28/2/2025 00:47;28/2/2025 01:00;28/2/2025 01:38;250;238;0;Aprobado;Rendimiento dentro de lo esperado
LOT01018;25/6/2025;Sellador Poliuretánico para Juntas;Balde;Mañana;;;;;25/6/2025 06:17;25/6/2025 06:49;25/6/2025 07:01;25/6/2025 07:18;25/6/2025 07:26;25/6/2025 07:46;25/6/2025 07:57;25/6/2025 08:37;60;59;2;LIBERADO;Rendimiento dentro de lo esperado
LOT01019;19/3/2025;Recubrimiento Poliuretánico para Piso;Cuñete;Tarde;19/3/2025 14:26;19/3/2025 14:41;19/3/2025 14:45;19/3/2025 15:32;19/3/2025 15:46;19/3/2025 16:16;19/3/2025 16:29;19/3/2025 16:47;19/3/2025 17:02;19/3/2025 17:44;19/3/2025 17:58;19/3/2025 18:12;40;39;0;Conforme;Producción normal
LOT01020;30/6/2025;Esmalte Alto Tráfico Gris;Balde;Tarde;30/6/2025 14:06;30/6/2025 14:41;;;30/6/2025 14:44;30/6/2025 15:22;30/6/2025 15:27;30/6/2025 15:49;30/6/2025 16:04;30/6/2025 16:48;30/6/2025 16:57;30/6/2025 17:33;120;119;0;Liberado;
LOT01021;23/8/2024;Recubrimiento Poliuretánico para Piso;Tambor;Tarde;23/8/2024 14:35;23/8/2024 15:11;23/8/2024 15:24;23/8/2024 15:48;23/8/2024 15:52;23/8/2024 16:17;23/8/2024 16:32;23/8/2024 16:48;23/8/2024 16:53;23/8/2024 17:18;23/8/2024 17:30;23/8/2024 18:09;30;13;5; Rechazado ;Envase defectuoso en línea de envasado
LOT01022;20/5/2025;Recubrimiento Vinil-éster para Tanques;1/4 Galón;noche;20/5/2025 22:19;20/5/2025 22:40;20/5/2025 22:46;20/5/2025 23:18;20/5/2025 23:31;21/5/2025 00:31;21/5/2025 00:39;21/5/2025 01:00;21/5/2025 01:13;21/5/2025 01:46;21/5/2025 01:49;21/5/2025 02:06;500;479;0;OK;
LOT01023;21/11/2024;Barniz Marino Poliuretánico;Galón;Noche;21/11/2024 22:33;21/11/2024 23:14;;;21/11/2024 23:17;21/11/2024 23:45;21/11/2024 23:47;22/11/2024 00:12;22/11/2024 00:19;22/11/2024 00:53;22/11/2024 01:02;22/11/2024 01:21;300;165;25;No conforme;Contaminación detectada, lote aislado
LOT01024;31/7/2024;Fondo Anticorrosivo Gris;Galón;Mañana;31/7/2024 06:20;31/7/2024 06:54;31/7/2024 07:04;31/7/2024 07:50;31/7/2024 08:02;31/7/2024 09:11;31/7/2024 09:23;31/7/2024 09:39;31/7/2024 09:54;31/7/2024 10:48;31/7/2024 10:59;31/7/2024 11:13;100;98;0;Conforme;
LOT01025;2/1/2025;Esmalte Antióxido Rojo Óxido;Galón;Noche;2/1/2025 22:32;2/1/2025 23:01;2/1/2025 23:13;2/1/2025 23:51;3/1/2025 00:04;3/1/2025 00:49;3/1/2025 00:52;3/1/2025 01:17;3/1/2025 01:23;3/1/2025 02:07;3/1/2025 02:16;3/1/2025 02:49;250;127;40;Devuelto a reproceso;Grumos detectados en control visual
 LOT01026 ;14/4/2025;Látex Económico Interior;Tambor;Noche;14/4/2025 22:04;14/4/2025 22:39;14/4/2025 22:49;14/4/2025 23:41;14/4/2025 23:45;15/4/2025 00:55;15/4/2025 00:58;15/4/2025 01:22;15/4/2025 01:37;15/4/2025 02:14;15/4/2025 02:23;15/4/2025 03:00;30;29;0;Aprobado;OK
LOT01027;28/1/2025;Anticorrosivo Zincromato Amarillo;Balde;Tarde;28/1/2025 14:10;28/1/2025 14:40;28/1/2025 14:50;28/1/2025 15:35;28/1/2025 15:39;28/1/2025 16:44;28/1/2025 16:53;28/1/2025 17:07;28/1/2025 17:19;28/1/2025 17:54;28/1/2025 18:01;28/1/2025 18:19;80;79;2;OK;Sin observaciones
LOT01028;23/1/2025;Látex Económico Interior;Galón;Noche;23/1/2025 22:00;23/1/2025 22:40;23/1/2025 22:46;23/1/2025 23:40;23/1/2025 23:45;24/1/2025 00:30;24/1/2025 00:38;24/1/2025 00:58;24/1/2025 01:12;24/1/2025 01:53;24/1/2025 01:59;24/1/2025 02:19;200;195;0;OK;Producción normal
LOT01029;8/2/2025;Esmalte Martillado Negro;Galón;Tarde;8/2/2025 14:22;8/2/2025 14:37;8/2/2025 14:49;8/2/2025 15:10;8/2/2025 15:21;8/2/2025 16:01;8/2/2025 16:15;8/2/2025 16:35;8/2/2025 16:39;8/2/2025 16:57;8/2/2025 17:07;8/2/2025 17:20;200;175;1;Ajuste en proceso;pH bajo, se adicionó amoniaco hasta rango
LOT01030;3/4/2025;Látex Texturizado para Fachadas;Cuñete;Tarde;3/4/2025 14:39;3/4/2025 15:19;;;3/4/2025 15:25;3/4/2025 15:53;3/4/2025 16:06;3/4/2025 16:23;3/4/2025 16:29;3/4/2025 17:24;3/4/2025 17:33;3/4/2025 17:43;40;23;5;No conforme;Densidad fuera de especificación
 LOT01031 ;18/12/2024;Látex Vinílico Interior Blanco;Galón;Noche;18/12/2024 22:39;18/12/2024 22:59;18/12/2024 23:06;18/12/2024 23:32;18/12/2024 23:47;19/12/2024 00:42;19/12/2024 00:56;19/12/2024 01:14;19/12/2024 01:19;19/12/2024 01:46;19/12/2024 01:51;19/12/2024 02:17;100;98;0;OK;Lote conforme a especificaciones
LOT01032;17/6/2025;Esmalte Alto Tráfico Gris;Galón;Mañana;17/6/2025 06:29;17/6/2025 06:55;17/6/2025 07:03;17/6/2025 08:00;17/6/2025 08:13;17/6/2025 08:50;17/6/2025 09:04;17/6/2025 09:22;17/6/2025 09:37;17/6/2025 10:21;17/6/2025 10:28;17/6/2025 10:59;250;246;0;Liberado;Sin novedad
LOT01033;12/8/2024;Sellador Poliuretánico para Juntas;Balde;Tarde;;;;;12/8/2024 14:42;12/8/2024 15:34;12/8/2024 15:48;12/8/2024 16:02;12/8/2024 16:17;12/8/2024 16:53;12/8/2024 17:05;12/8/2024 17:30;80;80;0;OK;Rendimiento dentro de lo esperado
LOT01034;18/10/2024;RECUBRIMIENTO EPÓXICO ALTO SÓLIDO;Cuñete;Tarde;18/10/2024 14:32;18/10/2024 14:50;18/10/2024 14:57;18/10/2024 15:33;18/10/2024 15:37;18/10/2024 15:58;18/10/2024 16:12;18/10/2024 16:36;18/10/2024 16:41;18/10/2024 17:40;18/10/2024 17:45;18/10/2024 18:23;80;76;1;Aprobado;Lote conforme a especificaciones
LOT01035;28/6/2025;Sellador Poliuretánico para Juntas;Galón;Noche;28/6/2025 22:01;28/6/2025 22:49;28/6/2025 23:00;28/6/2025 23:35;28/6/2025 23:42;29/6/2025 00:20;29/6/2025 00:31;29/6/2025 01:00;29/6/2025 01:14;29/6/2025 01:48;29/6/2025 01:56;29/6/2025 02:13;100;95;0;Liberado;
LOT01036;3/9/2024;Recubrimiento Epóxico Piso Industrial;Tambor;Mañana;3/9/2024 06:16;3/9/2024 06:33;3/9/2024 06:41;3/9/2024 07:21;3/9/2024 07:26;3/9/2024 08:32;3/9/2024 08:46;3/9/2024 09:04;3/9/2024 09:07;3/9/2024 10:02;3/9/2024 10:07;3/9/2024 10:23;20;20;0;Liberado;
LOT01037;2/11/2024;Sellador Acrílico para Fisuras;Galón;noche;2/11/2024 22:20;2/11/2024 22:49;;;2/11/2024 23:04;3/11/2024 00:16;3/11/2024 00:19;3/11/2024 00:47;3/11/2024 01:02;3/11/2024 01:42;3/11/2024 01:54;3/11/2024 02:25;100;96;0;OK;
LOT01038;10/2/2025;Esmalte Sintético Brillante Blanco;Galón;Mañana;10/2/2025 06:28;10/2/2025 07:03;10/2/2025 07:15;10/2/2025 07:40;10/2/2025 07:43;10/2/2025 09:02;10/2/2025 09:16;10/2/2025 09:29;10/2/2025 09:36;10/2/2025 09:53;10/2/2025 10:06;10/2/2025 10:19;250;242;0;Liberado;Sin novedad
LOT01039;8/1/2025;Látex Acrílico Exterior Premium;Balde;Noche;8/1/2025 22:35;8/1/2025 22:53;;;8/1/2025 22:55;8/1/2025 23:10;8/1/2025 23:16;8/1/2025 23:36;8/1/2025 23:49;9/1/2025 00:49;9/1/2025 00:58;9/1/2025 01:26;60;58;0; Liberado ;OK
LOT01040;17/1/2025;Anticorrosivo Marino Bicomponente;Balde;Tarde;17/1/2025 14:04;17/1/2025 14:20;17/1/2025 14:26;17/1/2025 14:57;17/1/2025 15:06;17/1/2025 15:38;17/1/2025 15:53;17/1/2025 16:03;17/1/2025 16:08;17/1/2025 16:46;17/1/2025 16:48;17/1/2025 17:19;120;114;0;Liberado;Rendimiento dentro de lo esperado
LOT01041;17/7/2024;Recubrimiento Poliuretánico UV;BALDE;Mañana;17/7/2024 06:35;17/7/2024 07:25;17/7/2024 07:40;17/7/2024 08:47;17/7/2024 09:01;17/7/2024 09:57;17/7/2024 10:00;17/7/2024 10:16;17/7/2024 10:29;17/7/2024 11:05;17/7/2024 11:11;17/7/2024 11:25;120;116;0;OK;OK
LOT01042;12/5/2025;esmalte alto tráfico gris;1/4 Galón;Mañana;12/5/2025 06:14;12/5/2025 06:52;12/5/2025 06:55;12/5/2025 07:47;12/5/2025 08:02;12/5/2025 09:01;12/5/2025 09:08;12/5/2025 09:21;12/5/2025 09:36;12/5/2025 10:21;12/5/2025 10:35;12/5/2025 10:45;500;483;0;OK;Sin novedad
LOT01043;30/4/2025;Látex Texturizado para Fachadas;cuñete;Mañana;30/4/2025 06:04;30/4/2025 06:41;30/4/2025 06:52;30/4/2025 07:19;30/4/2025 07:27;30/4/2025 08:46;30/4/2025 08:58;30/4/2025 09:28;30/4/2025 09:34;30/4/2025 10:29;30/4/2025 10:36;30/4/2025 11:16;60;59;0;Aprobado;
LOT01044;13/7/2024;Anticorrosivo Base Zinc Inorgánico;Cuñete;Mañana;13/7/2024 06:39;13/7/2024 06:55;13/7/2024 07:00;13/7/2024 07:52;13/7/2024 08:01;13/7/2024 08:59;13/7/2024 09:01;13/7/2024 09:18;13/7/2024 09:30;13/7/2024 10:00;13/7/2024 10:03;13/7/2024 10:37;60;58;0;Aprobado;Rendimiento dentro de lo esperado
LOT01045;26/3/2025;Látex Vinílico Interior Blanco;1/4 Galón;Mañana;26/3/2025 06:44;26/3/2025 07:06;;;26/3/2025 07:17;26/3/2025 07:39;26/3/2025 07:52;26/3/2025 08:18;26/3/2025 08:31;26/3/2025 09:07;26/3/2025 09:15;26/3/2025 09:51;600;572;0;Conforme;
LOT01046;19/6/2025;Látex Texturizado para Fachadas;Balde;Noche;19/6/2025 22:27;19/6/2025 23:00;;;19/6/2025 23:14;19/6/2025 23:37;19/6/2025 23:44;19/6/2025 23:55;19/6/2025 23:58;20/6/2025 00:15;20/6/2025 00:19;20/6/2025 00:57;40;39;0;Aprobado;Sin novedad
LOT01047;8/5/2025;Sellador Poliuretánico para Juntas;Balde;Noche;;;;;8/5/2025 22:34;8/5/2025 23:54;9/5/2025 00:01;9/5/2025 00:15;9/5/2025 00:29;9/5/2025 01:02;9/5/2025 01:05;9/5/2025 01:17;80;67;4;Reproceso parcial;Se repasó por molienda adicional 20 min
LOT01048;28/11/2024;Anticorrosivo Marino Bicomponente;Balde; Noche ;28/11/2024 22:24;28/11/2024 23:00;28/11/2024 23:12;28/11/2024 23:49;28/11/2024 23:59;29/11/2024 00:55;29/11/2024 01:03;29/11/2024 01:16;29/11/2024 01:20;29/11/2024 01:44;29/11/2024 01:56;29/11/2024 02:11;80;77;0;Aprobado;Producción normal
LOT01049;1/1/2025;Sellador Acrílico para Techos;Cuñete;Tarde;1/1/2025 14:13;1/1/2025 14:41;1/1/2025 14:50;1/1/2025 15:31;1/1/2025 15:40;1/1/2025 16:02;1/1/2025 16:12;1/1/2025 16:30;1/1/2025 16:41;1/1/2025 17:13;1/1/2025 17:17;1/1/2025 17:27;60;53;1;Reproceso parcial;pH bajo, se adicionó amoniaco hasta rango
lot01050;22/8/2024;Esmalte Martillado Negro;BALDE;Mañana;22/8/2024 06:09;22/8/2024 06:49;22/8/2024 07:04;22/8/2024 07:55;22/8/2024 08:06;22/8/2024 08:58;22/8/2024 09:10;22/8/2024 09:25;22/8/2024 09:27;22/8/2024 09:53;22/8/2024 09:57;22/8/2024 10:07;60;58;0;Conforme;
LOT01051;11/2/2025; Esmalte Sintético Brillante Blanco ;Balde;Noche;11/2/2025 22:05;11/2/2025 22:20;;;11/2/2025 22:22;11/2/2025 23:31;11/2/2025 23:35;11/2/2025 23:55;12/2/2025 00:02;12/2/2025 00:24;12/2/2025 00:32;12/2/2025 00:45;120;117;0;OK;Sin novedad
LOT01052;8/5/2025;Barniz Marino Transparente;1/4 Galón;Tarde;8/5/2025 14:43;8/5/2025 15:16;;;8/5/2025 15:28;8/5/2025 16:37;8/5/2025 16:42;8/5/2025 17:08;8/5/2025 17:13;8/5/2025 18:00;8/5/2025 18:15;8/5/2025 18:31;200;193;0;Conforme;
LOT01053;31/1/2025;Anticorrosivo Epóxico Industrial;Cuñete;Mañana;31/1/2025 06:21;31/1/2025 07:04;31/1/2025 07:11;31/1/2025 08:10;31/1/2025 08:12;31/1/2025 09:11;31/1/2025 09:23;31/1/2025 09:52;31/1/2025 10:06;31/1/2025 10:49;31/1/2025 11:02;31/1/2025 11:28;100;85;8;Reproceso parcial;Reproceso parcial: se filtró y re-envasó
LOT01054;18/1/2025;Anticorrosivo Epóxico Industrial;Balde;Mañana;18/1/2025 06:44;18/1/2025 07:13;18/1/2025 07:17;18/1/2025 07:42;18/1/2025 07:46;18/1/2025 08:42;18/1/2025 08:46;18/1/2025 08:59;18/1/2025 09:08;18/1/2025 09:23;18/1/2025 09:27;18/1/2025 09:47;80;76;0;Liberado;Rendimiento dentro de lo esperado
LOT01055;5/7/2024;Látex Antihongos para Baños;Balde;Noche;5/7/2024 22:33;5/7/2024 23:04;5/7/2024 23:07;5/7/2024 23:57;6/7/2024 00:10;6/7/2024 01:24;6/7/2024 01:29;6/7/2024 01:50;6/7/2024 01:58;6/7/2024 02:41;6/7/2024 02:53;6/7/2024 03:14;60;59;0;APROBADO;Turno sin incidentes
LOT01056;11/4/2025;Látex Económico Interior;Galón;Noche;11/4/2025 22:39;11/4/2025 23:27;11/4/2025 23:38;12/4/2025 00:35;12/4/2025 00:49;12/4/2025 01:22;12/4/2025 01:32;12/4/2025 01:48;12/4/2025 01:58;12/4/2025 02:19;12/4/2025 02:29;12/4/2025 03:07;300;294;0;CONFORME;Rendimiento dentro de lo esperado
LOT01057;7/12/2024;Sellador de Silicona Neutra;Balde;Mañana;7/12/2024 06:23;7/12/2024 06:58;;;7/12/2024 07:11;7/12/2024 07:28;7/12/2024 07:31;7/12/2024 07:56;7/12/2024 07:59;7/12/2024 08:36;7/12/2024 08:50;7/12/2024 09:20;80;80;1;Conforme; rendimiento dentro de lo esperado 
LOT01058;29/10/2024;Anticorrosivo Base Zinc Inorgánico;Tambor;Noche;29/10/2024 22:21;29/10/2024 23:09;29/10/2024 23:14;30/10/2024 00:15;30/10/2024 00:22;30/10/2024 01:33;30/10/2024 01:48;30/10/2024 01:58;30/10/2024 02:09;30/10/2024 02:59;30/10/2024 03:09;30/10/2024 03:45;10;9;0;Conforme;Rendimiento dentro de lo esperado
LOT01059;25/2/2025;Barniz Marino Poliuretánico;Galón;Noche;25/2/2025 22:28;25/2/2025 23:17;;;25/2/2025 23:26;26/2/2025 00:36;26/2/2025 00:50;26/2/2025 01:09;26/2/2025 01:12;26/2/2025 01:52;26/2/2025 01:55;26/2/2025 02:35;250;244;0;OK;
LOT01060;6/1/2025; Recubrimiento Poliuretánico para Piso ;Tambor;Tarde;6/1/2025 14:43;6/1/2025 15:13;6/1/2025 15:18;6/1/2025 16:24;6/1/2025 16:31;6/1/2025 17:43;6/1/2025 17:55;6/1/2025 18:15;6/1/2025 18:28;6/1/2025 18:43;6/1/2025 18:47;6/1/2025 19:27;25;22;1;Reproceso parcial;pH bajo, se adicionó amoniaco hasta rango
LOT01061;18/12/2024;LÁTEX TEXTURIZADO PARA FACHADAS;Galón;Noche;18/12/2024 22:37;18/12/2024 23:20;;;18/12/2024 23:28;19/12/2024 00:06;19/12/2024 00:15;19/12/2024 00:45;19/12/2024 00:56;19/12/2024 01:41;19/12/2024 01:50;19/12/2024 02:15;150;86;16;No conforme;Grumos detectados en control visual
LOT01062;19/11/2024;Látex Vinílico Interior Blanco;1/4 Galón;Tarde;19/11/2024 14:38;19/11/2024 15:26;19/11/2024 15:40;19/11/2024 16:39;19/11/2024 16:52;19/11/2024 17:54;19/11/2024 18:06;19/11/2024 18:36;19/11/2024 18:40;19/11/2024 19:18;19/11/2024 19:33;19/11/2024 20:06;300;183;51;No conforme;Color no coincide con muestra patrón
LOT01063;29/8/2024;Sellador Acrílico para Fisuras;Balde;Mañana;;;29/8/2024 06:32;29/8/2024 07:29;29/8/2024 07:40;29/8/2024 08:31;29/8/2024 08:42;29/8/2024 08:53;29/8/2024 09:01;29/8/2024 09:44;29/8/2024 09:49;29/8/2024 10:05;100;74;7;EN REPROCESO;Ajuste de color con pigmento, segunda medición OK
LOT01064;24/9/2024;Esmalte Sintético Brillante Blanco;1/4 Galón;Noche;24/9/2024 22:09;24/9/2024 22:25;;;24/9/2024 22:29;24/9/2024 23:48;24/9/2024 23:58;25/9/2024 00:12;25/9/2024 00:14;25/9/2024 00:41;25/9/2024 00:53;25/9/2024 01:32;200;199;0;OK;OK
LOT01065;14/11/2024;Sellador de Silicona Neutra;Galón;Noche;;;14/11/2024 22:15;14/11/2024 22:53;14/11/2024 22:57;14/11/2024 23:52;15/11/2024 00:07;15/11/2024 00:19;15/11/2024 00:28;15/11/2024 01:27;15/11/2024 01:32;15/11/2024 01:56;150;150;0; Liberado ;Turno sin incidentes
LOT01066;6/9/2024;Látex Texturizado para Fachadas;Cuñete;Tarde;6/9/2024 14:02;6/9/2024 14:43;6/9/2024 14:45;6/9/2024 15:11;6/9/2024 15:24;6/9/2024 16:39;6/9/2024 16:49;6/9/2024 17:05;6/9/2024 17:09;6/9/2024 17:30;6/9/2024 17:44;6/9/2024 17:55;40;38;0;OK;Rendimiento dentro de lo esperado
LOT01067;14/12/2024;Sellador Poliuretánico para Juntas;GALÓN;Noche;;;;;14/12/2024 22:14;14/12/2024 22:57;14/12/2024 23:09;14/12/2024 23:24;14/12/2024 23:35;15/12/2024 00:26;15/12/2024 00:41;15/12/2024 01:01;150;148;0;Aprobado;OK
LOT01068;20/6/2025;Látex Acrílico Exterior Premium;1/4 Galón;Mañana;20/6/2025 06:41;20/6/2025 07:26;20/6/2025 07:40;20/6/2025 08:41;20/6/2025 08:46;20/6/2025 09:32;20/6/2025 09:39;20/6/2025 09:55;20/6/2025 10:09;20/6/2025 10:33;20/6/2025 10:47;20/6/2025 11:05;300;263;11;ajuste en proceso;pH bajo, se adicionó amoniaco hasta rango
LOT01069;27/5/2025;Esmalte Martillado Negro;Balde;Noche;27/5/2025 22:29;27/5/2025 23:14;27/5/2025 23:24;28/5/2025 00:16;28/5/2025 00:22;28/5/2025 01:41;28/5/2025 01:54;28/5/2025 02:22;28/5/2025 02:29;28/5/2025 02:57;28/5/2025 03:00;28/5/2025 03:20;80;80;0;Liberado;
LOT01070;25/3/2025;Látex Lavable Mate;1/4 Galón;Mañana;25/3/2025 06:42;25/3/2025 07:19;25/3/2025 07:21;25/3/2025 08:12;25/3/2025 08:15;25/3/2025 09:29;25/3/2025 09:34;25/3/2025 09:52;25/3/2025 09:54;25/3/2025 10:14;25/3/2025 10:19;25/3/2025 10:57;300;297;0;Liberado;Turno sin incidentes
LOT01071;24/7/2024;Esmalte al Agua Satinado;Galón;Noche;24/7/2024 22:34;24/7/2024 23:00;24/7/2024 23:13;24/7/2024 23:54;25/7/2024 00:08;25/7/2024 00:57;25/7/2024 00:59;25/7/2024 01:11;25/7/2024 01:13;25/7/2024 01:49;25/7/2024 01:54;25/7/2024 02:22;150;129;2;Ajuste en proceso;Ajuste de color con pigmento, segunda medición OK
LOT01072;20/5/2025;Anticorrosivo Epóxico Industrial;Galón;Noche;20/5/2025 22:06;20/5/2025 22:39;20/5/2025 22:52;20/5/2025 23:26;20/5/2025 23:28;21/5/2025 00:30;21/5/2025 00:40;21/5/2025 00:53;21/5/2025 01:03;21/5/2025 02:02;21/5/2025 02:07;21/5/2025 02:28;250;249;0;Conforme;Lote conforme a especificaciones
LOT01073;19/10/2024;LÁTEX ACRÍLICO EXTERIOR PREMIUM;Galón;Mañana;19/10/2024 06:06;19/10/2024 06:54;;;19/10/2024 06:57;19/10/2024 08:05;19/10/2024 08:17;19/10/2024 08:46;19/10/2024 08:54;19/10/2024 09:53;19/10/2024 10:00;19/10/2024 10:35;100;99;2;Aprobado;
LOT01074;24/1/2025;recubrimiento epóxico alto sólido;Tambor;Mañana;24/1/2025 06:44;24/1/2025 07:25;24/1/2025 07:40;24/1/2025 08:17;24/1/2025 08:20;24/1/2025 09:04;24/1/2025 09:19;24/1/2025 09:29;24/1/2025 09:35;24/1/2025 09:58;24/1/2025 10:04;24/1/2025 10:41;20;19;0;Liberado;OK
LOT01075;29/7/2024;Recubrimiento Poliuretánico UV;Tambor;Noche;29/7/2024 22:25;29/7/2024 22:51;29/7/2024 22:55;29/7/2024 23:21;29/7/2024 23:25;30/7/2024 00:02;30/7/2024 00:05;30/7/2024 00:15;30/7/2024 00:30;30/7/2024 01:12;30/7/2024 01:14;30/7/2024 01:46;10;10;2;OK;Sin novedad
LOT01076;14/1/2025;Sellador Acrílico para Fisuras;BALDE;Noche;14/1/2025 22:24;14/1/2025 22:49;14/1/2025 23:02;14/1/2025 23:39;14/1/2025 23:53;15/1/2025 00:33;15/1/2025 00:37;15/1/2025 00:58;15/1/2025 01:04;15/1/2025 01:49;15/1/2025 01:52;15/1/2025 02:27;100;96;0;Conforme;
LOT01077;18/4/2025;Sellador Acrílico para Techos;Galón;Tarde;;;18/4/2025 14:54;18/4/2025 15:22;18/4/2025 15:24;18/4/2025 16:41;18/4/2025 16:45;18/4/2025 17:03;18/4/2025 17:17;18/4/2025 18:03;18/4/2025 18:05;18/4/2025 18:20;200;190;2;OK;Producción normal
LOT01078;29/4/2025;Esmalte Sintético Brillante Blanco;Balde;Noche;29/4/2025 22:35;29/4/2025 23:21;29/4/2025 23:29;30/4/2025 00:15;30/4/2025 00:29;30/4/2025 01:27;30/4/2025 01:35;30/4/2025 01:56;30/4/2025 02:04;30/4/2025 02:43;30/4/2025 02:53;30/4/2025 03:25;40;32;1;Ajuste en proceso;Se adicionó solvente para ajustar viscosidad
LOT01079;15/8/2024;Esmalte Antióxido Rojo Óxido;Balde;Mañana;15/8/2024 06:11;15/8/2024 06:50;15/8/2024 06:57;15/8/2024 07:45;15/8/2024 07:50;15/8/2024 08:58;15/8/2024 09:03;15/8/2024 09:27;15/8/2024 09:32;15/8/2024 10:21;15/8/2024 10:23;15/8/2024 10:52;100;99;0;Aprobado;Sin novedad
LOT01080;4/2/2025;Esmalte al Agua Satinado;balde;Mañana;4/2/2025 06:08;4/2/2025 06:28;4/2/2025 06:39;4/2/2025 07:08;4/2/2025 07:19;4/2/2025 08:32;4/2/2025 08:36;4/2/2025 09:06;4/2/2025 09:11;4/2/2025 10:03;4/2/2025 10:14;4/2/2025 10:28;60;57;0;Aprobado;Sin novedad
LOT01081;5/4/2025;Sellador Poliuretánico para Juntas;Balde;Noche;;;;;5/4/2025 22:22;5/4/2025 23:27;5/4/2025 23:40;6/4/2025 00:03;6/4/2025 00:18;6/4/2025 01:03;6/4/2025 01:12;6/4/2025 01:47;120;119;1;Conforme; turno sin incidentes 
LOT01082;10/6/2025;Recubrimiento Epóxico Piso Industrial;Cuñete;Mañana;10/6/2025 06:17;10/6/2025 06:32;10/6/2025 06:47;10/6/2025 07:52;10/6/2025 07:56;10/6/2025 08:44;10/6/2025 08:55;10/6/2025 09:16;10/6/2025 09:24;10/6/2025 10:03;10/6/2025 10:06;10/6/2025 10:16;40;29;3;Ajuste en proceso;Se adicionó solvente para ajustar viscosidad
LOT01083;26/7/2024;Látex Antihongos para Baños;Balde;Tarde;26/7/2024 14:19;26/7/2024 15:03;26/7/2024 15:18;26/7/2024 16:25;26/7/2024 16:37;26/7/2024 16:54;26/7/2024 17:07;26/7/2024 17:26;26/7/2024 17:34;26/7/2024 18:09;26/7/2024 18:15;26/7/2024 18:51;80;76;0;Liberado;Turno sin incidentes
LOT01084;14/1/2025;Barniz Catalizado Alto Brillo;Galón;Tarde;14/1/2025 14:18;14/1/2025 14:35;;;14/1/2025 14:38;14/1/2025 15:08;14/1/2025 15:22;14/1/2025 15:44;14/1/2025 15:46;14/1/2025 16:31;14/1/2025 16:35;14/1/2025 16:56;100;97;0;OK;Producción normal
LOT01085;11/2/2025; Sellador Acrílico para Techos ;Galón;Noche;11/2/2025 22:07;11/2/2025 22:54;11/2/2025 23:05;11/2/2025 23:33;11/2/2025 23:35;12/2/2025 00:37;12/2/2025 00:45;12/2/2025 01:15;12/2/2025 01:22;12/2/2025 01:45;12/2/2025 01:52;12/2/2025 02:20;150;144;0;Aprobado;Lote conforme a especificaciones
LOT01086;11/6/2025;Anticorrosivo Zincromato Amarillo;Cuñete;Mañana;11/6/2025 06:01;11/6/2025 06:21;11/6/2025 06:36;11/6/2025 07:13;11/6/2025 07:15;11/6/2025 08:27;11/6/2025 08:39;11/6/2025 08:51;11/6/2025 09:06;11/6/2025 09:30;11/6/2025 09:45;11/6/2025 10:24;80;77;0;Aprobado;Producción normal
LOT01087;4/11/2024;Látex Texturizado para Fachadas;Balde;Tarde;4/11/2024 14:13;4/11/2024 14:45;4/11/2024 14:55;4/11/2024 15:52;4/11/2024 16:04;4/11/2024 17:08;4/11/2024 17:21;4/11/2024 17:37;4/11/2024 17:47;4/11/2024 18:21;4/11/2024 18:28;4/11/2024 18:38;80;79;0;Liberado;Producción normal
LOT01088;27/6/2025;Barniz Marino Transparente;1/4 Galón;Noche;27/6/2025 22:24;27/6/2025 23:00;27/6/2025 23:10;27/6/2025 23:50;28/6/2025 00:03;28/6/2025 01:23;28/6/2025 01:31;28/6/2025 01:57;28/6/2025 02:08;28/6/2025 02:54;28/6/2025 02:57;28/6/2025 03:32;400;397;0; Conforme ;Turno sin incidentes
LOT01089;1/2/2025;Barniz para Madera Brillante;Galón;Noche;1/2/2025 22:03;1/2/2025 22:18;;;1/2/2025 22:30;1/2/2025 23:01;1/2/2025 23:16;1/2/2025 23:38;1/2/2025 23:53;2/2/2025 00:51;2/2/2025 00:57;2/2/2025 01:29;300;295;0;Liberado;Rendimiento dentro de lo esperado
LOT01090;27/9/2024;Látex Vinílico Interior Blanco; 1/4 Galón ;Mañana;27/9/2024 06:36;27/9/2024 07:25;27/9/2024 07:27;27/9/2024 08:33;27/9/2024 08:43;27/9/2024 09:59;27/9/2024 10:06;27/9/2024 10:33;27/9/2024 10:41;27/9/2024 11:10;27/9/2024 11:16;27/9/2024 11:28;600;580;1;Liberado;Sin novedad
LOT01091;2/12/2024;Recubrimiento Poliuretánico UV;Cuñete;Mañana;2/12/2024 06:08;2/12/2024 06:44;2/12/2024 06:54;2/12/2024 07:46;2/12/2024 07:49;2/12/2024 08:37;2/12/2024 08:47;2/12/2024 09:10;2/12/2024 09:14;2/12/2024 10:12;2/12/2024 10:21;2/12/2024 10:40;40;39;1;Conforme;Producción normal
LOT01092;22/2/2025;SELLADOR ACRÍLICO PARA TECHOS;Cuñete;Mañana;;;;;22/2/2025 06:36;22/2/2025 07:31;22/2/2025 07:44;22/2/2025 08:07;22/2/2025 08:17;22/2/2025 08:53;22/2/2025 09:01;22/2/2025 09:22;60;57;0;Liberado;
lot01093;1/1/2025;Fondo Anticorrosivo Gris;Tambor;Mañana;1/1/2025 06:03;1/1/2025 06:53;1/1/2025 07:07;1/1/2025 07:57;1/1/2025 08:11;1/1/2025 08:36;1/1/2025 08:44;1/1/2025 09:05;1/1/2025 09:20;1/1/2025 10:10;1/1/2025 10:19;1/1/2025 10:38;15;14;0;Liberado;Sin observaciones
LOT01094;18/7/2024;Látex Antihongos para Baños;Cuñete; Mañana ;18/7/2024 06:35;18/7/2024 07:07;18/7/2024 07:17;18/7/2024 07:57;18/7/2024 08:06;18/7/2024 08:21;18/7/2024 08:23;18/7/2024 08:51;18/7/2024 09:03;18/7/2024 09:18;18/7/2024 09:21;18/7/2024 09:48;40;29;3;Ajuste en proceso;Ajuste de color con pigmento, segunda medición OK
LOT01095;30/5/2025;Sellador Poliuretánico para Juntas;Balde;Mañana;30/5/2025 06:24;30/5/2025 07:11;;;30/5/2025 07:16;30/5/2025 08:26;30/5/2025 08:28;30/5/2025 08:51;30/5/2025 08:53;30/5/2025 09:09;30/5/2025 09:22;30/5/2025 09:56;40;38;0;OK;OK
LOT01096;2/12/2024;Recubrimiento Poliuretánico para Piso;Balde;Mañana;2/12/2024 06:35;2/12/2024 07:00;2/12/2024 07:14;2/12/2024 08:12;2/12/2024 08:26;2/12/2024 09:38;2/12/2024 09:44;2/12/2024 09:54;2/12/2024 10:04;2/12/2024 10:59;2/12/2024 11:10;2/12/2024 11:45;80;71;2;En reproceso;Se repasó por molienda adicional 20 min
LOT01097;20/9/2024;Anticorrosivo Epóxico Industrial;Cuñete;Noche;20/9/2024 22:18;20/9/2024 23:05;20/9/2024 23:10;20/9/2024 23:44;20/9/2024 23:53;21/9/2024 00:34;21/9/2024 00:45;21/9/2024 01:02;21/9/2024 01:15;21/9/2024 02:10;21/9/2024 02:23;21/9/2024 02:52;40;21;6;Devuelto a reproceso; envase defectuoso en línea de envasado 
LOT01098;25/2/2025; Recubrimiento Poliuretánico para Piso ; 1/4 Galón ;Mañana;25/2/2025 06:13;25/2/2025 06:43;25/2/2025 06:58;25/2/2025 07:47;25/2/2025 07:51;25/2/2025 08:57;25/2/2025 09:04;25/2/2025 09:19;25/2/2025 09:28;25/2/2025 10:08;25/2/2025 10:18;25/2/2025 10:35;500;484;0;OK;Turno sin incidentes
LOT01099;20/11/2024;Barniz Marino Transparente;Balde;Noche;20/11/2024 22:40;20/11/2024 23:27;20/11/2024 23:41;21/11/2024 00:12;21/11/2024 00:17;21/11/2024 00:54;21/11/2024 00:59;21/11/2024 01:19;21/11/2024 01:31;21/11/2024 01:57;21/11/2024 02:04;21/11/2024 02:20;60;60;0;Aprobado;Lote conforme a especificaciones
LOT01100;20/2/2025;Látex Acrílico Exterior Premium;Galón;Mañana;20/2/2025 06:35;20/2/2025 06:59;20/2/2025 07:12;20/2/2025 08:12;20/2/2025 08:17;20/2/2025 08:57;20/2/2025 09:00;20/2/2025 09:15;20/2/2025 09:28;20/2/2025 10:00;20/2/2025 10:04;20/2/2025 10:19;150;147;0;OK;Lote conforme a especificaciones
LOT01101;22/8/2024;Recubrimiento Poliuretánico para Piso;Tambor;Tarde;22/8/2024 14:25;22/8/2024 15:03;22/8/2024 15:14;22/8/2024 15:34;22/8/2024 15:38;22/8/2024 16:18;22/8/2024 16:25;22/8/2024 16:42;22/8/2024 16:57;22/8/2024 17:28;22/8/2024 17:38;22/8/2024 18:16;30;29;0;OK;Rendimiento dentro de lo esperado
LOT01102;12/6/2025;Anticorrosivo Zincromato Amarillo;Cuñete;Tarde;12/6/2025 14:18;12/6/2025 15:05;12/6/2025 15:13;12/6/2025 16:18;12/6/2025 16:32;12/6/2025 17:49;12/6/2025 17:55;12/6/2025 18:21;12/6/2025 18:30;12/6/2025 19:25;12/6/2025 19:30;12/6/2025 19:47;60;57;0;Aprobado;Lote conforme a especificaciones
LOT01103;17/3/2025;Anticorrosivo Epóxico Industrial;Cuñete;Noche;17/3/2025 22:35;17/3/2025 22:51;17/3/2025 22:57;17/3/2025 23:23;17/3/2025 23:35;18/3/2025 00:15;18/3/2025 00:25;18/3/2025 00:39;18/3/2025 00:42;18/3/2025 01:40;18/3/2025 01:55;18/3/2025 02:10;120;118;0;Conforme;Sin novedad
LOT01104;25/12/2024;esmalte al agua satinado;1/4 Galón;Mañana;25/12/2024 06:32;25/12/2024 06:56;25/12/2024 07:10;25/12/2024 07:44;25/12/2024 07:46;25/12/2024 08:57;25/12/2024 09:03;25/12/2024 09:23;25/12/2024 09:33;25/12/2024 09:49;25/12/2024 09:53;25/12/2024 10:24;500;483;0;Liberado;Sin novedad
LOT01105;3/5/2025;Esmalte Alto Tráfico Gris;Balde;Noche;3/5/2025 22:13;3/5/2025 22:48;3/5/2025 22:56;3/5/2025 23:40;3/5/2025 23:52;4/5/2025 00:18;4/5/2025 00:24;4/5/2025 00:54;4/5/2025 01:07;4/5/2025 01:31;4/5/2025 01:37;4/5/2025 01:50;100;99;0;Conforme;Sin novedad
LOT01106;9/1/2025;Esmalte Sintético Brillante Blanco;Galón;Mañana;9/1/2025 06:18;9/1/2025 06:36;9/1/2025 06:42;9/1/2025 07:10;9/1/2025 07:15;9/1/2025 07:32;9/1/2025 07:43;9/1/2025 08:12;9/1/2025 08:16;9/1/2025 08:37;9/1/2025 08:51;9/1/2025 09:12;150;148;0;Liberado;Sin novedad
LOT01107;13/3/2025;Látex Antihongos para Baños;Galón;Noche;13/3/2025 22:21;13/3/2025 22:40;;;13/3/2025 22:43;13/3/2025 23:05;13/3/2025 23:20;13/3/2025 23:49;14/3/2025 00:04;14/3/2025 00:35;14/3/2025 00:46;14/3/2025 01:11;100;99;0;Aprobado;Turno sin incidentes
LOT01108;9/11/2024;Barniz Marino Transparente;Cuñete;Noche;9/11/2024 22:23;9/11/2024 22:39;;;9/11/2024 22:43;9/11/2024 23:05;9/11/2024 23:17;9/11/2024 23:41;9/11/2024 23:50;10/11/2024 00:06;10/11/2024 00:08;10/11/2024 00:43;120;118;0;ok;Sin observaciones
 LOT01109 ;31/1/2025;Látex Texturizado para Fachadas;Cuñete;Noche;31/1/2025 22:09;31/1/2025 22:27;;;31/1/2025 22:34;31/1/2025 23:46;1/2/2025 00:00;1/2/2025 00:17;1/2/2025 00:27;1/2/2025 00:57;1/2/2025 01:00;1/2/2025 01:28;120;114;0;Conforme;
LOT01110;29/4/2025; Látex Antihongos para Baños ;1/4 Galón;Mañana;29/4/2025 06:32;29/4/2025 07:13;;;29/4/2025 07:16;29/4/2025 07:55;29/4/2025 08:02;29/4/2025 08:28;29/4/2025 08:30;29/4/2025 09:19;29/4/2025 09:32;29/4/2025 10:03;300;293;0;OK;
LOT01111;16/5/2025;Látex Vinílico Interior Blanco;1/4 Galón;Tarde;16/5/2025 14:07;16/5/2025 14:35;16/5/2025 14:44;16/5/2025 15:48;16/5/2025 15:56;16/5/2025 16:29;16/5/2025 16:40;16/5/2025 16:55;16/5/2025 17:02;16/5/2025 17:55;16/5/2025 18:00;16/5/2025 18:37;200;192;0;Liberado; rendimiento dentro de lo esperado 
LOT01112;16/9/2024;Recubrimiento Epóxico Alto Sólido;Tambor;Noche;16/9/2024 22:35;16/9/2024 23:08;16/9/2024 23:11;16/9/2024 23:52;17/9/2024 00:03;17/9/2024 00:37;17/9/2024 00:41;17/9/2024 01:05;17/9/2024 01:18;17/9/2024 01:49;17/9/2024 02:02;17/9/2024 02:36;10;9;0;Liberado;Lote conforme a especificaciones
 LOT01113 ;12/11/2024;Anticorrosivo Epóxico Industrial;Balde;Noche;12/11/2024 22:37;12/11/2024 22:59;12/11/2024 23:11;13/11/2024 00:11;13/11/2024 00:21;13/11/2024 00:43;13/11/2024 00:47;13/11/2024 01:07;13/11/2024 01:12;13/11/2024 01:40;13/11/2024 01:48;13/11/2024 02:20;40;38;0;OK;
LOT01114;15/1/2025;Anticorrosivo Base Zinc Inorgánico;Cuñete;Tarde;15/1/2025 14:27;15/1/2025 15:08;15/1/2025 15:22;15/1/2025 15:52;15/1/2025 15:56;15/1/2025 17:02;15/1/2025 17:08;15/1/2025 17:34;15/1/2025 17:46;15/1/2025 18:02;15/1/2025 18:16;15/1/2025 18:38;40;39;0;APROBADO;Producción normal
LOT01115;2/10/2024;Esmalte Martillado Negro;Balde;Mañana;2/10/2024 06:24;2/10/2024 06:48;2/10/2024 06:55;2/10/2024 07:32;2/10/2024 07:38;2/10/2024 08:46;2/10/2024 08:51;2/10/2024 09:21;2/10/2024 09:24;2/10/2024 10:20;2/10/2024 10:23;2/10/2024 10:42;80;79;0;aprobado;OK
LOT01116;14/2/2025;Recubrimiento Poliuretánico para Piso;Cuñete;Tarde;14/2/2025 14:22;14/2/2025 14:41;14/2/2025 14:47;14/2/2025 15:35;14/2/2025 15:48;14/2/2025 16:38;14/2/2025 16:50;14/2/2025 17:06;14/2/2025 17:20;14/2/2025 18:17;14/2/2025 18:24;14/2/2025 19:03;120;83;14;Devuelto a reproceso;pH alto, se requiere ajuste con ácido
LOT01117;9/10/2024;Fondo Anticorrosivo Gris;Cuñete;Mañana;9/10/2024 06:09;9/10/2024 06:38;9/10/2024 06:52;9/10/2024 07:53;9/10/2024 08:04;9/10/2024 08:39;9/10/2024 08:46;9/10/2024 09:12;9/10/2024 09:19;9/10/2024 09:55;9/10/2024 10:01;9/10/2024 10:38;40;38;0;ok;Producción normal
LOT01118;21/9/2024;Barniz Marino Poliuretánico;Cuñete;Tarde;21/9/2024 14:45;21/9/2024 15:22;;;21/9/2024 15:34;21/9/2024 16:09;21/9/2024 16:24;21/9/2024 16:36;21/9/2024 16:46;21/9/2024 17:39;21/9/2024 17:46;21/9/2024 18:08;100;95;0;Aprobado;
LOT01119;10/6/2025;recubrimiento epóxico alto sólido;Cuñete;Noche;10/6/2025 22:42;10/6/2025 23:27;10/6/2025 23:41;11/6/2025 00:07;11/6/2025 00:20;11/6/2025 01:34;11/6/2025 01:43;11/6/2025 02:00;11/6/2025 02:08;11/6/2025 02:26;11/6/2025 02:35;11/6/2025 02:58;40;27;4;No conforme;Color no coincide con muestra patrón
LOT01120;1/7/2024;Látex Vinílico Interior Blanco;Galón;Tarde;1/7/2024 14:08;1/7/2024 14:39;1/7/2024 14:53;1/7/2024 15:20;1/7/2024 15:22;1/7/2024 15:51;1/7/2024 15:57;1/7/2024 16:17;1/7/2024 16:30;1/7/2024 16:58;1/7/2024 17:02;1/7/2024 17:21;150;149;0;Liberado;
LOT01121;2/8/2024;Sellador Acrílico para Techos;Tambor;Tarde;2/8/2024 14:11;2/8/2024 14:43;;;2/8/2024 14:48;2/8/2024 15:16;2/8/2024 15:23;2/8/2024 15:38;2/8/2024 15:40;2/8/2024 15:56;2/8/2024 16:09;2/8/2024 16:19;25;23;0;Liberado;Producción normal
LOT01122;14/11/2024;Barniz Catalizado Alto Brillo;Galón;Mañana;14/11/2024 06:02;14/11/2024 06:41;;;14/11/2024 06:46;14/11/2024 07:44;14/11/2024 07:55;14/11/2024 08:06;14/11/2024 08:13;14/11/2024 09:13;14/11/2024 09:15;14/11/2024 09:42;250;192;13;No conforme;Grumos detectados en control visual
LOT01123;30/9/2024; Barniz para Madera Brillante ;Balde;tarde;30/9/2024 14:36;30/9/2024 15:01;30/9/2024 15:16;30/9/2024 15:44;30/9/2024 15:53;30/9/2024 16:59;30/9/2024 17:13;30/9/2024 17:29;30/9/2024 17:38;30/9/2024 18:02;30/9/2024 18:10;30/9/2024 18:32;100;97;0;Liberado;Sin observaciones
LOT01124;16/4/2025;Esmalte Martillado Negro;Galón;Noche;16/4/2025 22:18;16/4/2025 22:58;16/4/2025 23:08;16/4/2025 23:56;17/4/2025 00:07;17/4/2025 01:15;17/4/2025 01:27;17/4/2025 01:57;17/4/2025 01:59;17/4/2025 02:43;17/4/2025 02:55;17/4/2025 03:30;250;245;1;OK;Sin novedad
LOT01125;13/5/2025;Recubrimiento Epóxico Alto Sólido;Cuñete;Noche;13/5/2025 22:15;13/5/2025 22:49;13/5/2025 22:58;13/5/2025 23:24;13/5/2025 23:32;14/5/2025 00:20;14/5/2025 00:35;14/5/2025 01:04;14/5/2025 01:19;14/5/2025 02:12;14/5/2025 02:22;14/5/2025 02:46;120;116;0;OK;Turno sin incidentes
LOT01126;19/4/2025;Sellador de Silicona Neutra;Balde;Noche;;;;;19/4/2025 22:22;19/4/2025 22:49;19/4/2025 22:59;19/4/2025 23:23;19/4/2025 23:35;20/4/2025 00:04;20/4/2025 00:16;20/4/2025 00:38;120;118;0;OK;
LOT01127;1/4/2025;Anticorrosivo Base Zinc Inorgánico;Cuñete;Tarde;1/4/2025 14:08;1/4/2025 14:26;1/4/2025 14:31;1/4/2025 15:09;1/4/2025 15:12;1/4/2025 16:03;1/4/2025 16:18;1/4/2025 16:37;1/4/2025 16:46;1/4/2025 17:26;1/4/2025 17:34;1/4/2025 17:49;80;76;0;Aprobado;Turno sin incidentes
LOT01128;17/7/2024;Anticorrosivo Epóxico Industrial;Tambor;Mañana;17/7/2024 06:30;17/7/2024 06:53;17/7/2024 06:58;17/7/2024 07:35;17/7/2024 07:48;17/7/2024 08:49;17/7/2024 08:53;17/7/2024 09:15;17/7/2024 09:27;17/7/2024 10:06;17/7/2024 10:20;17/7/2024 10:43;25;25;0;OK;Rendimiento dentro de lo esperado
LOT01129;1/7/2024;Barniz para Madera Brillante;Cuñete;Mañana;1/7/2024 06:35;1/7/2024 07:08;;;1/7/2024 07:22;1/7/2024 08:20;1/7/2024 08:33;1/7/2024 08:50;1/7/2024 09:05;1/7/2024 10:02;1/7/2024 10:12;1/7/2024 10:25;120;117;0; Liberado ;Sin observaciones
LOT01130;14/2/2025;Esmalte Alto Tráfico Gris;Balde;Mañana;14/2/2025 06:09;14/2/2025 06:27;14/2/2025 06:31;14/2/2025 07:07;14/2/2025 07:18;14/2/2025 07:38;14/2/2025 07:42;14/2/2025 08:11;14/2/2025 08:24;14/2/2025 09:08;14/2/2025 09:15;14/2/2025 09:52;80;78;0; Aprobado ;Lote conforme a especificaciones
LOT01131;19/8/2024;Barniz Marino Transparente;galón;TARDE;19/8/2024 14:15;19/8/2024 14:51;19/8/2024 15:02;19/8/2024 15:32;19/8/2024 15:42;19/8/2024 16:35;19/8/2024 16:43;19/8/2024 16:57;19/8/2024 17:04;19/8/2024 18:02;19/8/2024 18:11;19/8/2024 18:27;200;194;0;Aprobado;
LOT01132;26/5/2025; Esmalte Sintético Brillante Blanco ;Balde;Mañana;26/5/2025 06:07;26/5/2025 06:56;26/5/2025 07:08;26/5/2025 08:13;26/5/2025 08:15;26/5/2025 08:46;26/5/2025 08:58;26/5/2025 09:28;26/5/2025 09:33;26/5/2025 10:21;26/5/2025 10:35;26/5/2025 10:52;80;80;0;Liberado;Lote conforme a especificaciones
LOT01133;6/6/2025;Látex Económico Interior;1/4 Galón;Tarde;6/6/2025 14:29;6/6/2025 15:19;6/6/2025 15:34;6/6/2025 16:31;6/6/2025 16:35;6/6/2025 17:05;6/6/2025 17:15;6/6/2025 17:40;6/6/2025 17:42;6/6/2025 18:36;6/6/2025 18:39;6/6/2025 19:08;400;383;0;Liberado;Lote conforme a especificaciones
LOT01134;3/2/2025;Látex Texturizado para Fachadas;Tambor;Tarde;3/2/2025 14:35;3/2/2025 15:22;3/2/2025 15:24;3/2/2025 16:10;3/2/2025 16:13;3/2/2025 17:03;3/2/2025 17:17;3/2/2025 17:36;3/2/2025 17:50;3/2/2025 18:27;3/2/2025 18:40;3/2/2025 18:58;15;13;1;Liberado;
LOT01135;14/12/2024;Anticorrosivo Marino Bicomponente;Cuñete;noche;14/12/2024 22:23;14/12/2024 23:12;14/12/2024 23:16;14/12/2024 23:36;14/12/2024 23:41;15/12/2024 00:33;15/12/2024 00:41;15/12/2024 01:06;15/12/2024 01:08;15/12/2024 01:38;15/12/2024 01:46;15/12/2024 02:12;60;58;0;Liberado;OK
LOT01136;2/5/2025;Látex Texturizado para Fachadas;Balde;Mañana;2/5/2025 06:02;2/5/2025 06:34;2/5/2025 06:37;2/5/2025 07:39;2/5/2025 07:46;2/5/2025 09:06;2/5/2025 09:15;2/5/2025 09:31;2/5/2025 09:39;2/5/2025 10:04;2/5/2025 10:19;2/5/2025 10:46;40;38;0;Liberado;Producción normal
LOT01137;16/11/2024;Sellador Acrílico para Fisuras;1/4 Galón;Mañana;16/11/2024 06:03;16/11/2024 06:43;16/11/2024 06:57;16/11/2024 07:43;16/11/2024 07:48;16/11/2024 08:22;16/11/2024 08:32;16/11/2024 08:46;16/11/2024 08:54;16/11/2024 09:16;16/11/2024 09:23;16/11/2024 09:57;600;579;2;OK;Turno sin incidentes
LOT01138;15/3/2025;ESMALTE MARTILLADO NEGRO;Balde; Tarde ;15/3/2025 14:30;15/3/2025 15:08;15/3/2025 15:20;15/3/2025 15:49;15/3/2025 15:51;15/3/2025 16:10;15/3/2025 16:20;15/3/2025 16:35;15/3/2025 16:44;15/3/2025 17:15;15/3/2025 17:17;15/3/2025 17:46;40;38;0;Liberado;
LOT01139;4/1/2025;Esmalte Antióxido Rojo Óxido;Galón;Tarde;4/1/2025 14:09;4/1/2025 14:50;4/1/2025 15:01;4/1/2025 15:23;4/1/2025 15:28;4/1/2025 15:54;4/1/2025 16:08;4/1/2025 16:37;4/1/2025 16:48;4/1/2025 17:23;4/1/2025 17:34;4/1/2025 18:05;200;191;1;Conforme;
LOT01140;5/5/2025;RECUBRIMIENTO POLIURETÁNICO UV;Tambor;Tarde;5/5/2025 14:21;5/5/2025 14:53;5/5/2025 15:07;5/5/2025 15:30;5/5/2025 15:35;5/5/2025 16:21;5/5/2025 16:30;5/5/2025 16:48;5/5/2025 16:55;5/5/2025 17:19;5/5/2025 17:24;5/5/2025 17:50;10;10;0;Aprobado;Sin novedad
LOT01141;20/3/2025;Sellador Poliuretánico para Juntas;Galón;Tarde;20/3/2025 14:44;20/3/2025 15:14;;;20/3/2025 15:28;20/3/2025 16:48;20/3/2025 16:58;20/3/2025 17:25;20/3/2025 17:31;20/3/2025 17:58;20/3/2025 18:06;20/3/2025 18:23;200;172;16;Ajuste en proceso;Se repasó por molienda adicional 20 min
 LOT01142 ;20/6/2025;Fondo Anticorrosivo Gris;Balde;Mañana;20/6/2025 06:00;20/6/2025 06:42;20/6/2025 06:44;20/6/2025 07:37;20/6/2025 07:40;20/6/2025 08:02;20/6/2025 08:07;20/6/2025 08:24;20/6/2025 08:34;20/6/2025 09:21;20/6/2025 09:29;20/6/2025 09:40;80;79;0;Liberado;Sin observaciones
LOT01143;27/11/2024;Barniz Catalizado Alto Brillo;Cuñete;Noche;27/11/2024 22:37;27/11/2024 22:52;27/11/2024 22:58;27/11/2024 23:42;27/11/2024 23:55;28/11/2024 00:34;28/11/2024 00:49;28/11/2024 01:12;28/11/2024 01:15;28/11/2024 02:04;28/11/2024 02:14;28/11/2024 02:39;100;98;0;OK;Sin novedad
LOT01144;9/11/2024;LÁTEX LAVABLE MATE;Galón;Noche;9/11/2024 22:20;9/11/2024 23:05;;;9/11/2024 23:12;10/11/2024 00:23;10/11/2024 00:32;10/11/2024 00:44;10/11/2024 00:56;10/11/2024 01:25;10/11/2024 01:30;10/11/2024 01:40;300;294;0;Conforme;
LOT01145;28/10/2024;Barniz Marino Transparente;Balde;Noche;28/10/2024 22:20;28/10/2024 22:37;28/10/2024 22:48;28/10/2024 23:27;28/10/2024 23:38;29/10/2024 00:05;29/10/2024 00:14;29/10/2024 00:29;29/10/2024 00:37;29/10/2024 01:10;29/10/2024 01:25;29/10/2024 02:05;100;98;1;Aprobado;OK
LOT01146;9/6/2025;Sellador Acrílico para Techos;Tambor;Noche;9/6/2025 22:42;9/6/2025 23:14;9/6/2025 23:25;10/6/2025 00:03;10/6/2025 00:17;10/6/2025 01:11;10/6/2025 01:23;10/6/2025 01:51;10/6/2025 01:53;10/6/2025 02:39;10/6/2025 02:42;10/6/2025 03:12;20;19;2;Conforme;Turno sin incidentes
LOT01147;12/9/2024;Barniz Marino Poliuretánico;1/4 Galón;Noche;;;12/9/2024 22:44;12/9/2024 23:06;12/9/2024 23:16;13/9/2024 00:30;13/9/2024 00:33;13/9/2024 00:49;13/9/2024 00:52;13/9/2024 01:07;13/9/2024 01:21;13/9/2024 01:32;200;197;0;Aprobado;
LOT01148;28/3/2025;Anticorrosivo Base Zinc Inorgánico;Tambor;Tarde;28/3/2025 14:10;28/3/2025 14:50;28/3/2025 14:58;28/3/2025 15:32;28/3/2025 15:40;28/3/2025 16:46;28/3/2025 16:57;28/3/2025 17:14;28/3/2025 17:25;28/3/2025 18:07;28/3/2025 18:20;28/3/2025 18:59;15;13;0;Conforme;
 LOT01149 ;8/2/2025;Esmalte Alto Tráfico Gris;1/4 galón;Mañana;8/2/2025 06:16;8/2/2025 07:01;8/2/2025 07:07;8/2/2025 07:43;8/2/2025 07:57;8/2/2025 09:16;8/2/2025 09:25;8/2/2025 09:52;8/2/2025 09:56;8/2/2025 10:26;8/2/2025 10:32;8/2/2025 10:50;600;573;0;Liberado;Rendimiento dentro de lo esperado
LOT01150;22/4/2025;Sellador Acrílico para Techos;Cuñete;Mañana;22/4/2025 06:00;22/4/2025 06:23;22/4/2025 06:31;22/4/2025 06:56;22/4/2025 07:08;22/4/2025 08:28;22/4/2025 08:41;22/4/2025 09:10;22/4/2025 09:19;22/4/2025 09:53;22/4/2025 09:57;22/4/2025 10:07;100;98;0;Aprobado;
LOT01151;11/12/2024;Látex Texturizado para Fachadas;Balde;Noche;11/12/2024 22:41;11/12/2024 23:04;11/12/2024 23:12;12/12/2024 00:02;12/12/2024 00:09;12/12/2024 00:59;12/12/2024 01:03;12/12/2024 01:13;12/12/2024 01:25;12/12/2024 01:44;12/12/2024 01:50;12/12/2024 02:17;40;39;0;Aprobado;Sin observaciones
LOT01152;9/12/2024;Esmalte Martillado Negro;Cuñete;Mañana;9/12/2024 06:18;9/12/2024 06:36;9/12/2024 06:50;9/12/2024 07:33;9/12/2024 07:48;9/12/2024 08:47;9/12/2024 08:57;9/12/2024 09:23;9/12/2024 09:32;9/12/2024 10:25;9/12/2024 10:39;9/12/2024 11:18;40;39;0;Aprobado; sin novedad 
LOT01153;22/2/2025;Esmalte Alto Tráfico Gris;1/4 GALÓN;Mañana;22/2/2025 06:36;22/2/2025 07:15;22/2/2025 07:24;22/2/2025 08:19;22/2/2025 08:31;22/2/2025 09:40;22/2/2025 09:48;22/2/2025 09:58;22/2/2025 10:08;22/2/2025 10:39;22/2/2025 10:41;22/2/2025 10:56;600;584;0;Conforme;Sin observaciones
LOT01154;28/12/2024;Sellador Poliuretánico para Juntas;Galón;Noche;28/12/2024 22:00;28/12/2024 22:21;;;28/12/2024 22:31;28/12/2024 23:11;28/12/2024 23:15;28/12/2024 23:30;28/12/2024 23:40;29/12/2024 00:39;29/12/2024 00:43;29/12/2024 00:56;250;238;0;Aprobado;Sin observaciones
LOT01155;4/10/2024;Látex Texturizado para Fachadas; Cuñete ;Noche;4/10/2024 22:26;4/10/2024 22:54;4/10/2024 23:08;4/10/2024 23:51;4/10/2024 23:54;5/10/2024 00:47;5/10/2024 00:50;5/10/2024 01:15;5/10/2024 01:25;5/10/2024 02:16;5/10/2024 02:27;5/10/2024 02:45;100;99;0;Liberado;OK
LOT01156;1/2/2025;Anticorrosivo Marino Bicomponente;Cuñete;Mañana;1/2/2025 06:16;1/2/2025 06:33;1/2/2025 06:47;1/2/2025 07:40;1/2/2025 07:44;1/2/2025 08:34;1/2/2025 08:44;1/2/2025 09:05;1/2/2025 09:12;1/2/2025 10:12;1/2/2025 10:26;1/2/2025 11:06;60;57;0;OK;Lote conforme a especificaciones
LOT01157;19/12/2024;Fondo Anticorrosivo Gris;Galón;Tarde;19/12/2024 14:21;19/12/2024 14:57;19/12/2024 15:01;19/12/2024 15:56;19/12/2024 16:06;19/12/2024 16:34;19/12/2024 16:40;19/12/2024 17:00;19/12/2024 17:15;19/12/2024 18:12;19/12/2024 18:26;19/12/2024 19:04;100;95;0;Liberado;Producción normal
LOT01158;18/3/2025;Esmalte Sintético Brillante Blanco;Galón;Mañana;18/3/2025 06:40;18/3/2025 07:06;18/3/2025 07:18;18/3/2025 08:19;18/3/2025 08:22;18/3/2025 09:30;18/3/2025 09:38;18/3/2025 09:57;18/3/2025 10:00;18/3/2025 10:33;18/3/2025 10:45;18/3/2025 11:22;300;296;0;OK;
LOT01159;21/6/2025;Fondo Anticorrosivo Gris;Cuñete;Tarde;21/6/2025 14:35;21/6/2025 14:51;21/6/2025 15:02;21/6/2025 15:35;21/6/2025 15:47;21/6/2025 16:29;21/6/2025 16:37;21/6/2025 16:52;21/6/2025 16:59;21/6/2025 17:31;21/6/2025 17:33;21/6/2025 17:50;80;79;0;Liberado;OK
LOT01160;18/2/2025;ANTICORROSIVO ZINCROMATO AMARILLO;Balde;Noche;18/2/2025 22:06;18/2/2025 22:51;18/2/2025 22:57;18/2/2025 23:59;19/2/2025 00:06;19/2/2025 00:51;19/2/2025 00:53;19/2/2025 01:05;19/2/2025 01:20;19/2/2025 02:04;19/2/2025 02:08;19/2/2025 02:34;40;39;0;Liberado;Lote conforme a especificaciones
LOT01161;15/10/2024;Esmalte Alto Tráfico Gris;Cuñete;Mañana;15/10/2024 06:07;15/10/2024 06:28;15/10/2024 06:38;15/10/2024 07:18;15/10/2024 07:22;15/10/2024 08:36;15/10/2024 08:40;15/10/2024 08:54;15/10/2024 09:01;15/10/2024 10:01;15/10/2024 10:10;15/10/2024 10:45;80;79;0;Aprobado;OK
LOT01162;6/5/2025;Anticorrosivo Base Zinc Inorgánico;1/4 Galón;Mañana;6/5/2025 06:00;6/5/2025 06:18;6/5/2025 06:27;6/5/2025 07:26;6/5/2025 07:37;6/5/2025 08:06;6/5/2025 08:18;6/5/2025 08:42;6/5/2025 08:51;6/5/2025 09:19;6/5/2025 09:24;6/5/2025 09:34;500;499;0;OK;
LOT01163;28/10/2024;Látex Vinílico Interior Blanco;Tambor;Noche;28/10/2024 22:05;28/10/2024 22:48;;;28/10/2024 22:50;28/10/2024 23:18;28/10/2024 23:32;28/10/2024 23:57;28/10/2024 23:59;29/10/2024 00:32;29/10/2024 00:37;29/10/2024 01:04;20;20;0;Liberado;
LOT01164;31/10/2024;Recubrimiento Vinil-éster para Tanques;Tambor;Mañana;31/10/2024 06:12;31/10/2024 06:57;31/10/2024 07:00;31/10/2024 07:23;31/10/2024 07:33;31/10/2024 08:53;31/10/2024 09:08;31/10/2024 09:31;31/10/2024 09:43;31/10/2024 10:10;31/10/2024 10:16;31/10/2024 10:45;15;14;0;OK;Producción normal
LOT01165;2/10/2024;Barniz para Madera Brillante;Galón;Noche;2/10/2024 22:01;2/10/2024 22:49;2/10/2024 22:52;2/10/2024 23:18;2/10/2024 23:32;2/10/2024 23:59;3/10/2024 00:06;3/10/2024 00:25;3/10/2024 00:32;3/10/2024 01:17;3/10/2024 01:25;3/10/2024 01:41;150;142;0;aprobado;
LOT01166;7/10/2024;Látex Vinílico Interior Blanco;Galón;Noche;7/10/2024 22:04;7/10/2024 22:30;7/10/2024 22:37;7/10/2024 23:45;7/10/2024 23:54;8/10/2024 00:53;8/10/2024 00:55;8/10/2024 01:22;8/10/2024 01:28;8/10/2024 02:27;8/10/2024 02:37;8/10/2024 03:09;150;143;0;Aprobado;Sin novedad
LOT01167;30/10/2024; Esmalte al Agua Satinado ;Tambor;Mañana;30/10/2024 06:38;30/10/2024 06:55;30/10/2024 07:00;30/10/2024 07:57;30/10/2024 08:05;30/10/2024 09:15;30/10/2024 09:17;30/10/2024 09:30;30/10/2024 09:40;30/10/2024 10:17;30/10/2024 10:29;30/10/2024 10:52;25;24;2;OK;
LOT01168;15/4/2025;Esmalte Sintético Brillante Blanco;1/4 Galón;Mañana;15/4/2025 06:26;15/4/2025 06:52;15/4/2025 06:55;15/4/2025 07:51;15/4/2025 07:58;15/4/2025 08:51;15/4/2025 09:05;15/4/2025 09:21;15/4/2025 09:29;15/4/2025 09:45;15/4/2025 09:53;15/4/2025 10:29;300;296;0;LIBERADO;OK
LOT01169;8/8/2024;Barniz para Madera Brillante;Cuñete;Noche;;;8/8/2024 22:24;8/8/2024 23:20;8/8/2024 23:24;9/8/2024 00:17;9/8/2024 00:26;9/8/2024 00:50;9/8/2024 00:52;9/8/2024 01:51;9/8/2024 02:06;9/8/2024 02:41;80;77;0;Liberado;Sin novedad
LOT01170;18/2/2025;Anticorrosivo Marino Bicomponente;Balde;Tarde;18/2/2025 14:36;18/2/2025 14:58;18/2/2025 15:11;18/2/2025 15:43;18/2/2025 15:52;18/2/2025 16:11;18/2/2025 16:18;18/2/2025 16:34;18/2/2025 16:46;18/2/2025 17:30;18/2/2025 17:33;18/2/2025 17:54;60;60;0;Aprobado;Sin observaciones
 LOT01171 ;1/10/2024;látex vinílico interior blanco;Galón;Mañana;1/10/2024 06:04;1/10/2024 06:36;1/10/2024 06:49;1/10/2024 07:48;1/10/2024 08:02;1/10/2024 08:28;1/10/2024 08:31;1/10/2024 08:48;1/10/2024 09:03;1/10/2024 09:38;1/10/2024 09:42;1/10/2024 10:07;100;97;0;Liberado;Rendimiento dentro de lo esperado
 LOT01172 ;17/5/2025;Látex Vinílico Interior Blanco;Galón;Noche;17/5/2025 22:23;17/5/2025 22:55;;;17/5/2025 23:04;18/5/2025 00:16;18/5/2025 00:27;18/5/2025 00:54;18/5/2025 01:04;18/5/2025 01:19;18/5/2025 01:23;18/5/2025 02:01;250;238;0;OK;
LOT01173;27/8/2024; Sellador de Silicona Neutra ;1/4 Galón;Noche;27/8/2024 22:12;27/8/2024 22:52;;;27/8/2024 23:01;27/8/2024 23:48;27/8/2024 23:57;28/8/2024 00:14;28/8/2024 00:18;28/8/2024 01:12;28/8/2024 01:26;28/8/2024 02:06;200;193;0;aprobado;Sin novedad
LOT01174;1/4/2025;Fondo Anticorrosivo Gris;Cuñete;Noche;1/4/2025 22:19;1/4/2025 22:47;1/4/2025 23:01;1/4/2025 23:42;1/4/2025 23:54;2/4/2025 00:38;2/4/2025 00:53;2/4/2025 01:16;2/4/2025 01:30;2/4/2025 02:21;2/4/2025 02:30;2/4/2025 02:44;120;118;0;OK;Sin observaciones
LOT01175;10/2/2025;Barniz Marino Poliuretánico;Balde;Tarde;;;10/2/2025 14:28;10/2/2025 15:31;10/2/2025 15:35;10/2/2025 16:47;10/2/2025 16:56;10/2/2025 17:15;10/2/2025 17:24;10/2/2025 17:47;10/2/2025 17:50;10/2/2025 18:24;120;120;0;OK;
LOT01176;17/5/2025;Sellador Acrílico para Techos;Balde;Tarde;;;;;17/5/2025 14:13;17/5/2025 15:06;17/5/2025 15:08;17/5/2025 15:31;17/5/2025 15:43;17/5/2025 16:11;17/5/2025 16:21;17/5/2025 16:44;80;78;0;OK;Producción normal
LOT01177;4/10/2024;Látex Lavable Mate;Balde;Tarde;4/10/2024 14:02;4/10/2024 14:48;;;4/10/2024 14:53;4/10/2024 15:21;4/10/2024 15:29;4/10/2024 15:59;4/10/2024 16:11;4/10/2024 16:37;4/10/2024 16:39;4/10/2024 16:56;100;98;0;ok;Turno sin incidentes
LOT01178;7/4/2025;Recubrimiento Poliuretánico para Piso;Balde; Mañana ;7/4/2025 06:29;7/4/2025 07:17;7/4/2025 07:26;7/4/2025 07:51;7/4/2025 08:05;7/4/2025 08:35;7/4/2025 08:39;7/4/2025 09:03;7/4/2025 09:06;7/4/2025 09:21;7/4/2025 09:28;7/4/2025 09:52;100;96;0;Liberado;Rendimiento dentro de lo esperado
LOT01179;2/7/2024;Recubrimiento Epóxico Piso Industrial;Cuñete;Tarde;2/7/2024 14:43;2/7/2024 15:30;2/7/2024 15:45;2/7/2024 16:53;2/7/2024 17:01;2/7/2024 17:35;2/7/2024 17:38;2/7/2024 18:00;2/7/2024 18:12;2/7/2024 18:55;2/7/2024 19:10;2/7/2024 19:50;60;59;0;Conforme; lote conforme a especificaciones 
LOT01180;23/7/2024;Barniz Catalizado Alto Brillo;Balde; Noche ;;;23/7/2024 22:32;23/7/2024 23:16;23/7/2024 23:22;23/7/2024 23:55;24/7/2024 00:00;24/7/2024 00:27;24/7/2024 00:30;24/7/2024 01:13;24/7/2024 01:21;24/7/2024 01:39;120;118;0;OK;Sin observaciones
LOT01181;2/5/2025;Anticorrosivo Marino Bicomponente;TAMBOR;Mañana;2/5/2025 06:02;2/5/2025 06:20;2/5/2025 06:30;2/5/2025 07:34;2/5/2025 07:43;2/5/2025 08:23;2/5/2025 08:26;2/5/2025 08:55;2/5/2025 09:07;2/5/2025 09:47;2/5/2025 09:52;2/5/2025 10:16;15;14;0;Conforme;
LOT01182;6/12/2024;Sellador de Silicona Neutra;Balde;Tarde;6/12/2024 14:44;6/12/2024 15:31;;;6/12/2024 15:38;6/12/2024 16:21;6/12/2024 16:25;6/12/2024 16:41;6/12/2024 16:45;6/12/2024 17:23;6/12/2024 17:36;6/12/2024 18:00;40;38;0;Aprobado; turno sin incidentes 
LOT01183;26/6/2025;Anticorrosivo Base Zinc Inorgánico;Cuñete;tarde;26/6/2025 14:31;26/6/2025 15:01;26/6/2025 15:09;26/6/2025 16:12;26/6/2025 16:24;26/6/2025 16:56;26/6/2025 17:00;26/6/2025 17:24;26/6/2025 17:31;26/6/2025 18:08;26/6/2025 18:15;26/6/2025 18:27;40;38;2;Conforme;
LOT01184;31/5/2025;Sellador Poliuretánico para Juntas;Cuñete;Mañana;;;31/5/2025 06:55;31/5/2025 07:47;31/5/2025 08:01;31/5/2025 09:08;31/5/2025 09:11;31/5/2025 09:28;31/5/2025 09:31;31/5/2025 10:15;31/5/2025 10:23;31/5/2025 10:55;60;47;12;Rechazado;Grumos detectados en control visual
LOT01185;31/12/2024;Anticorrosivo Marino Bicomponente;Balde; Tarde ;31/12/2024 14:37;31/12/2024 15:21;31/12/2024 15:32;31/12/2024 16:05;31/12/2024 16:15;31/12/2024 17:01;31/12/2024 17:04;31/12/2024 17:14;31/12/2024 17:17;31/12/2024 17:40;31/12/2024 17:49;31/12/2024 18:14;80;80;0;OK;Sin observaciones
LOT01186;17/6/2025;Recubrimiento Epóxico Piso Industrial;Cuñete;Mañana;17/6/2025 06:11;17/6/2025 06:33;17/6/2025 06:37;17/6/2025 06:59;17/6/2025 07:08;17/6/2025 08:13;17/6/2025 08:15;17/6/2025 08:45;17/6/2025 08:58;17/6/2025 09:19;17/6/2025 09:22;17/6/2025 09:50;80;79;2;OK;OK
LOT01187;13/7/2024;Esmalte al Agua Satinado;GALÓN;Mañana;13/7/2024 06:26;13/7/2024 07:16;;;13/7/2024 07:21;13/7/2024 07:54;13/7/2024 08:08;13/7/2024 08:25;13/7/2024 08:38;13/7/2024 08:59;13/7/2024 09:13;13/7/2024 09:48;250;237;0;OK;Turno sin incidentes
LOT01188;16/7/2024;Recubrimiento Poliuretánico para Piso;Balde;Tarde;16/7/2024 14:41;16/7/2024 14:57;16/7/2024 15:07;16/7/2024 16:03;16/7/2024 16:07;16/7/2024 16:57;16/7/2024 16:59;16/7/2024 17:21;16/7/2024 17:31;16/7/2024 17:59;16/7/2024 18:08;16/7/2024 18:48;100;98;0;Conforme;OK
LOT01189;12/9/2024;Recubrimiento Epóxico Piso Industrial;Balde;Tarde;12/9/2024 14:36;12/9/2024 15:04;12/9/2024 15:07;12/9/2024 16:09;12/9/2024 16:23;12/9/2024 17:14;12/9/2024 17:20;12/9/2024 17:49;12/9/2024 18:01;12/9/2024 18:25;12/9/2024 18:37;12/9/2024 19:14;40;38;0;Conforme;Producción normal
LOT01190;29/10/2024;Recubrimiento Poliuretánico UV;Cuñete;Tarde;29/10/2024 14:08;29/10/2024 14:36;29/10/2024 14:44;29/10/2024 15:44;29/10/2024 15:48;29/10/2024 16:07;29/10/2024 16:10;29/10/2024 16:29;29/10/2024 16:44;29/10/2024 17:28;29/10/2024 17:41;29/10/2024 18:18;120;115;0;OK;Producción normal
LOT01191;18/3/2025;Anticorrosivo Base Zinc Inorgánico;Tambor;Tarde;18/3/2025 14:04;18/3/2025 14:39;18/3/2025 14:43;18/3/2025 15:22;18/3/2025 15:33;18/3/2025 16:50;18/3/2025 17:03;18/3/2025 17:25;18/3/2025 17:28;18/3/2025 18:13;18/3/2025 18:22;18/3/2025 18:51;15;12;2;Reproceso parcial;Se corrigió fórmula, pendiente segunda aprobación
LOT01192;16/11/2024;Recubrimiento Poliuretánico para Piso;Tambor;Noche;16/11/2024 22:24;16/11/2024 22:54;16/11/2024 23:01;16/11/2024 23:24;16/11/2024 23:27;17/11/2024 00:32;17/11/2024 00:47;17/11/2024 01:08;17/11/2024 01:10;17/11/2024 01:38;17/11/2024 01:53;17/11/2024 02:14;15;8;1;Rechazado;Viscosidad fuera de rango, se envía a reproceso
LOT01193;16/10/2024;Barniz Marino Poliuretánico;Balde;Mañana;;;16/10/2024 06:51;16/10/2024 07:13;16/10/2024 07:15;16/10/2024 07:40;16/10/2024 07:47;16/10/2024 07:57;16/10/2024 08:07;16/10/2024 08:54;16/10/2024 09:04;16/10/2024 09:24;100;97;0;Aprobado;Lote conforme a especificaciones
LOT01194;27/9/2024;Recubrimiento Vinil-éster para Tanques;Balde;Tarde;27/9/2024 14:38;27/9/2024 15:10;27/9/2024 15:13;27/9/2024 16:02;27/9/2024 16:09;27/9/2024 17:17;27/9/2024 17:32;27/9/2024 18:01;27/9/2024 18:09;27/9/2024 18:29;27/9/2024 18:42;27/9/2024 18:59;40;39;0;OK;Sin observaciones
LOT01195;5/2/2025;Barniz para Madera Brillante;1/4 Galón;Mañana;5/2/2025 06:38;5/2/2025 07:15;5/2/2025 07:26;5/2/2025 08:13;5/2/2025 08:18;5/2/2025 08:34;5/2/2025 08:42;5/2/2025 09:11;5/2/2025 09:13;5/2/2025 10:10;5/2/2025 10:22;5/2/2025 10:32;400;390;0;Liberado;Lote conforme a especificaciones
LOT01196;24/1/2025;Látex Económico Interior;Balde;Mañana;24/1/2025 06:30;24/1/2025 06:51;24/1/2025 07:01;24/1/2025 08:01;24/1/2025 08:11;24/1/2025 08:48;24/1/2025 08:59;24/1/2025 09:14;24/1/2025 09:17;24/1/2025 09:48;24/1/2025 10:03;24/1/2025 10:25;60;41;4;En reproceso;Se corrigió fórmula, pendiente segunda aprobación
LOT01197;22/1/2025;Esmalte Antióxido Rojo Óxido;Cuñete;Mañana;22/1/2025 06:39;22/1/2025 07:03;22/1/2025 07:16;22/1/2025 07:49;22/1/2025 07:54;22/1/2025 08:23;22/1/2025 08:25;22/1/2025 08:54;22/1/2025 09:04;22/1/2025 09:21;22/1/2025 09:29;22/1/2025 09:45;60;58;0;Liberado;
LOT01198;8/4/2025;Esmalte al Agua Satinado;Galón;Mañana;8/4/2025 06:21;8/4/2025 07:09;8/4/2025 07:24;8/4/2025 08:20;8/4/2025 08:33;8/4/2025 09:32;8/4/2025 09:44;8/4/2025 10:05;8/4/2025 10:08;8/4/2025 10:48;8/4/2025 10:59;8/4/2025 11:37;100;96;0;Liberado;Lote conforme a especificaciones
LOT01199;24/7/2024;Sellador Poliuretánico para Juntas;Galón;Noche;;;;;24/7/2024 22:44;24/7/2024 23:19;24/7/2024 23:25;24/7/2024 23:43;24/7/2024 23:52;25/7/2024 00:28;25/7/2024 00:30;25/7/2024 01:04;300;300;0;OK;Producción normal
LOT01200;5/7/2024;Látex Antihongos para Baños;Cuñete;Tarde;5/7/2024 14:28;5/7/2024 15:17;5/7/2024 15:27;5/7/2024 16:14;5/7/2024 16:28;5/7/2024 17:26;5/7/2024 17:30;5/7/2024 17:48;5/7/2024 17:55;5/7/2024 18:10;5/7/2024 18:21;5/7/2024 18:40;60;40;12; rechazado ;Grumos detectados en control visual
LOT01201;3/5/2025;Recubrimiento Vinil-éster para Tanques;Cuñete;Mañana;3/5/2025 06:10;3/5/2025 07:00;3/5/2025 07:04;3/5/2025 07:39;3/5/2025 07:52;3/5/2025 08:40;3/5/2025 08:43;3/5/2025 09:05;3/5/2025 09:10;3/5/2025 10:05;3/5/2025 10:17;3/5/2025 10:42;100;95;0;OK;
 LOT01202 ;31/8/2024;Esmalte Martillado Negro;1/4 Galón;Tarde;31/8/2024 14:00;31/8/2024 14:32;31/8/2024 14:45;31/8/2024 15:26;31/8/2024 15:32;31/8/2024 16:28;31/8/2024 16:42;31/8/2024 16:53;31/8/2024 17:00;31/8/2024 17:43;31/8/2024 17:54;31/8/2024 18:24;500;487;0;Conforme;Producción normal
LOT01203;14/3/2025;Esmalte Sintético Brillante Blanco;Balde;Tarde;14/3/2025 14:44;14/3/2025 15:29;14/3/2025 15:32;14/3/2025 16:40;14/3/2025 16:55;14/3/2025 17:37;14/3/2025 17:52;14/3/2025 18:18;14/3/2025 18:22;14/3/2025 19:08;14/3/2025 19:15;14/3/2025 19:46;80;77;0;Liberado;Rendimiento dentro de lo esperado
LOT01204;9/4/2025;Recubrimiento Vinil-éster para Tanques;Balde;Tarde;9/4/2025 14:22;9/4/2025 14:40;9/4/2025 14:44;9/4/2025 15:17;9/4/2025 15:19;9/4/2025 16:28;9/4/2025 16:43;9/4/2025 16:55;9/4/2025 16:58;9/4/2025 17:45;9/4/2025 18:00;9/4/2025 18:36;100;99;0;OK;OK
LOT01205;29/8/2024;Látex Lavable Mate;Balde;Mañana;29/8/2024 06:28;29/8/2024 07:09;;;29/8/2024 07:16;29/8/2024 08:29;29/8/2024 08:43;29/8/2024 08:55;29/8/2024 09:07;29/8/2024 09:48;29/8/2024 10:01;29/8/2024 10:14;40;37;0;Conforme;Producción normal
LOT01206;21/6/2025;Recubrimiento Epóxico Piso Industrial;BALDE;Mañana;21/6/2025 06:35;21/6/2025 07:18;21/6/2025 07:31;21/6/2025 08:01;21/6/2025 08:08;21/6/2025 09:01;21/6/2025 09:03;21/6/2025 09:30;21/6/2025 09:37;21/6/2025 09:55;21/6/2025 10:09;21/6/2025 10:40;80;78;0;OK;
LOT01207;24/7/2024;Barniz Marino Transparente;Cuñete;Tarde;24/7/2024 14:09;24/7/2024 14:48;24/7/2024 14:52;24/7/2024 15:17;24/7/2024 15:31;24/7/2024 16:51;24/7/2024 16:59;24/7/2024 17:29;24/7/2024 17:43;24/7/2024 18:26;24/7/2024 18:32;24/7/2024 18:49;120;93;7;Rechazado;Color no coincide con muestra patrón
LOT01208;17/8/2024;Recubrimiento Epóxico Alto Sólido;Tambor;Tarde;17/8/2024 14:26;17/8/2024 15:05;17/8/2024 15:07;17/8/2024 16:06;17/8/2024 16:17;17/8/2024 16:44;17/8/2024 16:54;17/8/2024 17:09;17/8/2024 17:23;17/8/2024 18:21;17/8/2024 18:33;17/8/2024 19:02;20;19;0;Conforme;Lote conforme a especificaciones
LOT01209;9/4/2025;Recubrimiento Poliuretánico UV;Cuñete;Tarde;9/4/2025 14:07;9/4/2025 14:29;9/4/2025 14:31;9/4/2025 15:35;9/4/2025 15:40;9/4/2025 16:49;9/4/2025 17:03;9/4/2025 17:23;9/4/2025 17:34;9/4/2025 18:33;9/4/2025 18:42;9/4/2025 19:01;100;100;0;Liberado;Lote conforme a especificaciones
LOT01210;9/1/2025;Barniz Catalizado Alto Brillo;Galón;Tarde;9/1/2025 14:22;9/1/2025 14:45;9/1/2025 14:58;9/1/2025 15:52;9/1/2025 16:04;9/1/2025 16:34;9/1/2025 16:41;9/1/2025 17:00;9/1/2025 17:04;9/1/2025 17:51;9/1/2025 17:56;9/1/2025 18:21;150;145;0;Conforme;Sin observaciones
LOT01211;3/8/2024;Látex Económico Interior;Galón;Mañana;3/8/2024 06:08;3/8/2024 06:49;3/8/2024 06:58;3/8/2024 07:26;3/8/2024 07:37;3/8/2024 07:54;3/8/2024 08:02;3/8/2024 08:14;3/8/2024 08:26;3/8/2024 08:49;3/8/2024 08:56;3/8/2024 09:19;300;291;0;Conforme;OK
LOT01212;10/12/2024;Sellador Acrílico para Fisuras;Cuñete;Mañana;10/12/2024 06:04;10/12/2024 06:41;10/12/2024 06:47;10/12/2024 07:36;10/12/2024 07:40;10/12/2024 08:12;10/12/2024 08:20;10/12/2024 08:31;10/12/2024 08:45;10/12/2024 09:36;10/12/2024 09:42;10/12/2024 10:17;100;97;0;Conforme;Turno sin incidentes
LOT01213;18/1/2025;Sellador de Silicona Neutra;Galón;Noche;18/1/2025 22:05;18/1/2025 22:44;18/1/2025 22:53;18/1/2025 23:59;19/1/2025 00:08;19/1/2025 01:12;19/1/2025 01:23;19/1/2025 01:37;19/1/2025 01:45;19/1/2025 02:36;19/1/2025 02:48;19/1/2025 03:15;200;199;0;Conforme;Rendimiento dentro de lo esperado
 LOT01214 ;27/6/2025;Recubrimiento Poliuretánico para Piso;Cuñete;Tarde;27/6/2025 14:21;27/6/2025 14:52;27/6/2025 14:54;27/6/2025 15:22;27/6/2025 15:26;27/6/2025 15:53;27/6/2025 15:57;27/6/2025 16:18;27/6/2025 16:31;27/6/2025 17:30;27/6/2025 17:34;27/6/2025 18:11;100;82;8;En reproceso;Se adicionó solvente para ajustar viscosidad
LOT01215;21/6/2025;Barniz Marino Poliuretánico;Cuñete;Tarde;21/6/2025 14:35;21/6/2025 15:18;;;21/6/2025 15:23;21/6/2025 16:10;21/6/2025 16:18;21/6/2025 16:47;21/6/2025 17:02;21/6/2025 17:39;21/6/2025 17:51;21/6/2025 18:05;60;31;10;No conforme;Contaminación detectada, lote aislado
LOT01216;31/1/2025;Anticorrosivo Zincromato Amarillo;Tambor;Tarde;31/1/2025 14:13;31/1/2025 14:55;31/1/2025 15:05;31/1/2025 16:04;31/1/2025 16:06;31/1/2025 17:24;31/1/2025 17:39;31/1/2025 17:49;31/1/2025 18:04;31/1/2025 18:41;31/1/2025 18:48;31/1/2025 19:25;10;9;1;Liberado;
LOT01217;8/11/2024;Anticorrosivo Marino Bicomponente;Cuñete;Noche;8/11/2024 22:18;8/11/2024 23:00;8/11/2024 23:02;9/11/2024 00:10;9/11/2024 00:14;9/11/2024 00:48;9/11/2024 00:59;9/11/2024 01:16;9/11/2024 01:28;9/11/2024 02:03;9/11/2024 02:06;9/11/2024 02:28;60;59;1;Conforme;
LOT01218;31/7/2024;Anticorrosivo Epóxico Industrial;Tambor;Noche;31/7/2024 22:45;31/7/2024 23:08;31/7/2024 23:20;1/8/2024 00:21;1/8/2024 00:30;1/8/2024 00:49;1/8/2024 01:01;1/8/2024 01:19;1/8/2024 01:34;1/8/2024 02:10;1/8/2024 02:15;1/8/2024 02:48;10;9;0;OK;Rendimiento dentro de lo esperado
LOT01219;5/4/2025;Anticorrosivo Marino Bicomponente;Balde;TARDE;5/4/2025 14:42;5/4/2025 14:59;5/4/2025 15:04;5/4/2025 15:52;5/4/2025 15:58;5/4/2025 16:52;5/4/2025 17:00;5/4/2025 17:14;5/4/2025 17:16;5/4/2025 17:33;5/4/2025 17:38;5/4/2025 18:14;120;117;1;Aprobado;Sin novedad
LOT01220;1/10/2024;Barniz Catalizado Alto Brillo;1/4 Galón;Mañana;1/10/2024 06:12;1/10/2024 06:49;;;1/10/2024 06:52;1/10/2024 07:15;1/10/2024 07:20;1/10/2024 07:31;1/10/2024 07:38;1/10/2024 08:05;1/10/2024 08:07;1/10/2024 08:39;400;384;1;Liberado;Sin observaciones
LOT01221;21/1/2025;Esmalte Sintético Brillante Blanco;Cuñete;Mañana;21/1/2025 06:39;21/1/2025 07:10;;;21/1/2025 07:12;21/1/2025 07:42;21/1/2025 07:49;21/1/2025 07:59;21/1/2025 08:07;21/1/2025 09:03;21/1/2025 09:13;21/1/2025 09:45;80;52;13;No conforme;Envase defectuoso en línea de envasado
LOT01222;20/11/2024;Látex Económico Interior;Galón;Tarde;20/11/2024 14:43;20/11/2024 15:07;;;20/11/2024 15:17;20/11/2024 16:14;20/11/2024 16:26;20/11/2024 16:47;20/11/2024 16:49;20/11/2024 17:45;20/11/2024 17:53;20/11/2024 18:16;150;150;0;OK;Sin novedad
LOT01223;21/10/2024;Látex Vinílico Interior Blanco;cuñete;Mañana;21/10/2024 06:44;21/10/2024 07:09;21/10/2024 07:17;21/10/2024 08:16;21/10/2024 08:28;21/10/2024 09:44;21/10/2024 09:57;21/10/2024 10:23;21/10/2024 10:29;21/10/2024 10:55;21/10/2024 11:02;21/10/2024 11:40;100;95;0;Aprobado;OK
lot01224;31/7/2024;Látex Lavable Mate;Galón;Noche;31/7/2024 22:37;31/7/2024 23:19;31/7/2024 23:26;1/8/2024 00:02;1/8/2024 00:04;1/8/2024 01:05;1/8/2024 01:17;1/8/2024 01:39;1/8/2024 01:52;1/8/2024 02:18;1/8/2024 02:20;1/8/2024 02:40;150;145;1;Conforme;
LOT01225;1/7/2024;Anticorrosivo Marino Bicomponente;Balde;Mañana;1/7/2024 06:23;1/7/2024 07:11;1/7/2024 07:18;1/7/2024 07:51;1/7/2024 08:03;1/7/2024 09:10;1/7/2024 09:17;1/7/2024 09:38;1/7/2024 09:48;1/7/2024 10:28;1/7/2024 10:40;1/7/2024 11:04;80;80;0;Conforme;
LOT01226;4/10/2024;Sellador Poliuretánico para Juntas;Tambor;Noche;4/10/2024 22:02;4/10/2024 22:32;4/10/2024 22:37;4/10/2024 23:36;4/10/2024 23:47;5/10/2024 00:54;5/10/2024 00:58;5/10/2024 01:12;5/10/2024 01:25;5/10/2024 02:23;5/10/2024 02:35;5/10/2024 02:47;10;9;0;Liberado;Lote conforme a especificaciones
LOT01227;24/9/2024;Látex Vinílico Interior Blanco;Galón;Mañana;24/9/2024 06:26;24/9/2024 07:14;24/9/2024 07:18;24/9/2024 08:01;24/9/2024 08:13;24/9/2024 08:45;24/9/2024 08:47;24/9/2024 09:15;24/9/2024 09:25;24/9/2024 09:43;24/9/2024 09:48;24/9/2024 10:00;200;193;0;Aprobado;
LOT01228;10/4/2025;Látex Texturizado para Fachadas;Galón;Tarde;10/4/2025 14:38;10/4/2025 15:15;10/4/2025 15:30;10/4/2025 16:37;10/4/2025 16:47;10/4/2025 17:29;10/4/2025 17:38;10/4/2025 17:52;10/4/2025 18:03;10/4/2025 18:51;10/4/2025 18:59;10/4/2025 19:38;150;144;0;Aprobado;
LOT01229;3/9/2024;Recubrimiento Poliuretánico UV;Cuñete;Noche;3/9/2024 22:25;3/9/2024 22:49;3/9/2024 22:54;4/9/2024 00:02;4/9/2024 00:12;4/9/2024 01:17;4/9/2024 01:26;4/9/2024 01:37;4/9/2024 01:52;4/9/2024 02:08;4/9/2024 02:22;4/9/2024 02:55;100;98;1;Conforme;Lote conforme a especificaciones
LOT01230;12/3/2025;Barniz Marino Transparente;1/4 Galón;Mañana;12/3/2025 06:05;12/3/2025 06:23;;;12/3/2025 06:26;12/3/2025 07:29;12/3/2025 07:39;12/3/2025 07:56;12/3/2025 08:11;12/3/2025 08:56;12/3/2025 09:09;12/3/2025 09:28;400;385;1;OK;Rendimiento dentro de lo esperado
LOT01231;20/8/2024;Látex Económico Interior;Balde;Tarde;20/8/2024 14:43;20/8/2024 15:22;20/8/2024 15:24;20/8/2024 15:58;20/8/2024 16:10;20/8/2024 16:51;20/8/2024 16:56;20/8/2024 17:25;20/8/2024 17:35;20/8/2024 18:13;20/8/2024 18:25;20/8/2024 18:55;40;38;0;CONFORME;OK
LOT01232;6/11/2024;Látex Económico Interior;Galón;Noche;6/11/2024 22:08;6/11/2024 22:32;6/11/2024 22:34;6/11/2024 23:03;6/11/2024 23:11;7/11/2024 00:21;7/11/2024 00:28;7/11/2024 00:45;7/11/2024 00:54;7/11/2024 01:09;7/11/2024 01:19;7/11/2024 01:53;250;182;43;Devuelto a reproceso;Viscosidad fuera de rango, se envía a reproceso
LOT01233;24/9/2024;Recubrimiento Poliuretánico para Piso;Cuñete;Mañana;24/9/2024 06:03;24/9/2024 06:34;24/9/2024 06:42;24/9/2024 07:17;24/9/2024 07:19;24/9/2024 08:27;24/9/2024 08:29;24/9/2024 08:58;24/9/2024 09:10;24/9/2024 10:06;24/9/2024 10:21;24/9/2024 10:57;80;76;1;Aprobado;Producción normal
LOT01234;6/3/2025;Sellador Acrílico para Fisuras;1/4 Galón;Noche;6/3/2025 22:11;6/3/2025 22:48;;;6/3/2025 22:52;6/3/2025 23:38;6/3/2025 23:53;7/3/2025 00:23;7/3/2025 00:34;7/3/2025 01:15;7/3/2025 01:19;7/3/2025 01:55;400;302;54;no conforme;pH alto, se requiere ajuste con ácido
LOT01235;4/7/2024;Látex Económico Interior;balde;Mañana;4/7/2024 06:15;4/7/2024 07:02;4/7/2024 07:09;4/7/2024 07:38;4/7/2024 07:50;4/7/2024 08:24;4/7/2024 08:34;4/7/2024 08:53;4/7/2024 09:01;4/7/2024 09:38;4/7/2024 09:52;4/7/2024 10:29;100;99;0;Conforme;
LOT01236;13/5/2025;Barniz Catalizado Alto Brillo;Tambor;Mañana;13/5/2025 06:25;13/5/2025 06:47;;;13/5/2025 06:53;13/5/2025 07:41;13/5/2025 07:46;13/5/2025 08:03;13/5/2025 08:09;13/5/2025 08:30;13/5/2025 08:40;13/5/2025 08:56;20;19;0;conforme;
LOT01237;4/4/2025;Recubrimiento Poliuretánico UV;Cuñete;Mañana;4/4/2025 06:18;4/4/2025 07:02;4/4/2025 07:05;4/4/2025 07:56;4/4/2025 08:11;4/4/2025 08:37;4/4/2025 08:46;4/4/2025 09:10;4/4/2025 09:23;4/4/2025 10:00;4/4/2025 10:06;4/4/2025 10:34;100;99;0;Conforme;
LOT01238;23/5/2025;Barniz Catalizado Alto Brillo;Cuñete;Mañana;23/5/2025 06:37;23/5/2025 07:15;23/5/2025 07:20;23/5/2025 08:17;23/5/2025 08:26;23/5/2025 09:27;23/5/2025 09:42;23/5/2025 09:52;23/5/2025 09:59;23/5/2025 10:59;23/5/2025 11:09;23/5/2025 11:45;60;31;10;No conforme;Contaminación detectada, lote aislado
LOT01239;9/4/2025;recubrimiento poliuretánico uv;Tambor;Tarde;9/4/2025 14:42;9/4/2025 15:11;9/4/2025 15:25;9/4/2025 16:05;9/4/2025 16:07;9/4/2025 16:51;9/4/2025 16:58;9/4/2025 17:27;9/4/2025 17:40;9/4/2025 17:55;9/4/2025 17:58;9/4/2025 18:26;10;9;1;Liberado;
LOT01240;30/1/2025;Barniz Catalizado Alto Brillo;Balde;Mañana;30/1/2025 06:11;30/1/2025 06:37;30/1/2025 06:42;30/1/2025 07:02;30/1/2025 07:17;30/1/2025 08:21;30/1/2025 08:34;30/1/2025 08:52;30/1/2025 09:05;30/1/2025 09:22;30/1/2025 09:31;30/1/2025 10:00;40;38;0;Aprobado;
LOT01241;28/5/2025;Anticorrosivo Zincromato Amarillo;Cuñete;Tarde;28/5/2025 14:24;28/5/2025 14:44;28/5/2025 14:52;28/5/2025 15:37;28/5/2025 15:47;28/5/2025 16:57;28/5/2025 17:11;28/5/2025 17:25;28/5/2025 17:28;28/5/2025 17:53;28/5/2025 17:55;28/5/2025 18:20;40;40;0;Conforme;
LOT01242;22/10/2024;Látex Vinílico Interior Blanco;Galón; Mañana ;22/10/2024 06:32;22/10/2024 06:49;;;22/10/2024 06:57;22/10/2024 07:39;22/10/2024 07:43;22/10/2024 08:00;22/10/2024 08:08;22/10/2024 09:05;22/10/2024 09:08;22/10/2024 09:48;250;197;14;Reproceso parcial;pH bajo, se adicionó amoniaco hasta rango
LOT01243;17/1/2025;Sellador Acrílico para Techos;Galón;Tarde;17/1/2025 14:09;17/1/2025 14:26;;;17/1/2025 14:36;17/1/2025 15:31;17/1/2025 15:40;17/1/2025 16:02;17/1/2025 16:17;17/1/2025 16:41;17/1/2025 16:51;17/1/2025 17:27;200;111;21;Devuelto a reproceso;Envase defectuoso en línea de envasado
LOT01244;10/10/2024;Sellador de Silicona Neutra;1/4 Galón; Mañana ;;;10/10/2024 06:53;10/10/2024 07:14;10/10/2024 07:17;10/10/2024 07:48;10/10/2024 07:54;10/10/2024 08:09;10/10/2024 08:14;10/10/2024 08:31;10/10/2024 08:40;10/10/2024 09:11;200;178;16;En reproceso;Se corrigió fórmula, pendiente segunda aprobación
LOT01245;30/9/2024;Látex Económico Interior;Cuñete;Noche;30/9/2024 22:18;30/9/2024 22:45;;;30/9/2024 22:53;30/9/2024 23:31;30/9/2024 23:35;1/10/2024 00:02;1/10/2024 00:14;1/10/2024 01:01;1/10/2024 01:05;1/10/2024 01:23;100;99;1;Conforme;
LOT01246;5/8/2024;Barniz Marino Transparente;Galón;Tarde;5/8/2024 14:40;5/8/2024 15:13;;;5/8/2024 15:27;5/8/2024 16:23;5/8/2024 16:37;5/8/2024 16:57;5/8/2024 17:09;5/8/2024 17:58;5/8/2024 18:05;5/8/2024 18:45;100;73;9;Rechazado;Grumos detectados en control visual
LOT01247;5/12/2024;Látex Vinílico Interior Blanco;1/4 Galón;Noche;5/12/2024 22:44;5/12/2024 23:07;5/12/2024 23:13;5/12/2024 23:55;6/12/2024 00:04;6/12/2024 01:13;6/12/2024 01:21;6/12/2024 01:51;6/12/2024 01:57;6/12/2024 02:16;6/12/2024 02:24;6/12/2024 02:56;400;386;0;OK;Rendimiento dentro de lo esperado
LOT01248;1/4/2025;Látex Económico Interior;Galón;Tarde;1/4/2025 14:08;1/4/2025 14:42;1/4/2025 14:47;1/4/2025 15:22;1/4/2025 15:25;1/4/2025 16:31;1/4/2025 16:38;1/4/2025 17:03;1/4/2025 17:17;1/4/2025 17:54;1/4/2025 17:58;1/4/2025 18:20;100;55;17;Devuelto a reproceso;Contaminación detectada, lote aislado
LOT01249;20/12/2024;Esmalte Antióxido Rojo Óxido;Balde;Mañana;20/12/2024 06:39;20/12/2024 07:07;20/12/2024 07:11;20/12/2024 07:40;20/12/2024 07:46;20/12/2024 08:03;20/12/2024 08:06;20/12/2024 08:24;20/12/2024 08:38;20/12/2024 09:14;20/12/2024 09:28;20/12/2024 09:41;80;75;0;Conforme;
LOT01250;26/7/2024;Recubrimiento Epóxico Piso Industrial;Balde;Tarde;26/7/2024 14:32;26/7/2024 15:22;26/7/2024 15:36;26/7/2024 16:10;26/7/2024 16:16;26/7/2024 17:33;26/7/2024 17:39;26/7/2024 17:59;26/7/2024 18:08;26/7/2024 18:33;26/7/2024 18:35;26/7/2024 18:45;100;97;0;Conforme;Sin observaciones
LOT01251;27/12/2024;Sellador Acrílico para Techos;Galón;Noche;;;27/12/2024 22:52;27/12/2024 23:38;27/12/2024 23:52;28/12/2024 00:28;28/12/2024 00:32;28/12/2024 01:02;28/12/2024 01:16;28/12/2024 02:01;28/12/2024 02:09;28/12/2024 02:29;150;115;4;En reproceso;Ajuste de color con pigmento, segunda medición OK
lot01252;8/5/2025;Látex Antihongos para Baños;Cuñete;tarde;8/5/2025 14:32;8/5/2025 15:08;8/5/2025 15:20;8/5/2025 16:02;8/5/2025 16:12;8/5/2025 16:46;8/5/2025 16:54;8/5/2025 17:18;8/5/2025 17:28;8/5/2025 18:03;8/5/2025 18:08;8/5/2025 18:21;60;59;0;Conforme;Producción normal
LOT01253;29/10/2024;Anticorrosivo Base Zinc Inorgánico;Cuñete;mañana;29/10/2024 06:37;29/10/2024 07:03;29/10/2024 07:18;29/10/2024 08:06;29/10/2024 08:08;29/10/2024 08:47;29/10/2024 08:57;29/10/2024 09:22;29/10/2024 09:33;29/10/2024 10:32;29/10/2024 10:41;29/10/2024 11:03;60;59;0;Aprobado;Sin observaciones
LOT01254;27/2/2025;Esmalte Sintético Brillante Blanco;Galón;Mañana;27/2/2025 06:12;27/2/2025 06:32;27/2/2025 06:42;27/2/2025 07:09;27/2/2025 07:16;27/2/2025 07:54;27/2/2025 07:58;27/2/2025 08:27;27/2/2025 08:29;27/2/2025 09:05;27/2/2025 09:18;27/2/2025 09:49;250;249;0;Conforme;Sin observaciones
LOT01255;16/12/2024; Esmalte Sintético Brillante Blanco ;Cuñete;Noche;16/12/2024 22:19;16/12/2024 23:01;16/12/2024 23:07;16/12/2024 23:45;16/12/2024 23:59;17/12/2024 01:01;17/12/2024 01:16;17/12/2024 01:44;17/12/2024 01:49;17/12/2024 02:32;17/12/2024 02:43;17/12/2024 03:03;40;38;0;CONFORME;OK
LOT01256;13/7/2024;Látex Vinílico Interior Blanco;Balde;Tarde;13/7/2024 14:11;13/7/2024 14:41;13/7/2024 14:55;13/7/2024 15:41;13/7/2024 15:54;13/7/2024 16:32;13/7/2024 16:42;13/7/2024 16:56;13/7/2024 17:01;13/7/2024 17:42;13/7/2024 17:57;13/7/2024 18:09;60;51;1;Reproceso parcial;Reproceso parcial: se filtró y re-envasó
LOT01257;12/2/2025;Recubrimiento Epóxico Piso Industrial;Tambor;Tarde;12/2/2025 14:20;12/2/2025 14:48;12/2/2025 14:54;12/2/2025 15:51;12/2/2025 15:55;12/2/2025 16:25;12/2/2025 16:27;12/2/2025 16:43;12/2/2025 16:49;12/2/2025 17:10;12/2/2025 17:24;12/2/2025 17:55;10;9;0;Aprobado;Turno sin incidentes
LOT01258;10/6/2025;Anticorrosivo Marino Bicomponente;Balde;Noche;10/6/2025 22:42;10/6/2025 23:12;10/6/2025 23:18;10/6/2025 23:45;10/6/2025 23:57;11/6/2025 00:31;11/6/2025 00:35;11/6/2025 00:59;11/6/2025 01:01;11/6/2025 01:39;11/6/2025 01:54;11/6/2025 02:15;80;79;0;Conforme;Producción normal
LOT01259;5/12/2024;Sellador Acrílico para Techos;Tambor;Tarde;;;;;5/12/2024 14:15;5/12/2024 15:01;5/12/2024 15:05;5/12/2024 15:16;5/12/2024 15:30;5/12/2024 16:04;5/12/2024 16:13;5/12/2024 16:53;15;14;1;Liberado;Rendimiento dentro de lo esperado
LOT01260;24/5/2025;Esmalte Antióxido Rojo Óxido;Balde;Tarde;24/5/2025 14:44;24/5/2025 15:22;;;24/5/2025 15:30;24/5/2025 16:42;24/5/2025 16:45;24/5/2025 17:14;24/5/2025 17:21;24/5/2025 17:56;24/5/2025 18:06;24/5/2025 18:23;100;97;0;Aprobado;
LOT01261;29/3/2025;Barniz para Madera Brillante;Galón;Tarde;29/3/2025 14:00;29/3/2025 14:25;29/3/2025 14:40;29/3/2025 15:25;29/3/2025 15:27;29/3/2025 16:06;29/3/2025 16:08;29/3/2025 16:25;29/3/2025 16:35;29/3/2025 17:07;29/3/2025 17:13;29/3/2025 17:42;150;128;8;En reproceso;Se adicionó solvente para ajustar viscosidad
LOT01262;3/7/2024;Esmalte Antióxido Rojo Óxido;Galón;Tarde;3/7/2024 14:27;3/7/2024 15:14;3/7/2024 15:27;3/7/2024 15:55;3/7/2024 16:08;3/7/2024 17:19;3/7/2024 17:33;3/7/2024 17:49;3/7/2024 17:57;3/7/2024 18:31;3/7/2024 18:41;3/7/2024 18:57;200;198;0;OK;Rendimiento dentro de lo esperado
LOT01263;16/12/2024;Esmalte Alto Tráfico Gris;Galón;Noche;16/12/2024 22:21;16/12/2024 22:46;16/12/2024 22:49;16/12/2024 23:54;17/12/2024 00:01;17/12/2024 00:26;17/12/2024 00:32;17/12/2024 00:45;17/12/2024 00:56;17/12/2024 01:45;17/12/2024 01:55;17/12/2024 02:35;100;98;1;Liberado;Producción normal
LOT01264;3/8/2024;Esmalte al Agua Satinado;Galón;Mañana;3/8/2024 06:16;3/8/2024 06:58;3/8/2024 07:02;3/8/2024 07:29;3/8/2024 07:34;3/8/2024 08:03;3/8/2024 08:16;3/8/2024 08:32;3/8/2024 08:39;3/8/2024 09:31;3/8/2024 09:37;3/8/2024 10:01;250;245;2;OK;OK
LOT01265;17/3/2025;Látex Texturizado para Fachadas;Cuñete;Tarde;17/3/2025 14:39;17/3/2025 15:10;;;17/3/2025 15:15;17/3/2025 16:17;17/3/2025 16:31;17/3/2025 16:51;17/3/2025 17:06;17/3/2025 17:59;17/3/2025 18:13;17/3/2025 18:30;80;75;0;OK;Turno sin incidentes
LOT01266;24/1/2025;Sellador Acrílico para Techos;Balde;Mañana;;;24/1/2025 06:13;24/1/2025 07:13;24/1/2025 07:15;24/1/2025 08:27;24/1/2025 08:31;24/1/2025 08:57;24/1/2025 09:10;24/1/2025 09:33;24/1/2025 09:42;24/1/2025 10:05;40;39;0;Conforme;Turno sin incidentes
LOT01267;1/5/2025;Fondo Anticorrosivo Gris;Balde;Tarde;1/5/2025 14:39;1/5/2025 15:16;1/5/2025 15:28;1/5/2025 15:54;1/5/2025 16:05;1/5/2025 16:46;1/5/2025 16:52;1/5/2025 17:16;1/5/2025 17:24;1/5/2025 17:54;1/5/2025 18:01;1/5/2025 18:14;100;99;0;Aprobado;
LOT01268;10/7/2024;Sellador de Silicona Neutra;1/4 Galón;Mañana;;;10/7/2024 06:43;10/7/2024 07:06;10/7/2024 07:11;10/7/2024 07:51;10/7/2024 08:00;10/7/2024 08:25;10/7/2024 08:34;10/7/2024 09:21;10/7/2024 09:26;10/7/2024 09:52;300;293;0;Aprobado;Sin novedad
LOT01269;28/11/2024;Esmalte al Agua Satinado;Galón;Mañana;28/11/2024 06:03;28/11/2024 06:19;28/11/2024 06:33;28/11/2024 07:15;28/11/2024 07:23;28/11/2024 08:23;28/11/2024 08:28;28/11/2024 08:58;28/11/2024 09:12;28/11/2024 09:36;28/11/2024 09:50;28/11/2024 10:26;200;190;0;Liberado;Turno sin incidentes
LOT01270;2/11/2024;Esmalte Antióxido Rojo Óxido;Balde;Tarde;2/11/2024 14:07;2/11/2024 14:31;2/11/2024 14:36;2/11/2024 15:37;2/11/2024 15:48;2/11/2024 16:42;2/11/2024 16:55;2/11/2024 17:10;2/11/2024 17:25;2/11/2024 17:41;2/11/2024 17:55;2/11/2024 18:06;120;115;0;Aprobado;Rendimiento dentro de lo esperado
LOT01271;23/1/2025;Fondo Anticorrosivo Gris;Balde;Mañana;23/1/2025 06:35;23/1/2025 07:13;23/1/2025 07:18;23/1/2025 08:23;23/1/2025 08:27;23/1/2025 09:06;23/1/2025 09:09;23/1/2025 09:32;23/1/2025 09:35;23/1/2025 10:06;23/1/2025 10:20;23/1/2025 10:41;80;78;0;Conforme;
LOT01272;15/1/2025;Recubrimiento Poliuretánico para Piso;Balde;Mañana;15/1/2025 06:14;15/1/2025 06:30;15/1/2025 06:43;15/1/2025 07:38;15/1/2025 07:45;15/1/2025 08:29;15/1/2025 08:40;15/1/2025 09:01;15/1/2025 09:03;15/1/2025 09:44;15/1/2025 09:47;15/1/2025 10:20;100;97;0;Conforme;
LOT01273;2/6/2025;Látex Vinílico Interior Blanco;Galón;Noche;2/6/2025 22:16;2/6/2025 22:36;;;2/6/2025 22:43;2/6/2025 23:35;2/6/2025 23:50;3/6/2025 00:03;3/6/2025 00:08;3/6/2025 00:31;3/6/2025 00:36;3/6/2025 00:54;250;202;1;Ajuste en proceso; se repasó por molienda adicional 20 min 
LOT01274;27/9/2024;Recubrimiento Epóxico Piso Industrial;CUÑETE;Mañana;27/9/2024 06:42;27/9/2024 06:59;27/9/2024 07:12;27/9/2024 07:36;27/9/2024 07:38;27/9/2024 08:35;27/9/2024 08:39;27/9/2024 08:55;27/9/2024 09:02;27/9/2024 09:36;27/9/2024 09:40;27/9/2024 10:15;40;39;2;OK;Rendimiento dentro de lo esperado
LOT01275;26/11/2024;Esmalte Martillado Negro;Tambor;Mañana;26/11/2024 06:22;26/11/2024 06:41;26/11/2024 06:52;26/11/2024 07:33;26/11/2024 07:48;26/11/2024 09:08;26/11/2024 09:18;26/11/2024 09:31;26/11/2024 09:42;26/11/2024 10:30;26/11/2024 10:41;26/11/2024 11:07;30;29;1;Conforme;Turno sin incidentes
LOT01276;9/7/2024;Látex Lavable Mate;Cuñete;Mañana;9/7/2024 06:31;9/7/2024 07:17;9/7/2024 07:23;9/7/2024 08:04;9/7/2024 08:13;9/7/2024 09:14;9/7/2024 09:23;9/7/2024 09:47;9/7/2024 09:52;9/7/2024 10:23;9/7/2024 10:37;9/7/2024 11:00;120;116;0; Liberado ;Producción normal
LOT01277;16/12/2024;Sellador de Silicona Neutra;Galón;tarde;16/12/2024 14:09;16/12/2024 14:54;16/12/2024 14:59;16/12/2024 15:35;16/12/2024 15:38;16/12/2024 16:09;16/12/2024 16:19;16/12/2024 16:49;16/12/2024 16:59;16/12/2024 17:46;16/12/2024 17:51;16/12/2024 18:15;300;230;57;Devuelto a reproceso;Viscosidad fuera de rango, se envía a reproceso
LOT01278;18/4/2025;Látex Económico Interior;Balde; Mañana ;18/4/2025 06:01;18/4/2025 06:23;;;18/4/2025 06:34;18/4/2025 07:22;18/4/2025 07:28;18/4/2025 07:43;18/4/2025 07:48;18/4/2025 08:15;18/4/2025 08:25;18/4/2025 08:48;80;44;16;Rechazado;Envase defectuoso en línea de envasado
LOT01279;30/5/2025;Barniz Marino Poliuretánico;Galón;Mañana;30/5/2025 06:38;30/5/2025 07:03;;;30/5/2025 07:07;30/5/2025 07:34;30/5/2025 07:47;30/5/2025 08:02;30/5/2025 08:04;30/5/2025 08:34;30/5/2025 08:38;30/5/2025 09:02;250;240;0;Aprobado;
LOT01280;12/3/2025;Anticorrosivo Marino Bicomponente;Tambor;Mañana;12/3/2025 06:36;12/3/2025 07:00;12/3/2025 07:04;12/3/2025 08:07;12/3/2025 08:22;12/3/2025 09:40;12/3/2025 09:44;12/3/2025 10:12;12/3/2025 10:21;12/3/2025 10:46;12/3/2025 10:58;12/3/2025 11:30;20;19;1;OK;Sin observaciones
LOT01281;5/3/2025;Esmalte al Agua Satinado;1/4 Galón;Noche;5/3/2025 22:14;5/3/2025 22:31;5/3/2025 22:40;5/3/2025 23:01;5/3/2025 23:15;6/3/2025 00:34;6/3/2025 00:48;6/3/2025 01:01;6/3/2025 01:13;6/3/2025 01:48;6/3/2025 01:59;6/3/2025 02:25;300;297;0;Conforme;
LOT01282;31/3/2025;Barniz Marino Transparente;1/4 Galón;Tarde;;;;;31/3/2025 14:11;31/3/2025 15:17;31/3/2025 15:19;31/3/2025 15:44;31/3/2025 15:54;31/3/2025 16:53;31/3/2025 17:08;31/3/2025 17:35;200;196;0;Conforme;
 LOT01283 ;31/10/2024;Recubrimiento Poliuretánico UV;Cuñete;Mañana;31/10/2024 06:43;31/10/2024 07:26;31/10/2024 07:34;31/10/2024 08:09;31/10/2024 08:23;31/10/2024 08:47;31/10/2024 08:57;31/10/2024 09:25;31/10/2024 09:27;31/10/2024 10:03;31/10/2024 10:15;31/10/2024 10:30;60;58;0;OK;Sin novedad
LOT01284;12/12/2024;Esmalte Sintético Brillante Blanco;Galón;Noche;12/12/2024 22:05;12/12/2024 22:44;;;12/12/2024 22:53;12/12/2024 23:17;12/12/2024 23:21;12/12/2024 23:41;12/12/2024 23:44;13/12/2024 00:36;13/12/2024 00:51;13/12/2024 01:02;200;191;0;Aprobado;OK
LOT01285;7/12/2024;Anticorrosivo Marino Bicomponente;1/4 Galón;Noche;7/12/2024 22:27;7/12/2024 23:15;7/12/2024 23:25;8/12/2024 00:03;8/12/2024 00:08;8/12/2024 01:21;8/12/2024 01:26;8/12/2024 01:43;8/12/2024 01:54;8/12/2024 02:50;8/12/2024 02:55;8/12/2024 03:12;300;294;0;Aprobado;
LOT01286;31/10/2024;Esmalte Sintético Brillante Blanco;Balde;Tarde;31/10/2024 14:14;31/10/2024 15:04;;;31/10/2024 15:18;31/10/2024 16:29;31/10/2024 16:35;31/10/2024 17:01;31/10/2024 17:15;31/10/2024 17:48;31/10/2024 17:57;31/10/2024 18:24;40;38;0;Liberado;Lote conforme a especificaciones
LOT01287;14/10/2024;Sellador Poliuretánico para Juntas;Galón;Noche;;;;;14/10/2024 22:37;14/10/2024 23:45;14/10/2024 23:53;15/10/2024 00:09;15/10/2024 00:21;15/10/2024 00:39;15/10/2024 00:44;15/10/2024 01:17;100;99;0;Aprobado;Sin novedad
LOT01288;6/5/2025;Barniz Marino Poliuretánico;Tambor;Mañana;6/5/2025 06:20;6/5/2025 06:57;;;6/5/2025 06:59;6/5/2025 07:47;6/5/2025 07:52;6/5/2025 08:22;6/5/2025 08:34;6/5/2025 08:50;6/5/2025 08:56;6/5/2025 09:29;10;9;0;Conforme;
LOT01289;13/9/2024;recubrimiento poliuretánico para piso;Tambor;Mañana;13/9/2024 06:20;13/9/2024 07:10;13/9/2024 07:12;13/9/2024 07:36;13/9/2024 07:46;13/9/2024 09:00;13/9/2024 09:05;13/9/2024 09:16;13/9/2024 09:21;13/9/2024 10:04;13/9/2024 10:12;13/9/2024 10:30;30;30;0;OK;Sin observaciones
LOT01290;16/6/2025;Esmalte Alto Tráfico Gris;1/4 Galón; Tarde ;16/6/2025 14:16;16/6/2025 14:49;16/6/2025 14:59;16/6/2025 15:35;16/6/2025 15:48;16/6/2025 16:46;16/6/2025 16:53;16/6/2025 17:09;16/6/2025 17:24;16/6/2025 17:41;16/6/2025 17:47;16/6/2025 18:11;200;159;6;Reproceso parcial;Se corrigió fórmula, pendiente segunda aprobación
LOT01291;9/9/2024;Sellador Poliuretánico para Juntas;Tambor;Noche;9/9/2024 22:30;9/9/2024 22:55;;;9/9/2024 22:59;9/9/2024 23:57;10/9/2024 00:07;10/9/2024 00:32;10/9/2024 00:35;10/9/2024 01:09;10/9/2024 01:11;10/9/2024 01:47;30;17;1;No conforme;Densidad fuera de especificación
LOT01292;25/6/2025;Recubrimiento Poliuretánico UV;Cuñete;Tarde;25/6/2025 14:15;25/6/2025 14:39;25/6/2025 14:52;25/6/2025 15:40;25/6/2025 15:55;25/6/2025 16:38;25/6/2025 16:45;25/6/2025 17:13;25/6/2025 17:25;25/6/2025 18:18;25/6/2025 18:32;25/6/2025 19:10;100;94;0;Conforme;Lote conforme a especificaciones
LOT01293;27/7/2024;Anticorrosivo Base Zinc Inorgánico;1/4 Galón;Tarde;27/7/2024 14:04;27/7/2024 14:37;27/7/2024 14:47;27/7/2024 15:41;27/7/2024 15:47;27/7/2024 16:54;27/7/2024 17:06;27/7/2024 17:19;27/7/2024 17:22;27/7/2024 18:02;27/7/2024 18:05;27/7/2024 18:42;200;193;0;Liberado;Sin novedad
LOT01294;19/10/2024;Fondo Anticorrosivo Gris;Balde;Noche;19/10/2024 22:04;19/10/2024 22:44;19/10/2024 22:56;19/10/2024 23:18;19/10/2024 23:27;20/10/2024 00:24;20/10/2024 00:34;20/10/2024 01:00;20/10/2024 01:04;20/10/2024 01:30;20/10/2024 01:33;20/10/2024 01:49;40;38;0;Liberado;
LOT01295;27/8/2024;Recubrimiento Epóxico Piso Industrial;Tambor;Noche;27/8/2024 22:12;27/8/2024 22:38;27/8/2024 22:45;27/8/2024 23:48;27/8/2024 23:56;28/8/2024 01:11;28/8/2024 01:24;28/8/2024 01:38;28/8/2024 01:42;28/8/2024 02:34;28/8/2024 02:45;28/8/2024 02:55;25;23;0;Aprobado;OK
LOT01296;9/9/2024;Látex Antihongos para Baños;Balde;Noche;9/9/2024 22:10;9/9/2024 23:00;9/9/2024 23:05;10/9/2024 00:07;10/9/2024 00:13;10/9/2024 01:14;10/9/2024 01:28;10/9/2024 01:56;10/9/2024 02:01;10/9/2024 02:33;10/9/2024 02:47;10/9/2024 03:12;80;78;0;Conforme;Producción normal
LOT01297;29/3/2025;Sellador Acrílico para Fisuras;Balde;Tarde;29/3/2025 14:16;29/3/2025 15:01;;;29/3/2025 15:09;29/3/2025 16:11;29/3/2025 16:18;29/3/2025 16:30;29/3/2025 16:33;29/3/2025 17:29;29/3/2025 17:31;29/3/2025 18:03;100;94;0;OK;
LOT01298;22/8/2024;Barniz Marino Transparente;Galón;TARDE;;;22/8/2024 14:37;22/8/2024 15:45;22/8/2024 15:58;22/8/2024 17:13;22/8/2024 17:27;22/8/2024 17:39;22/8/2024 17:49;22/8/2024 18:08;22/8/2024 18:12;22/8/2024 18:26;100;96;0;Conforme;Rendimiento dentro de lo esperado
LOT01299;6/8/2024;Esmalte Sintético Brillante Blanco;1/4 Galón;Tarde;6/8/2024 14:41;6/8/2024 15:27;6/8/2024 15:36;6/8/2024 16:25;6/8/2024 16:40;6/8/2024 17:47;6/8/2024 17:56;6/8/2024 18:16;6/8/2024 18:25;6/8/2024 18:45;6/8/2024 18:54;6/8/2024 19:06;200;195;0;Conforme;
LOT01300;16/10/2024;Barniz Catalizado Alto Brillo;1/4 Galón;Tarde;16/10/2024 14:14;16/10/2024 14:58;16/10/2024 15:02;16/10/2024 15:26;16/10/2024 15:35;16/10/2024 16:37;16/10/2024 16:39;16/10/2024 16:57;16/10/2024 17:05;16/10/2024 17:46;16/10/2024 17:50;16/10/2024 18:15;500;499;0;Liberado;Sin observaciones
LOT01301;2/9/2024;Sellador Poliuretánico para Juntas;Tambor;Tarde;;;2/9/2024 14:42;2/9/2024 15:03;2/9/2024 15:05;2/9/2024 16:07;2/9/2024 16:19;2/9/2024 16:34;2/9/2024 16:37;2/9/2024 17:09;2/9/2024 17:18;2/9/2024 17:29;20;19;1;OK;Sin observaciones
LOT01302;21/2/2025;Barniz para Madera Brillante;Galón;Tarde;21/2/2025 14:02;21/2/2025 14:47;;;21/2/2025 14:50;21/2/2025 16:03;21/2/2025 16:05;21/2/2025 16:22;21/2/2025 16:37;21/2/2025 17:26;21/2/2025 17:30;21/2/2025 17:47;150;150;0;Aprobado;Producción normal
LOT01303;4/10/2024;Esmalte Antióxido Rojo Óxido;Balde;Noche;4/10/2024 22:01;4/10/2024 22:26;4/10/2024 22:34;4/10/2024 23:40;4/10/2024 23:52;5/10/2024 00:31;5/10/2024 00:33;5/10/2024 00:54;5/10/2024 00:58;5/10/2024 01:56;5/10/2024 02:06;5/10/2024 02:25;60;60;0;Liberado;OK
 LOT01304 ;4/10/2024;Sellador de Silicona Neutra;1/4 Galón;Tarde;;;;;4/10/2024 14:08;4/10/2024 14:57;4/10/2024 15:02;4/10/2024 15:14;4/10/2024 15:19;4/10/2024 16:08;4/10/2024 16:21;4/10/2024 16:48;500;483;0;Conforme; sin observaciones 
LOT01305;21/12/2024;Látex Lavable Mate;Balde;Noche;21/12/2024 22:33;21/12/2024 23:18;21/12/2024 23:24;21/12/2024 23:48;21/12/2024 23:51;22/12/2024 00:12;22/12/2024 00:24;22/12/2024 00:37;22/12/2024 00:50;22/12/2024 01:45;22/12/2024 01:55;22/12/2024 02:18;120;114;1; aprobado ;Producción normal
LOT01306;30/11/2024;Recubrimiento Epóxico Piso Industrial;Tambor;Tarde;30/11/2024 14:29;30/11/2024 15:03;30/11/2024 15:10;30/11/2024 15:35;30/11/2024 15:41;30/11/2024 16:30;30/11/2024 16:34;30/11/2024 16:47;30/11/2024 16:54;30/11/2024 17:28;30/11/2024 17:39;30/11/2024 18:07;25;24;0;Conforme;
LOT01307;19/6/2025;Esmalte Martillado Negro;Cuñete;Tarde;19/6/2025 14:25;19/6/2025 14:58;19/6/2025 15:12;19/6/2025 15:52;19/6/2025 16:02;19/6/2025 17:22;19/6/2025 17:26;19/6/2025 17:52;19/6/2025 18:01;19/6/2025 18:34;19/6/2025 18:45;19/6/2025 19:08;40;38;0;OK;Lote conforme a especificaciones
LOT01308;25/2/2025;Látex Vinílico Interior Blanco;Cuñete;Mañana;25/2/2025 06:39;25/2/2025 07:16;25/2/2025 07:25;25/2/2025 07:51;25/2/2025 08:00;25/2/2025 08:17;25/2/2025 08:20;25/2/2025 08:31;25/2/2025 08:34;25/2/2025 09:16;25/2/2025 09:19;25/2/2025 09:54;120;118;0;OK;
LOT01309;27/7/2024;Esmalte Sintético Brillante Blanco;Tambor;Mañana;27/7/2024 06:07;27/7/2024 06:48;27/7/2024 07:02;27/7/2024 07:37;27/7/2024 07:40;27/7/2024 08:21;27/7/2024 08:36;27/7/2024 08:49;27/7/2024 08:51;27/7/2024 09:19;27/7/2024 09:34;27/7/2024 09:47;30;29;2;Aprobado;
LOT01310;16/11/2024;SELLADOR ACRÍLICO PARA FISURAS;Galón;Mañana;16/11/2024 06:17;16/11/2024 06:45;;;16/11/2024 06:51;16/11/2024 07:55;16/11/2024 08:02;16/11/2024 08:28;16/11/2024 08:36;16/11/2024 09:14;16/11/2024 09:23;16/11/2024 09:49;250;155;48;No conforme;Grumos detectados en control visual
LOT01311;18/3/2025;Látex Vinílico Interior Blanco;1/4 Galón;Noche;18/3/2025 22:42;18/3/2025 23:14;18/3/2025 23:22;18/3/2025 23:55;19/3/2025 00:09;19/3/2025 00:50;19/3/2025 00:54;19/3/2025 01:22;19/3/2025 01:34;19/3/2025 02:07;19/3/2025 02:11;19/3/2025 02:29;400;392;0;Aprobado;OK
LOT01312;4/4/2025;BARNIZ MARINO POLIURETÁNICO;Tambor;Noche;4/4/2025 22:03;4/4/2025 22:34;4/4/2025 22:47;4/4/2025 23:50;4/4/2025 23:54;5/4/2025 00:39;5/4/2025 00:52;5/4/2025 01:09;5/4/2025 01:19;5/4/2025 01:45;5/4/2025 01:55;5/4/2025 02:24;25;22;0;Liberado;
LOT01313;29/11/2024;Látex Antihongos para Baños;Balde;Tarde;29/11/2024 14:01;29/11/2024 14:24;29/11/2024 14:27;29/11/2024 15:03;29/11/2024 15:12;29/11/2024 16:25;29/11/2024 16:31;29/11/2024 16:47;29/11/2024 17:00;29/11/2024 17:51;29/11/2024 17:53;29/11/2024 18:08;80;79;0;Aprobado;
LOT01314;14/4/2025;Recubrimiento Poliuretánico para Piso;Cuñete; Tarde ;14/4/2025 14:22;14/4/2025 14:58;14/4/2025 15:04;14/4/2025 16:09;14/4/2025 16:22;14/4/2025 16:41;14/4/2025 16:49;14/4/2025 17:08;14/4/2025 17:16;14/4/2025 17:31;14/4/2025 17:35;14/4/2025 17:48;60;58;0;Liberado;Lote conforme a especificaciones
LOT01315;23/5/2025;Látex Acrílico Exterior Premium;Cuñete;Tarde;23/5/2025 14:21;23/5/2025 14:58;23/5/2025 15:12;23/5/2025 16:05;23/5/2025 16:17;23/5/2025 17:14;23/5/2025 17:18;23/5/2025 17:29;23/5/2025 17:35;23/5/2025 18:28;23/5/2025 18:42;23/5/2025 18:52;100;95;0;OK;
lot01316;26/11/2024;Látex Acrílico Exterior Premium;Galón;Mañana;26/11/2024 06:25;26/11/2024 07:04;;;26/11/2024 07:19;26/11/2024 08:12;26/11/2024 08:16;26/11/2024 08:26;26/11/2024 08:33;26/11/2024 09:08;26/11/2024 09:12;26/11/2024 09:36;150;147;0;ok;Rendimiento dentro de lo esperado
LOT01317;14/12/2024;Barniz Catalizado Alto Brillo;Balde;Mañana;14/12/2024 06:42;14/12/2024 07:20;;;14/12/2024 07:29;14/12/2024 08:40;14/12/2024 08:50;14/12/2024 09:01;14/12/2024 09:16;14/12/2024 09:56;14/12/2024 10:09;14/12/2024 10:28;60;59;0;Liberado;Lote conforme a especificaciones
LOT01318;31/7/2024;Anticorrosivo Base Zinc Inorgánico;Balde;Mañana;31/7/2024 06:44;31/7/2024 07:27;31/7/2024 07:34;31/7/2024 08:43;31/7/2024 08:45;31/7/2024 09:30;31/7/2024 09:42;31/7/2024 09:53;31/7/2024 10:02;31/7/2024 10:47;31/7/2024 10:55;31/7/2024 11:28;40;38;1;Conforme;OK
LOT01319;31/12/2024;Látex Económico Interior;Galón;Tarde;31/12/2024 14:06;31/12/2024 14:28;;;31/12/2024 14:38;31/12/2024 15:18;31/12/2024 15:29;31/12/2024 15:39;31/12/2024 15:52;31/12/2024 16:17;31/12/2024 16:29;31/12/2024 17:07;250;242;0;Liberado;Sin observaciones
 LOT01320 ;30/12/2024;Recubrimiento Poliuretánico UV;Tambor;Tarde;30/12/2024 14:28;30/12/2024 14:57;30/12/2024 15:03;30/12/2024 15:30;30/12/2024 15:36;30/12/2024 16:00;30/12/2024 16:13;30/12/2024 16:40;30/12/2024 16:44;30/12/2024 17:14;30/12/2024 17:17;30/12/2024 17:34;15;14;0;Aprobado;Lote conforme a especificaciones
LOT01321;12/10/2024;Barniz Marino Transparente;Galón;Mañana;;;12/10/2024 06:32;12/10/2024 07:11;12/10/2024 07:15;12/10/2024 08:32;12/10/2024 08:45;12/10/2024 09:04;12/10/2024 09:15;12/10/2024 09:36;12/10/2024 09:43;12/10/2024 09:59;100;97;0;Liberado;Sin novedad
LOT01322;15/5/2025;Esmalte Antióxido Rojo Óxido;Galón;Mañana;15/5/2025 06:33;15/5/2025 07:14;15/5/2025 07:16;15/5/2025 08:12;15/5/2025 08:16;15/5/2025 09:14;15/5/2025 09:29;15/5/2025 09:40;15/5/2025 09:49;15/5/2025 10:16;15/5/2025 10:19;15/5/2025 10:32;250;238;0;Aprobado;Rendimiento dentro de lo esperado
LOT01323;15/11/2024;Sellador Acrílico para Techos;Balde;Noche;15/11/2024 22:03;15/11/2024 22:18;15/11/2024 22:26;15/11/2024 23:27;15/11/2024 23:41;16/11/2024 00:35;16/11/2024 00:40;16/11/2024 01:00;16/11/2024 01:02;16/11/2024 01:26;16/11/2024 01:32;16/11/2024 02:11;100;98;0;OK;
LOT01324;16/10/2024;Esmalte Martillado Negro;Cuñete;Noche;16/10/2024 22:05;16/10/2024 22:31;16/10/2024 22:38;16/10/2024 23:46;16/10/2024 23:49;17/10/2024 00:25;17/10/2024 00:35;17/10/2024 00:51;17/10/2024 01:03;17/10/2024 01:36;17/10/2024 01:40;17/10/2024 01:57;40;38;0;Liberado;Producción normal
LOT01325;23/10/2024;Barniz Marino Poliuretánico;Tambor;Tarde;23/10/2024 14:20;23/10/2024 15:03;23/10/2024 15:11;23/10/2024 16:14;23/10/2024 16:22;23/10/2024 16:42;23/10/2024 16:55;23/10/2024 17:14;23/10/2024 17:18;23/10/2024 18:07;23/10/2024 18:09;23/10/2024 18:22;30;28;0;OK;
LOT01326;29/3/2025;Látex Económico Interior;1/4 Galón;Mañana;29/3/2025 06:27;29/3/2025 06:59;;;29/3/2025 07:12;29/3/2025 07:43;29/3/2025 07:47;29/3/2025 08:14;29/3/2025 08:21;29/3/2025 09:16;29/3/2025 09:18;29/3/2025 09:31;200;194;0; aprobado ;
LOT01327;2/1/2025;Anticorrosivo Base Zinc Inorgánico;Tambor;Noche;2/1/2025 22:32;2/1/2025 23:19;2/1/2025 23:33;2/1/2025 23:53;2/1/2025 23:59;3/1/2025 00:44;3/1/2025 00:50;3/1/2025 01:16;3/1/2025 01:30;3/1/2025 01:51;3/1/2025 01:58;3/1/2025 02:15;20;19;0; Liberado ;Lote conforme a especificaciones
LOT01328;21/3/2025;Recubrimiento Epóxico Piso Industrial;Tambor;Noche;21/3/2025 22:36;21/3/2025 22:57;21/3/2025 23:12;21/3/2025 23:39;21/3/2025 23:44;22/3/2025 00:02;22/3/2025 00:07;22/3/2025 00:26;22/3/2025 00:40;22/3/2025 01:26;22/3/2025 01:37;22/3/2025 01:59;15;15;0;Conforme;Turno sin incidentes
LOT01329;4/3/2025;Anticorrosivo Epóxico Industrial;Tambor;Tarde;4/3/2025 14:26;4/3/2025 15:08;4/3/2025 15:19;4/3/2025 16:14;4/3/2025 16:26;4/3/2025 16:41;4/3/2025 16:44;4/3/2025 17:00;4/3/2025 17:03;4/3/2025 17:57;4/3/2025 18:10;4/3/2025 18:47;15;13;0;Conforme;
LOT01330;29/3/2025;sellador acrílico para fisuras;Tambor;Mañana;29/3/2025 06:32;29/3/2025 06:59;29/3/2025 07:01;29/3/2025 07:24;29/3/2025 07:33;29/3/2025 08:00;29/3/2025 08:06;29/3/2025 08:22;29/3/2025 08:37;29/3/2025 09:31;29/3/2025 09:33;29/3/2025 10:01;25;20;2;Ajuste en proceso;Se repasó por molienda adicional 20 min
LOT01331;12/9/2024;Recubrimiento Vinil-éster para Tanques;Galón;Mañana;12/9/2024 06:41;12/9/2024 07:16;12/9/2024 07:18;12/9/2024 08:06;12/9/2024 08:08;12/9/2024 08:29;12/9/2024 08:31;12/9/2024 08:59;12/9/2024 09:03;12/9/2024 09:34;12/9/2024 09:49;12/9/2024 10:29;300;285;0;Aprobado;
LOT01332;4/4/2025; Esmalte al Agua Satinado ;1/4 Galón;Tarde;4/4/2025 14:15;4/4/2025 14:50;4/4/2025 15:04;4/4/2025 16:08;4/4/2025 16:21;4/4/2025 16:52;4/4/2025 16:59;4/4/2025 17:18;4/4/2025 17:26;4/4/2025 18:11;4/4/2025 18:24;4/4/2025 18:38;400;282;59;Devuelto a reproceso;Contaminación detectada, lote aislado
LOT01333;17/2/2025;Látex Acrílico Exterior Premium;balde;Noche;17/2/2025 22:37;17/2/2025 23:23;17/2/2025 23:25;17/2/2025 23:55;18/2/2025 00:04;18/2/2025 00:44;18/2/2025 00:58;18/2/2025 01:18;18/2/2025 01:24;18/2/2025 02:09;18/2/2025 02:16;18/2/2025 02:27;80;77;1;Liberado;Rendimiento dentro de lo esperado
LOT01334;16/10/2024;Recubrimiento Epóxico Piso Industrial;Tambor;Tarde;16/10/2024 14:08;16/10/2024 14:32;16/10/2024 14:36;16/10/2024 15:35;16/10/2024 15:48;16/10/2024 16:05;16/10/2024 16:16;16/10/2024 16:31;16/10/2024 16:44;16/10/2024 17:11;16/10/2024 17:21;16/10/2024 17:37;10;10;1;OK;
LOT01335;7/6/2025;Barniz Catalizado Alto Brillo;Galón;mañana;7/6/2025 06:17;7/6/2025 07:05;7/6/2025 07:09;7/6/2025 07:37;7/6/2025 07:44;7/6/2025 08:58;7/6/2025 09:06;7/6/2025 09:23;7/6/2025 09:35;7/6/2025 09:53;7/6/2025 09:56;7/6/2025 10:31;300;249;22;En reproceso;Reproceso parcial: se filtró y re-envasó
LOT01336;4/7/2024;Esmalte Alto Tráfico Gris;Balde;Noche;4/7/2024 22:23;4/7/2024 23:10;4/7/2024 23:18;4/7/2024 23:52;5/7/2024 00:03;5/7/2024 00:23;5/7/2024 00:26;5/7/2024 00:51;5/7/2024 01:00;5/7/2024 01:26;5/7/2024 01:41;5/7/2024 02:15;120;113;0;Conforme;
LOT01337;4/6/2025;Barniz Marino Transparente;Cuñete;Noche;;;4/6/2025 22:46;4/6/2025 23:26;4/6/2025 23:33;5/6/2025 00:10;5/6/2025 00:20;5/6/2025 00:36;5/6/2025 00:46;5/6/2025 01:29;5/6/2025 01:38;5/6/2025 01:48;100;98;0;Aprobado;OK
LOT01338;7/3/2025;Recubrimiento Epóxico Alto Sólido;Balde;tarde;7/3/2025 14:33;7/3/2025 14:55;7/3/2025 14:59;7/3/2025 15:43;7/3/2025 15:47;7/3/2025 16:54;7/3/2025 17:07;7/3/2025 17:37;7/3/2025 17:48;7/3/2025 18:41;7/3/2025 18:52;7/3/2025 19:02;60;57;0;OK;Sin observaciones
LOT01339;26/3/2025;Anticorrosivo Base Zinc Inorgánico;Tambor;Mañana;26/3/2025 06:39;26/3/2025 07:01;26/3/2025 07:10;26/3/2025 08:08;26/3/2025 08:21;26/3/2025 09:08;26/3/2025 09:19;26/3/2025 09:49;26/3/2025 10:04;26/3/2025 10:47;26/3/2025 11:01;26/3/2025 11:16;20;19;0;Liberado;
LOT01340;22/8/2024;Látex Antihongos para Baños;1/4 Galón;Noche;22/8/2024 22:14;22/8/2024 23:00;22/8/2024 23:04;22/8/2024 23:31;22/8/2024 23:33;23/8/2024 00:14;23/8/2024 00:28;23/8/2024 00:55;23/8/2024 00:57;23/8/2024 01:46;23/8/2024 01:57;23/8/2024 02:27;500;264;79;No conforme;pH alto, se requiere ajuste con ácido
LOT01341;2/4/2025;Esmalte Antióxido Rojo Óxido;Balde;Tarde;2/4/2025 14:16;2/4/2025 15:01;2/4/2025 15:11;2/4/2025 16:07;2/4/2025 16:19;2/4/2025 17:28;2/4/2025 17:34;2/4/2025 17:59;2/4/2025 18:11;2/4/2025 18:36;2/4/2025 18:49;2/4/2025 19:13;80;77;0;Aprobado;Producción normal
LOT01342;30/11/2024;Látex Antihongos para Baños;1/4 Galón;Noche;30/11/2024 22:43;30/11/2024 23:21;;;30/11/2024 23:28;30/11/2024 23:50;30/11/2024 23:56;1/12/2024 00:13;1/12/2024 00:26;1/12/2024 01:16;1/12/2024 01:18;1/12/2024 01:37;300;216;16;Rechazado;pH alto, se requiere ajuste con ácido
LOT01343;23/8/2024;ANTICORROSIVO MARINO BICOMPONENTE;Cuñete;Noche;23/8/2024 22:36;23/8/2024 23:06;23/8/2024 23:08;24/8/2024 00:17;24/8/2024 00:25;24/8/2024 01:22;24/8/2024 01:30;24/8/2024 01:40;24/8/2024 01:42;24/8/2024 02:19;24/8/2024 02:22;24/8/2024 02:44;40;37;0;Conforme;
LOT01344;7/1/2025;Recubrimiento Vinil-éster para Tanques;Balde; Mañana ;7/1/2025 06:15;7/1/2025 06:49;7/1/2025 06:55;7/1/2025 07:25;7/1/2025 07:39;7/1/2025 08:30;7/1/2025 08:34;7/1/2025 08:58;7/1/2025 09:06;7/1/2025 09:21;7/1/2025 09:23;7/1/2025 10:01;60;59;0; Conforme ;Producción normal
LOT01345;24/12/2024;Látex Antihongos para Baños;Cuñete;tarde;24/12/2024 14:22;24/12/2024 14:51;24/12/2024 15:05;24/12/2024 16:07;24/12/2024 16:12;24/12/2024 17:29;24/12/2024 17:33;24/12/2024 17:46;24/12/2024 17:49;24/12/2024 18:32;24/12/2024 18:42;24/12/2024 19:08;100;96;0;Aprobado;Turno sin incidentes
LOT01346;24/1/2025;Esmalte Sintético Brillante Blanco;Galón;Mañana;24/1/2025 06:42;24/1/2025 07:12;24/1/2025 07:15;24/1/2025 07:43;24/1/2025 07:52;24/1/2025 08:12;24/1/2025 08:24;24/1/2025 08:36;24/1/2025 08:45;24/1/2025 09:15;24/1/2025 09:27;24/1/2025 09:52;200;196;0;Conforme;
LOT01347;4/9/2024;Barniz para Madera Brillante;Galón;Tarde;4/9/2024 14:07;4/9/2024 14:29;4/9/2024 14:37;4/9/2024 15:06;4/9/2024 15:15;4/9/2024 16:16;4/9/2024 16:28;4/9/2024 16:46;4/9/2024 16:54;4/9/2024 17:35;4/9/2024 17:44;4/9/2024 18:01;150;149;0;Liberado;OK
LOT01348;29/8/2024;Sellador Acrílico para Fisuras;Galón;Noche;29/8/2024 22:00;29/8/2024 22:30;;;29/8/2024 22:32;29/8/2024 23:14;29/8/2024 23:27;29/8/2024 23:49;29/8/2024 23:51;30/8/2024 00:33;30/8/2024 00:37;30/8/2024 00:53;250;250;0;Liberado;
LOT01349;17/7/2024;Sellador Acrílico para Techos;Galón;Mañana;17/7/2024 06:14;17/7/2024 06:35;;;17/7/2024 06:47;17/7/2024 07:23;17/7/2024 07:34;17/7/2024 07:47;17/7/2024 07:55;17/7/2024 08:32;17/7/2024 08:47;17/7/2024 09:13;200;196;0;Liberado;Sin novedad
LOT01350;9/7/2024;Fondo Anticorrosivo Gris;Cuñete;Tarde;9/7/2024 14:45;9/7/2024 15:03;9/7/2024 15:15;9/7/2024 16:06;9/7/2024 16:11;9/7/2024 16:50;9/7/2024 16:59;9/7/2024 17:21;9/7/2024 17:24;9/7/2024 18:21;9/7/2024 18:32;9/7/2024 18:43;80;77;0;Liberado;
LOT01351;1/1/2025;Látex Lavable Mate;Cuñete;Tarde;1/1/2025 14:29;1/1/2025 15:11;1/1/2025 15:14;1/1/2025 16:18;1/1/2025 16:20;1/1/2025 16:48;1/1/2025 17:02;1/1/2025 17:23;1/1/2025 17:33;1/1/2025 17:58;1/1/2025 18:00;1/1/2025 18:39;40;38;0;Liberado;Sin novedad
LOT01352;30/12/2024;Barniz Catalizado Alto Brillo;Balde;Noche;30/12/2024 22:43;30/12/2024 23:24;30/12/2024 23:32;31/12/2024 00:42;31/12/2024 00:44;31/12/2024 01:34;31/12/2024 01:36;31/12/2024 02:01;31/12/2024 02:16;31/12/2024 02:56;31/12/2024 03:03;31/12/2024 03:38;80;79;0;OK;Turno sin incidentes
LOT01353;19/12/2024;Recubrimiento Poliuretánico UV;Tambor;Mañana;19/12/2024 06:27;19/12/2024 06:54;19/12/2024 07:05;19/12/2024 07:31;19/12/2024 07:38;19/12/2024 08:47;19/12/2024 09:00;19/12/2024 09:28;19/12/2024 09:36;19/12/2024 09:55;19/12/2024 10:09;19/12/2024 10:30;20;15;2;EN REPROCESO;Se corrigió fórmula, pendiente segunda aprobación
LOT01354;28/10/2024;Barniz para Madera Brillante;Galón;Tarde;28/10/2024 14:03;28/10/2024 14:49;28/10/2024 14:54;28/10/2024 15:31;28/10/2024 15:37;28/10/2024 16:37;28/10/2024 16:40;28/10/2024 16:52;28/10/2024 16:56;28/10/2024 17:51;28/10/2024 17:55;28/10/2024 18:19;100;96;1;OK;Sin observaciones
 LOT01355 ;28/4/2025;Esmalte Alto Tráfico Gris;Galón;Noche;28/4/2025 22:37;28/4/2025 23:12;;;28/4/2025 23:25;29/4/2025 00:41;29/4/2025 00:46;29/4/2025 01:10;29/4/2025 01:17;29/4/2025 01:45;29/4/2025 02:00;29/4/2025 02:25;200;189;0;Conforme;OK
LOT01356;31/7/2024;Esmalte Alto Tráfico Gris;Balde;Tarde;31/7/2024 14:14;31/7/2024 14:33;31/7/2024 14:43;31/7/2024 15:19;31/7/2024 15:34;31/7/2024 15:54;31/7/2024 16:00;31/7/2024 16:13;31/7/2024 16:26;31/7/2024 17:23;31/7/2024 17:34;31/7/2024 17:57;60;58;0;Liberado;Producción normal
LOT01357;9/8/2024;Barniz para Madera Brillante;Galón;Tarde;9/8/2024 14:13;9/8/2024 14:38;;;9/8/2024 14:46;9/8/2024 16:02;9/8/2024 16:06;9/8/2024 16:36;9/8/2024 16:47;9/8/2024 17:36;9/8/2024 17:42;9/8/2024 18:13;300;289;0;Conforme;
LOT01358;2/6/2025;SELLADOR ACRÍLICO PARA FISURAS;Balde;Tarde;;;;;2/6/2025 14:48;2/6/2025 15:51;2/6/2025 15:57;2/6/2025 16:15;2/6/2025 16:18;2/6/2025 16:46;2/6/2025 16:58;2/6/2025 17:12;60;58;0;OK;Sin novedad
LOT01359;9/9/2024;Fondo Anticorrosivo Gris;Tambor;Noche;9/9/2024 22:21;9/9/2024 22:39;9/9/2024 22:41;9/9/2024 23:04;9/9/2024 23:12;10/9/2024 00:12;10/9/2024 00:25;10/9/2024 00:36;10/9/2024 00:44;10/9/2024 01:40;10/9/2024 01:51;10/9/2024 02:05;10;9;0;Liberado;
LOT01360;5/11/2024;Barniz Catalizado Alto Brillo;Balde;Tarde;5/11/2024 14:15;5/11/2024 14:40;;;5/11/2024 14:42;5/11/2024 15:23;5/11/2024 15:32;5/11/2024 15:49;5/11/2024 15:54;5/11/2024 16:47;5/11/2024 17:00;5/11/2024 17:12;80;76;2;Aprobado;Sin novedad
LOT01361;5/6/2025;Sellador de Silicona Neutra;Galón;Mañana;;;5/6/2025 06:59;5/6/2025 07:59;5/6/2025 08:09;5/6/2025 09:23;5/6/2025 09:33;5/6/2025 09:58;5/6/2025 10:01;5/6/2025 10:18;5/6/2025 10:20;5/6/2025 10:47;200;192;0;OK;Sin novedad
LOT01362;3/5/2025;Barniz Marino Poliuretánico;Galón;Mañana;3/5/2025 06:40;3/5/2025 06:57;;;3/5/2025 07:00;3/5/2025 07:51;3/5/2025 07:55;3/5/2025 08:06;3/5/2025 08:18;3/5/2025 09:01;3/5/2025 09:13;3/5/2025 09:44;150;143;0;OK;Turno sin incidentes
LOT01363;5/2/2025;Fondo Anticorrosivo Gris;Tambor; Noche ;5/2/2025 22:25;5/2/2025 23:10;5/2/2025 23:13;5/2/2025 23:50;5/2/2025 23:59;6/2/2025 01:12;6/2/2025 01:24;6/2/2025 01:44;6/2/2025 01:49;6/2/2025 02:42;6/2/2025 02:51;6/2/2025 03:18;30;29;0;APROBADO;
LOT01364;23/5/2025;Recubrimiento Poliuretánico para Piso;Tambor;Noche;23/5/2025 22:27;23/5/2025 22:59;23/5/2025 23:12;24/5/2025 00:15;24/5/2025 00:25;24/5/2025 00:48;24/5/2025 00:51;24/5/2025 01:08;24/5/2025 01:16;24/5/2025 01:51;24/5/2025 02:06;24/5/2025 02:30;10;9;0;Conforme;Rendimiento dentro de lo esperado
 LOT01365 ;16/1/2025;Látex Texturizado para Fachadas;Balde;Tarde;16/1/2025 14:26;16/1/2025 14:55;16/1/2025 14:59;16/1/2025 15:30;16/1/2025 15:38;16/1/2025 16:22;16/1/2025 16:35;16/1/2025 16:49;16/1/2025 17:02;16/1/2025 17:24;16/1/2025 17:38;16/1/2025 18:08;120;118;2;OK;Turno sin incidentes
LOT01366;12/2/2025;Látex Lavable Mate;Galón;Mañana;12/2/2025 06:40;12/2/2025 07:18;12/2/2025 07:29;12/2/2025 08:12;12/2/2025 08:23;12/2/2025 09:08;12/2/2025 09:19;12/2/2025 09:30;12/2/2025 09:38;12/2/2025 10:18;12/2/2025 10:24;12/2/2025 10:59;200;191;0;OK;
LOT01367;26/11/2024;Sellador Acrílico para Fisuras;Cuñete;Noche;;;;;26/11/2024 22:48;26/11/2024 23:47;27/11/2024 00:02;27/11/2024 00:15;27/11/2024 00:30;27/11/2024 01:27;27/11/2024 01:38;27/11/2024 01:50;40;39;0;OK;OK
LOT01368;3/6/2025;Fondo Anticorrosivo Gris;Tambor;Tarde;3/6/2025 14:19;3/6/2025 14:58;3/6/2025 15:00;3/6/2025 15:31;3/6/2025 15:36;3/6/2025 16:53;3/6/2025 17:01;3/6/2025 17:20;3/6/2025 17:30;3/6/2025 17:47;3/6/2025 17:52;3/6/2025 18:27;15;14;0;Aprobado;Rendimiento dentro de lo esperado
LOT01369;2/6/2025;Látex Antihongos para Baños;Balde;Noche;2/6/2025 22:38;2/6/2025 23:26;;;2/6/2025 23:28;3/6/2025 00:31;3/6/2025 00:43;3/6/2025 01:09;3/6/2025 01:12;3/6/2025 01:46;3/6/2025 01:56;3/6/2025 02:06;120;114;0;Liberado;OK
LOT01370;11/1/2025;Esmalte Antióxido Rojo Óxido;1/4 Galón;Mañana;11/1/2025 06:41;11/1/2025 07:10;11/1/2025 07:12;11/1/2025 07:49;11/1/2025 07:57;11/1/2025 08:52;11/1/2025 09:06;11/1/2025 09:30;11/1/2025 09:35;11/1/2025 10:13;11/1/2025 10:19;11/1/2025 10:48;200;193;0;OK;Sin observaciones
LOT01371;15/10/2024;Esmalte Sintético Brillante Blanco;Balde;Noche;15/10/2024 22:22;15/10/2024 22:48;15/10/2024 23:03;15/10/2024 23:47;15/10/2024 23:56;16/10/2024 00:45;16/10/2024 00:52;16/10/2024 01:20;16/10/2024 01:28;16/10/2024 02:05;16/10/2024 02:18;16/10/2024 02:58;60;59;0;OK;Turno sin incidentes
LOT01372;29/11/2024;Látex Económico Interior;Cuñete;Tarde;29/11/2024 14:29;29/11/2024 15:18;;;29/11/2024 15:21;29/11/2024 15:49;29/11/2024 15:54;29/11/2024 16:13;29/11/2024 16:20;29/11/2024 17:05;29/11/2024 17:14;29/11/2024 17:53;40;38;0;OK;
 LOT01373 ;10/8/2024;Látex Antihongos para Baños;1/4 Galón;Noche;10/8/2024 22:28;10/8/2024 22:52;10/8/2024 23:01;10/8/2024 23:32;10/8/2024 23:37;11/8/2024 00:14;11/8/2024 00:27;11/8/2024 00:56;11/8/2024 01:05;11/8/2024 01:42;11/8/2024 01:57;11/8/2024 02:19;400;390;2;Liberado;Rendimiento dentro de lo esperado
LOT01374;26/8/2024;Sellador de Silicona Neutra;Cuñete;Tarde;26/8/2024 14:02;26/8/2024 14:47;26/8/2024 14:58;26/8/2024 15:37;26/8/2024 15:52;26/8/2024 16:47;26/8/2024 17:02;26/8/2024 17:13;26/8/2024 17:18;26/8/2024 17:36;26/8/2024 17:48;26/8/2024 18:04;120;114;0;Liberado;Sin novedad
LOT01375;19/10/2024;barniz catalizado alto brillo;1/4 Galón;Mañana;;;;;19/10/2024 06:19;19/10/2024 06:49;19/10/2024 06:54;19/10/2024 07:23;19/10/2024 07:28;19/10/2024 07:54;19/10/2024 07:56;19/10/2024 08:08;400;389;0;Aprobado;
LOT01376;19/10/2024;Látex Económico Interior;1/4 Galón;TARDE;19/10/2024 14:31;19/10/2024 14:58;19/10/2024 15:03;19/10/2024 15:54;19/10/2024 16:02;19/10/2024 17:15;19/10/2024 17:28;19/10/2024 17:43;19/10/2024 17:56;19/10/2024 18:38;19/10/2024 18:53;19/10/2024 19:11;500;475;0;Conforme;
LOT01377;14/4/2025;Recubrimiento Epóxico Piso Industrial;Galón;Mañana;14/4/2025 06:22;14/4/2025 06:37;14/4/2025 06:46;14/4/2025 07:07;14/4/2025 07:20;14/4/2025 08:30;14/4/2025 08:38;14/4/2025 09:04;14/4/2025 09:19;14/4/2025 10:13;14/4/2025 10:26;14/4/2025 10:39;100;98;0;Liberado;OK
LOT01378;16/12/2024;Esmalte Alto Tráfico Gris;TAMBOR;noche;16/12/2024 22:25;16/12/2024 22:43;16/12/2024 22:45;16/12/2024 23:22;16/12/2024 23:25;17/12/2024 00:22;17/12/2024 00:36;17/12/2024 01:04;17/12/2024 01:13;17/12/2024 01:36;17/12/2024 01:51;17/12/2024 02:23;15;7;2;Rechazado;Viscosidad fuera de rango, se envía a reproceso
LOT01379;31/7/2024;Recubrimiento Vinil-éster para Tanques;Tambor;Mañana;31/7/2024 06:11;31/7/2024 06:44;31/7/2024 06:47;31/7/2024 07:17;31/7/2024 07:29;31/7/2024 08:28;31/7/2024 08:38;31/7/2024 09:07;31/7/2024 09:20;31/7/2024 09:48;31/7/2024 10:03;31/7/2024 10:38;25;10;4;Rechazado;pH alto, se requiere ajuste con ácido
LOT01380;3/7/2024;Recubrimiento Epóxico Alto Sólido;TAMBOR;Tarde;3/7/2024 14:40;3/7/2024 15:26;3/7/2024 15:34;3/7/2024 15:57;3/7/2024 16:10;3/7/2024 16:36;3/7/2024 16:46;3/7/2024 17:00;3/7/2024 17:05;3/7/2024 17:32;3/7/2024 17:34;3/7/2024 18:01;10;9;0;OK;
LOT01381;19/3/2025;Anticorrosivo Marino Bicomponente;Tambor;Tarde;19/3/2025 14:36;19/3/2025 14:54;19/3/2025 14:58;19/3/2025 15:38;19/3/2025 15:53;19/3/2025 16:57;19/3/2025 17:12;19/3/2025 17:26;19/3/2025 17:38;19/3/2025 18:07;19/3/2025 18:12;19/3/2025 18:46;30;29;0;OK;Sin observaciones
LOT01382;25/9/2024;Látex Antihongos para Baños;Balde;Mañana;25/9/2024 06:00;25/9/2024 06:18;25/9/2024 06:24;25/9/2024 07:29;25/9/2024 07:34;25/9/2024 07:57;25/9/2024 08:05;25/9/2024 08:19;25/9/2024 08:27;25/9/2024 09:02;25/9/2024 09:14;25/9/2024 09:24;40;39;1;Aprobado;Lote conforme a especificaciones
LOT01383;7/11/2024;Sellador de Silicona Neutra;Galón;Mañana;7/11/2024 06:22;7/11/2024 06:40;;;7/11/2024 06:50;7/11/2024 08:03;7/11/2024 08:08;7/11/2024 08:38;7/11/2024 08:49;7/11/2024 09:35;7/11/2024 09:50;7/11/2024 10:04;250;247;1;Aprobado;Lote conforme a especificaciones
LOT01384;19/11/2024;SELLADOR ACRÍLICO PARA TECHOS;Cuñete;Noche;19/11/2024 22:15;19/11/2024 22:58;;;19/11/2024 23:10;20/11/2024 00:19;20/11/2024 00:21;20/11/2024 00:43;20/11/2024 00:54;20/11/2024 01:30;20/11/2024 01:41;20/11/2024 02:21;120;115;0;Aprobado;Turno sin incidentes
LOT01385;15/10/2024;Sellador Acrílico para Techos;Galón;noche;15/10/2024 22:09;15/10/2024 22:56;;;15/10/2024 23:00;15/10/2024 23:28;15/10/2024 23:32;16/10/2024 00:02;16/10/2024 00:10;16/10/2024 00:34;16/10/2024 00:42;16/10/2024 01:15;250;172;38;Devuelto a reproceso;Grumos detectados en control visual
LOT01386;1/3/2025;Anticorrosivo Zincromato Amarillo;Cuñete;Tarde;1/3/2025 14:21;1/3/2025 15:08;1/3/2025 15:10;1/3/2025 16:13;1/3/2025 16:24;1/3/2025 16:51;1/3/2025 16:54;1/3/2025 17:04;1/3/2025 17:13;1/3/2025 17:33;1/3/2025 17:35;1/3/2025 18:15;40;30;4;No conforme; grumos detectados en control visual 
lot01387;22/8/2024;Fondo Anticorrosivo Gris;Tambor;Noche;22/8/2024 22:42;22/8/2024 23:16;22/8/2024 23:29;23/8/2024 00:22;23/8/2024 00:31;23/8/2024 01:08;23/8/2024 01:13;23/8/2024 01:29;23/8/2024 01:33;23/8/2024 02:33;23/8/2024 02:47;23/8/2024 03:03;20;19;0;OK;
LOT01388;27/12/2024;Anticorrosivo Marino Bicomponente;cuñete;Noche;27/12/2024 22:16;27/12/2024 22:59;27/12/2024 23:08;28/12/2024 00:02;28/12/2024 00:14;28/12/2024 00:59;28/12/2024 01:04;28/12/2024 01:19;28/12/2024 01:27;28/12/2024 02:00;28/12/2024 02:05;28/12/2024 02:24;60;59;0;Aprobado;
LOT01389;17/8/2024;Barniz Marino Poliuretánico;Galón;Mañana;17/8/2024 06:36;17/8/2024 06:56;17/8/2024 07:10;17/8/2024 07:32;17/8/2024 07:44;17/8/2024 08:01;17/8/2024 08:11;17/8/2024 08:26;17/8/2024 08:39;17/8/2024 09:39;17/8/2024 09:53;17/8/2024 10:06;150;145;1;OK;Turno sin incidentes
LOT01390;12/2/2025;Esmalte Sintético Brillante Blanco;Cuñete;Tarde;12/2/2025 14:13;12/2/2025 14:45;12/2/2025 14:48;12/2/2025 15:56;12/2/2025 15:58;12/2/2025 17:12;12/2/2025 17:26;12/2/2025 17:52;12/2/2025 17:56;12/2/2025 18:34;12/2/2025 18:38;12/2/2025 18:49;100;74;8;En reproceso;Se adicionó solvente para ajustar viscosidad
LOT01391;3/4/2025;Esmalte al Agua Satinado;Balde;Mañana;3/4/2025 06:33;3/4/2025 06:53;3/4/2025 06:55;3/4/2025 07:54;3/4/2025 08:06;3/4/2025 09:18;3/4/2025 09:24;3/4/2025 09:51;3/4/2025 10:02;3/4/2025 10:57;3/4/2025 11:11;3/4/2025 11:51;80;79;2;Conforme;
LOT01392;26/2/2025;Recubrimiento Epóxico Alto Sólido;Tambor;Noche;26/2/2025 22:16;26/2/2025 23:03;26/2/2025 23:11;26/2/2025 23:52;27/2/2025 00:07;27/2/2025 00:59;27/2/2025 01:12;27/2/2025 01:25;27/2/2025 01:39;27/2/2025 02:30;27/2/2025 02:43;27/2/2025 03:08;30;27;0;Liberado;Turno sin incidentes
LOT01393;13/7/2024;Esmalte Sintético Brillante Blanco;Galón;Noche;13/7/2024 22:22;13/7/2024 22:46;13/7/2024 22:49;13/7/2024 23:44;13/7/2024 23:52;14/7/2024 00:23;14/7/2024 00:26;14/7/2024 00:48;14/7/2024 00:50;14/7/2024 01:08;14/7/2024 01:15;14/7/2024 01:54;150;143;0;Conforme;Sin observaciones
LOT01394;9/4/2025;Recubrimiento Poliuretánico para Piso;balde;Tarde;9/4/2025 14:34;9/4/2025 15:02;9/4/2025 15:08;9/4/2025 15:58;9/4/2025 16:13;9/4/2025 17:23;9/4/2025 17:27;9/4/2025 17:38;9/4/2025 17:45;9/4/2025 18:39;9/4/2025 18:52;9/4/2025 19:24;80;78;0;Liberado;
LOT01395;19/6/2025;Esmalte Sintético Brillante Blanco;Cuñete;Noche;19/6/2025 22:12;19/6/2025 22:40;19/6/2025 22:47;19/6/2025 23:38;19/6/2025 23:48;20/6/2025 00:05;20/6/2025 00:07;20/6/2025 00:32;20/6/2025 00:41;20/6/2025 01:41;20/6/2025 01:51;20/6/2025 02:13;100;95;0;Liberado;
 LOT01396 ;12/8/2024;Látex Lavable Mate;Galón;Tarde;12/8/2024 14:39;12/8/2024 15:15;12/8/2024 15:25;12/8/2024 16:26;12/8/2024 16:35;12/8/2024 17:13;12/8/2024 17:24;12/8/2024 17:53;12/8/2024 18:05;12/8/2024 18:34;12/8/2024 18:47;12/8/2024 19:03;300;155;28;Devuelto a reproceso;Densidad fuera de especificación
LOT01397;21/9/2024;Esmalte Sintético Brillante Blanco;Balde;NOCHE;21/9/2024 22:18;21/9/2024 22:59;21/9/2024 23:08;21/9/2024 23:52;22/9/2024 00:05;22/9/2024 00:39;22/9/2024 00:46;22/9/2024 00:59;22/9/2024 01:04;22/9/2024 01:30;22/9/2024 01:36;22/9/2024 02:11;100;99;0;Liberado;Producción normal
LOT01398;20/3/2025;Sellador de Silicona Neutra;Galón;Mañana;;;;;20/3/2025 06:20;20/3/2025 06:46;20/3/2025 06:53;20/3/2025 07:20;20/3/2025 07:23;20/3/2025 07:54;20/3/2025 08:00;20/3/2025 08:10;200;191;1;Aprobado;OK
LOT01399;26/4/2025;Látex Texturizado para Fachadas;Balde;Tarde;26/4/2025 14:10;26/4/2025 14:30;26/4/2025 14:35;26/4/2025 15:23;26/4/2025 15:38;26/4/2025 16:51;26/4/2025 17:05;26/4/2025 17:21;26/4/2025 17:35;26/4/2025 18:35;26/4/2025 18:47;26/4/2025 19:00;100;94;1;Aprobado;Lote conforme a especificaciones
LOT01400;31/12/2024;Látex Acrílico Exterior Premium;Galón;Noche;31/12/2024 22:27;31/12/2024 22:45;31/12/2024 22:53;31/12/2024 23:57;1/1/2025 00:03;1/1/2025 00:22;1/1/2025 00:28;1/1/2025 00:46;1/1/2025 00:54;1/1/2025 01:16;1/1/2025 01:22;1/1/2025 01:50;150;146;0;Conforme;Producción normal
LOT01401;6/3/2025;Fondo Anticorrosivo Gris;Cuñete;Tarde;6/3/2025 14:15;6/3/2025 14:37;6/3/2025 14:45;6/3/2025 15:47;6/3/2025 15:50;6/3/2025 16:47;6/3/2025 16:52;6/3/2025 17:03;6/3/2025 17:15;6/3/2025 17:58;6/3/2025 18:02;6/3/2025 18:35;40;37;0;Conforme;Turno sin incidentes
LOT01402;3/7/2024;Látex Lavable Mate;Balde;Noche;3/7/2024 22:05;3/7/2024 22:24;3/7/2024 22:26;3/7/2024 23:29;3/7/2024 23:40;4/7/2024 00:55;4/7/2024 01:10;4/7/2024 01:24;4/7/2024 01:31;4/7/2024 02:01;4/7/2024 02:13;4/7/2024 02:37;60;58;0;OK;Turno sin incidentes
LOT01403;9/6/2025;Recubrimiento Vinil-éster para Tanques;Cuñete;Mañana;9/6/2025 06:33;9/6/2025 07:21;9/6/2025 07:31;9/6/2025 08:26;9/6/2025 08:29;9/6/2025 09:38;9/6/2025 09:45;9/6/2025 10:00;9/6/2025 10:13;9/6/2025 10:41;9/6/2025 10:49;9/6/2025 11:26;120;115;0;OK;
lot01404;13/9/2024;Esmalte Sintético Brillante Blanco;Galón;Tarde;13/9/2024 14:30;13/9/2024 15:05;13/9/2024 15:20;13/9/2024 16:03;13/9/2024 16:08;13/9/2024 17:28;13/9/2024 17:41;13/9/2024 17:51;13/9/2024 18:04;13/9/2024 18:20;13/9/2024 18:28;13/9/2024 18:41;250;238;0;Aprobado;OK
LOT01405;24/12/2024;ANTICORROSIVO BASE ZINC INORGÁNICO;Cuñete;Mañana;24/12/2024 06:02;24/12/2024 06:45;24/12/2024 06:55;24/12/2024 07:28;24/12/2024 07:40;24/12/2024 07:56;24/12/2024 08:09;24/12/2024 08:39;24/12/2024 08:51;24/12/2024 09:49;24/12/2024 10:00;24/12/2024 10:36;100;96;0;Aprobado;
LOT01406;30/8/2024;Anticorrosivo Base Zinc Inorgánico;Tambor; Mañana ;30/8/2024 06:34;30/8/2024 06:58;30/8/2024 07:13;30/8/2024 07:53;30/8/2024 07:57;30/8/2024 08:45;30/8/2024 08:51;30/8/2024 09:06;30/8/2024 09:16;30/8/2024 09:42;30/8/2024 09:47;30/8/2024 10:09;10;9;0;Conforme;
LOT01407;31/1/2025;Fondo Anticorrosivo Gris;Cuñete;Noche;31/1/2025 22:33;31/1/2025 22:54;31/1/2025 23:00;1/2/2025 00:10;1/2/2025 00:13;1/2/2025 01:05;1/2/2025 01:13;1/2/2025 01:43;1/2/2025 01:45;1/2/2025 02:20;1/2/2025 02:25;1/2/2025 02:37;40;38;0;Aprobado;Sin observaciones
LOT01408;11/6/2025;Recubrimiento Poliuretánico UV;Tambor;Mañana;11/6/2025 06:02;11/6/2025 06:45;11/6/2025 06:56;11/6/2025 07:35;11/6/2025 07:48;11/6/2025 08:48;11/6/2025 09:03;11/6/2025 09:32;11/6/2025 09:37;11/6/2025 10:29;11/6/2025 10:34;11/6/2025 11:08;25;23;0;Aprobado;
LOT01409;18/9/2024;Esmalte Martillado Negro;Galón;Noche;18/9/2024 22:34;18/9/2024 22:50;18/9/2024 22:56;18/9/2024 23:54;18/9/2024 23:56;19/9/2024 00:40;19/9/2024 00:55;19/9/2024 01:23;19/9/2024 01:38;19/9/2024 01:55;19/9/2024 02:07;19/9/2024 02:40;200;197;0;Aprobado;Producción normal
LOT01410;18/2/2025;Recubrimiento Epóxico Alto Sólido;Balde;Mañana;18/2/2025 06:38;18/2/2025 07:04;18/2/2025 07:11;18/2/2025 07:38;18/2/2025 07:51;18/2/2025 09:07;18/2/2025 09:14;18/2/2025 09:32;18/2/2025 09:37;18/2/2025 09:55;18/2/2025 10:10;18/2/2025 10:22;60;58;2;OK;
LOT01411;3/3/2025;Sellador Acrílico para Fisuras;Balde;Noche;;;;;3/3/2025 22:23;3/3/2025 23:12;3/3/2025 23:20;3/3/2025 23:50;3/3/2025 23:52;4/3/2025 00:34;4/3/2025 00:44;4/3/2025 01:00;100;97;0;Aprobado;
LOT01412;16/7/2024;Barniz Marino Poliuretánico;1/4 Galón;Tarde;;;;;16/7/2024 14:13;16/7/2024 14:32;16/7/2024 14:35;16/7/2024 14:56;16/7/2024 15:06;16/7/2024 15:32;16/7/2024 15:38;16/7/2024 15:48;300;292;0;Aprobado;
LOT01413;21/10/2024;Recubrimiento Poliuretánico UV;Balde;Tarde;21/10/2024 14:36;21/10/2024 14:57;21/10/2024 15:11;21/10/2024 16:20;21/10/2024 16:31;21/10/2024 17:30;21/10/2024 17:37;21/10/2024 18:04;21/10/2024 18:16;21/10/2024 18:34;21/10/2024 18:45;21/10/2024 19:16;120;95;5;EN REPROCESO;Se corrigió fórmula, pendiente segunda aprobación
LOT01414;31/8/2024;Látex Vinílico Interior Blanco;Galón;Noche;31/8/2024 22:33;31/8/2024 23:12;31/8/2024 23:19;1/9/2024 00:03;1/9/2024 00:11;1/9/2024 00:27;1/9/2024 00:41;1/9/2024 01:02;1/9/2024 01:08;1/9/2024 01:36;1/9/2024 01:40;1/9/2024 02:04;250;244;0;Conforme;Lote conforme a especificaciones
LOT01415;30/1/2025;Recubrimiento Epóxico Alto Sólido;Balde;Mañana;30/1/2025 06:21;30/1/2025 06:46;30/1/2025 06:48;30/1/2025 07:55;30/1/2025 08:08;30/1/2025 08:43;30/1/2025 08:58;30/1/2025 09:20;30/1/2025 09:30;30/1/2025 10:06;30/1/2025 10:14;30/1/2025 10:32;120;115;2;Aprobado;OK
LOT01416;2/6/2025;Esmalte Antióxido Rojo Óxido;1/4 Galón;Tarde;2/6/2025 14:28;2/6/2025 14:50;2/6/2025 14:56;2/6/2025 15:40;2/6/2025 15:50;2/6/2025 17:02;2/6/2025 17:04;2/6/2025 17:32;2/6/2025 17:41;2/6/2025 18:10;2/6/2025 18:18;2/6/2025 18:54;500;332;79;Devuelto a reproceso;Contaminación detectada, lote aislado
LOT01417;9/9/2024;esmalte sintético brillante blanco;Galón;Noche;9/9/2024 22:06;9/9/2024 22:38;9/9/2024 22:46;9/9/2024 23:17;9/9/2024 23:24;10/9/2024 00:42;10/9/2024 00:50;10/9/2024 01:12;10/9/2024 01:21;10/9/2024 01:43;10/9/2024 01:49;10/9/2024 02:29;250;238;0;aprobado;Rendimiento dentro de lo esperado
LOT01418;18/9/2024;barniz para madera brillante;Balde;Mañana;18/9/2024 06:37;18/9/2024 07:23;;;18/9/2024 07:33;18/9/2024 08:48;18/9/2024 08:52;18/9/2024 09:21;18/9/2024 09:33;18/9/2024 10:13;18/9/2024 10:26;18/9/2024 10:45;100;96;0;OK;Lote conforme a especificaciones
LOT01419;9/9/2024;Látex Lavable Mate;Balde;mañana;9/9/2024 06:02;9/9/2024 06:43;9/9/2024 06:53;9/9/2024 07:39;9/9/2024 07:41;9/9/2024 08:37;9/9/2024 08:44;9/9/2024 09:08;9/9/2024 09:10;9/9/2024 09:27;9/9/2024 09:37;9/9/2024 09:49;120;115;2;OK;
LOT01420;11/6/2025;Recubrimiento Epóxico Alto Sólido;Cuñete;Tarde;11/6/2025 14:37;11/6/2025 15:25;11/6/2025 15:40;11/6/2025 16:43;11/6/2025 16:51;11/6/2025 17:16;11/6/2025 17:28;11/6/2025 17:51;11/6/2025 17:54;11/6/2025 18:17;11/6/2025 18:28;11/6/2025 19:05;120;117;0;Conforme;Producción normal
LOT01421;3/5/2025;Esmalte Sintético Brillante Blanco;cuñete;Tarde;3/5/2025 14:18;3/5/2025 15:04;3/5/2025 15:08;3/5/2025 16:12;3/5/2025 16:19;3/5/2025 16:57;3/5/2025 17:01;3/5/2025 17:11;3/5/2025 17:17;3/5/2025 17:55;3/5/2025 18:05;3/5/2025 18:15;40;21;5;Devuelto a reproceso;Color no coincide con muestra patrón
LOT01422;1/7/2024;Barniz Catalizado Alto Brillo; Tambor ;Noche;1/7/2024 22:38;1/7/2024 23:06;1/7/2024 23:09;1/7/2024 23:53;1/7/2024 23:59;2/7/2024 00:43;2/7/2024 00:50;2/7/2024 01:08;2/7/2024 01:14;2/7/2024 01:32;2/7/2024 01:38;2/7/2024 02:18;30;25;1;Ajuste en proceso;Se repasó por molienda adicional 20 min
LOT01423;1/8/2024;Barniz Marino Poliuretánico;Balde;tarde;1/8/2024 14:08;1/8/2024 14:54;;;1/8/2024 15:02;1/8/2024 15:59;1/8/2024 16:12;1/8/2024 16:28;1/8/2024 16:41;1/8/2024 17:30;1/8/2024 17:38;1/8/2024 17:58;100;99;0;Aprobado;
LOT01424;6/12/2024;Sellador Acrílico para Fisuras;Balde;Noche;6/12/2024 22:05;6/12/2024 22:21;;;6/12/2024 22:30;6/12/2024 22:49;6/12/2024 22:53;6/12/2024 23:23;6/12/2024 23:35;7/12/2024 00:10;7/12/2024 00:22;7/12/2024 00:43;120;117;0;Liberado;
LOT01425;8/5/2025;Anticorrosivo Base Zinc Inorgánico;Balde;Mañana;8/5/2025 06:27;8/5/2025 06:44;8/5/2025 06:59;8/5/2025 07:37;8/5/2025 07:50;8/5/2025 08:46;8/5/2025 08:49;8/5/2025 09:19;8/5/2025 09:22;8/5/2025 09:42;8/5/2025 09:46;8/5/2025 10:07;100;99;0;Conforme;
LOT01426;3/2/2025;Esmalte Alto Tráfico Gris;Galón;Noche;3/2/2025 22:19;3/2/2025 23:00;3/2/2025 23:07;4/2/2025 00:02;4/2/2025 00:15;4/2/2025 00:56;4/2/2025 01:07;4/2/2025 01:23;4/2/2025 01:30;4/2/2025 01:49;4/2/2025 01:57;4/2/2025 02:10;250;149;39;Rechazado;Contaminación detectada, lote aislado
LOT01427;1/4/2025;Esmalte Antióxido Rojo Óxido;Galón;Mañana;1/4/2025 06:11;1/4/2025 06:45;1/4/2025 06:57;1/4/2025 07:32;1/4/2025 07:42;1/4/2025 08:45;1/4/2025 08:51;1/4/2025 09:08;1/4/2025 09:11;1/4/2025 09:35;1/4/2025 09:40;1/4/2025 10:17;100;98;0;Conforme;Sin observaciones
LOT01428;15/1/2025;Anticorrosivo Zincromato Amarillo;Tambor;Mañana;15/1/2025 06:40;15/1/2025 07:11;15/1/2025 07:15;15/1/2025 08:07;15/1/2025 08:13;15/1/2025 08:49;15/1/2025 08:57;15/1/2025 09:11;15/1/2025 09:25;15/1/2025 09:56;15/1/2025 09:58;15/1/2025 10:35;25;24;0;OK;Turno sin incidentes
LOT01429;12/10/2024;Fondo Anticorrosivo Gris;Cuñete;Mañana;12/10/2024 06:01;12/10/2024 06:18;12/10/2024 06:29;12/10/2024 06:55;12/10/2024 06:57;12/10/2024 07:14;12/10/2024 07:22;12/10/2024 07:49;12/10/2024 07:58;12/10/2024 08:32;12/10/2024 08:43;12/10/2024 09:18;100;96;0;Aprobado;Sin novedad
lot01430;6/1/2025;Látex Económico Interior;Galón;Mañana;6/1/2025 06:17;6/1/2025 06:38;;;6/1/2025 06:43;6/1/2025 07:13;6/1/2025 07:28;6/1/2025 07:55;6/1/2025 08:02;6/1/2025 08:31;6/1/2025 08:35;6/1/2025 08:50;300;292;0;Aprobado;
LOT01431;24/9/2024;Anticorrosivo Marino Bicomponente; Balde ;Mañana;24/9/2024 06:35;24/9/2024 07:19;24/9/2024 07:24;24/9/2024 08:21;24/9/2024 08:24;24/9/2024 08:49;24/9/2024 08:51;24/9/2024 09:04;24/9/2024 09:19;24/9/2024 09:38;24/9/2024 09:41;24/9/2024 09:58;40;38;0;OK;Rendimiento dentro de lo esperado
LOT01432;1/8/2024;Anticorrosivo Marino Bicomponente; Tambor ;Mañana;1/8/2024 06:39;1/8/2024 07:16;1/8/2024 07:29;1/8/2024 07:55;1/8/2024 07:58;1/8/2024 08:30;1/8/2024 08:44;1/8/2024 08:59;1/8/2024 09:07;1/8/2024 09:43;1/8/2024 09:54;1/8/2024 10:26;15;14;0;OK;Rendimiento dentro de lo esperado
LOT01433;20/6/2025;Recubrimiento Poliuretánico para Piso;Tambor;Noche;20/6/2025 22:37;20/6/2025 22:54;20/6/2025 23:08;20/6/2025 23:35;20/6/2025 23:37;21/6/2025 00:03;21/6/2025 00:10;21/6/2025 00:22;21/6/2025 00:31;21/6/2025 01:19;21/6/2025 01:30;21/6/2025 01:57;25;24;0;CONFORME;
LOT01434;25/1/2025;Sellador Poliuretánico para Juntas;Balde;Tarde;;;;;25/1/2025 14:14;25/1/2025 14:49;25/1/2025 15:01;25/1/2025 15:28;25/1/2025 15:33;25/1/2025 16:04;25/1/2025 16:10;25/1/2025 16:46;80;79;0;Aprobado;Producción normal
LOT01435;9/10/2024;Recubrimiento Vinil-éster para Tanques;Tambor;Noche;9/10/2024 22:40;9/10/2024 23:22;9/10/2024 23:24;10/10/2024 00:11;10/10/2024 00:24;10/10/2024 01:16;10/10/2024 01:31;10/10/2024 01:48;10/10/2024 02:00;10/10/2024 02:34;10/10/2024 02:47;10/10/2024 03:22;10;9;0;Aprobado;
LOT01436;19/12/2024;Sellador Poliuretánico para Juntas;Galón;Mañana;19/12/2024 06:06;19/12/2024 06:52;19/12/2024 06:54;19/12/2024 07:54;19/12/2024 07:56;19/12/2024 08:30;19/12/2024 08:41;19/12/2024 08:59;19/12/2024 09:14;19/12/2024 09:49;19/12/2024 10:03;19/12/2024 10:24;100;98;0;Aprobado;
LOT01437;19/4/2025;Fondo Anticorrosivo Gris;1/4 Galón;Mañana;19/4/2025 06:34;19/4/2025 07:06;19/4/2025 07:11;19/4/2025 07:56;19/4/2025 08:02;19/4/2025 09:01;19/4/2025 09:05;19/4/2025 09:17;19/4/2025 09:22;19/4/2025 09:39;19/4/2025 09:53;19/4/2025 10:12;600;597;0;OK;
LOT01438;23/1/2025;Anticorrosivo Zincromato Amarillo;Cuñete;Mañana;23/1/2025 06:19;23/1/2025 06:48;23/1/2025 06:55;23/1/2025 07:57;23/1/2025 08:01;23/1/2025 09:18;23/1/2025 09:33;23/1/2025 09:46;23/1/2025 09:51;23/1/2025 10:09;23/1/2025 10:18;23/1/2025 10:50;120;120;0;Liberado;Sin observaciones
 LOT01439 ;2/6/2025;Recubrimiento Poliuretánico UV;Balde;Tarde;2/6/2025 14:31;2/6/2025 15:05;2/6/2025 15:18;2/6/2025 15:59;2/6/2025 16:09;2/6/2025 17:04;2/6/2025 17:06;2/6/2025 17:35;2/6/2025 17:50;2/6/2025 18:32;2/6/2025 18:46;2/6/2025 19:24;80;76;0;Liberado;Turno sin incidentes
LOT01440;18/7/2024;Sellador Acrílico para Techos;Galón;Mañana;18/7/2024 06:39;18/7/2024 07:25;;;18/7/2024 07:29;18/7/2024 08:35;18/7/2024 08:44;18/7/2024 09:07;18/7/2024 09:14;18/7/2024 10:02;18/7/2024 10:04;18/7/2024 10:30;200;196;0;Liberado;Sin observaciones
LOT01441;22/1/2025;Recubrimiento Epóxico Piso Industrial;Cuñete;Tarde;22/1/2025 14:04;22/1/2025 14:21;22/1/2025 14:36;22/1/2025 15:11;22/1/2025 15:16;22/1/2025 16:02;22/1/2025 16:04;22/1/2025 16:28;22/1/2025 16:43;22/1/2025 17:34;22/1/2025 17:43;22/1/2025 18:07;60;35;7; No conforme ;Viscosidad fuera de rango, se envía a reproceso
LOT01442;28/4/2025;Esmalte al Agua Satinado;1/4 Galón;Noche;28/4/2025 22:03;28/4/2025 22:52;28/4/2025 23:03;28/4/2025 23:48;28/4/2025 23:53;29/4/2025 00:11;29/4/2025 00:15;29/4/2025 00:45;29/4/2025 00:53;29/4/2025 01:23;29/4/2025 01:30;29/4/2025 02:00;200;199;0;Liberado;Rendimiento dentro de lo esperado
LOT01443;3/8/2024; Sellador Acrílico para Fisuras ;Tambor;Noche;3/8/2024 22:33;3/8/2024 22:49;;;3/8/2024 23:03;4/8/2024 00:09;4/8/2024 00:11;4/8/2024 00:24;4/8/2024 00:29;4/8/2024 00:51;4/8/2024 01:03;4/8/2024 01:43;10;8;1;En reproceso;Se repasó por molienda adicional 20 min
LOT01444;12/8/2024;Recubrimiento Epóxico Piso Industrial;Cuñete;Noche;12/8/2024 22:04;12/8/2024 22:42;12/8/2024 22:49;12/8/2024 23:22;12/8/2024 23:29;13/8/2024 00:39;13/8/2024 00:46;13/8/2024 01:08;13/8/2024 01:13;13/8/2024 02:05;13/8/2024 02:19;13/8/2024 02:49;120;115;0;OK;Sin novedad
LOT01445;26/12/2024;Esmalte Sintético Brillante Blanco;Cuñete;Mañana;26/12/2024 06:17;26/12/2024 06:59;26/12/2024 07:09;26/12/2024 07:35;26/12/2024 07:39;26/12/2024 08:34;26/12/2024 08:46;26/12/2024 09:06;26/12/2024 09:10;26/12/2024 09:27;26/12/2024 09:40;26/12/2024 10:13;60;58;0;Conforme;Turno sin incidentes
LOT01446;25/1/2025;Esmalte Alto Tráfico Gris;Balde;Noche;25/1/2025 22:11;25/1/2025 22:57;25/1/2025 23:02;25/1/2025 23:59;26/1/2025 00:04;26/1/2025 01:16;26/1/2025 01:20;26/1/2025 01:49;26/1/2025 02:01;26/1/2025 02:18;26/1/2025 02:24;26/1/2025 02:39;100;98;1;OK;Sin novedad
LOT01447;27/3/2025;Sellador de Silicona Neutra;Balde;Mañana;;;;;27/3/2025 06:09;27/3/2025 06:30;27/3/2025 06:36;27/3/2025 06:55;27/3/2025 07:02;27/3/2025 07:39;27/3/2025 07:54;27/3/2025 08:21;60;59;1;Aprobado;Sin novedad
LOT01448;8/10/2024;Anticorrosivo Base Zinc Inorgánico;cuñete;Noche;8/10/2024 22:39;8/10/2024 23:06;8/10/2024 23:15;8/10/2024 23:39;8/10/2024 23:43;9/10/2024 00:20;9/10/2024 00:35;9/10/2024 00:56;9/10/2024 01:05;9/10/2024 01:52;9/10/2024 02:05;9/10/2024 02:15;80;76;0;Conforme;Turno sin incidentes
LOT01449;24/8/2024;Barniz Marino Transparente;1/4 Galón;Tarde;24/8/2024 14:32;24/8/2024 15:09;24/8/2024 15:11;24/8/2024 15:49;24/8/2024 15:55;24/8/2024 17:06;24/8/2024 17:09;24/8/2024 17:38;24/8/2024 17:41;24/8/2024 18:39;24/8/2024 18:53;24/8/2024 19:23;300;290;2;Conforme;
LOT01450;10/12/2024; Recubrimiento Vinil-éster para Tanques ;Balde;Noche;10/12/2024 22:09;10/12/2024 22:44;10/12/2024 22:59;11/12/2024 00:03;11/12/2024 00:09;11/12/2024 01:02;11/12/2024 01:16;11/12/2024 01:35;11/12/2024 01:46;11/12/2024 02:12;11/12/2024 02:19;11/12/2024 02:38;100;96;1;Conforme;Turno sin incidentes
LOT01451;31/3/2025;barniz catalizado alto brillo;Tambor;Tarde;31/3/2025 14:37;31/3/2025 15:26;;;31/3/2025 15:36;31/3/2025 16:34;31/3/2025 16:38;31/3/2025 17:08;31/3/2025 17:16;31/3/2025 17:56;31/3/2025 18:11;31/3/2025 18:42;25;24;0;Aprobado;Turno sin incidentes
LOT01452;14/4/2025;Látex Vinílico Interior Blanco;Galón;NOCHE;14/4/2025 22:10;14/4/2025 22:26;14/4/2025 22:38;14/4/2025 23:01;14/4/2025 23:08;15/4/2025 00:03;15/4/2025 00:05;15/4/2025 00:23;15/4/2025 00:33;15/4/2025 01:16;15/4/2025 01:18;15/4/2025 01:52;150;121;7;Reproceso parcial;Se adicionó solvente para ajustar viscosidad
LOT01453;18/11/2024;Esmalte Sintético Brillante Blanco;1/4 Galón;Noche;18/11/2024 22:01;18/11/2024 22:16;18/11/2024 22:24;18/11/2024 22:48;18/11/2024 22:50;18/11/2024 23:54;19/11/2024 00:08;19/11/2024 00:23;19/11/2024 00:33;19/11/2024 01:14;19/11/2024 01:25;19/11/2024 01:36;400;382;0; conforme ;Turno sin incidentes
LOT01454;22/7/2024;Recubrimiento Vinil-éster para Tanques;Balde;Tarde;22/7/2024 14:05;22/7/2024 14:53;22/7/2024 15:06;22/7/2024 15:48;22/7/2024 15:56;22/7/2024 17:14;22/7/2024 17:24;22/7/2024 17:47;22/7/2024 18:01;22/7/2024 18:26;22/7/2024 18:31;22/7/2024 19:11;80;79;0;Aprobado;Sin novedad
LOT01455;22/5/2025;Recubrimiento Poliuretánico UV;Cuñete;Tarde;22/5/2025 14:29;22/5/2025 14:50;22/5/2025 14:53;22/5/2025 15:46;22/5/2025 15:53;22/5/2025 16:28;22/5/2025 16:40;22/5/2025 17:01;22/5/2025 17:05;22/5/2025 17:49;22/5/2025 18:01;22/5/2025 18:27;80;60;4;Ajuste en proceso;Reproceso parcial: se filtró y re-envasó
LOT01456;10/3/2025;Recubrimiento Epóxico Piso Industrial;Tambor;Noche;10/3/2025 22:20;10/3/2025 22:47;10/3/2025 22:50;10/3/2025 23:17;10/3/2025 23:20;11/3/2025 00:11;11/3/2025 00:17;11/3/2025 00:42;11/3/2025 00:54;11/3/2025 01:50;11/3/2025 01:56;11/3/2025 02:24;20;19;0;Liberado;OK
LOT01457;15/11/2024;Barniz para Madera Brillante;Balde;Noche;;;;;15/11/2024 22:16;15/11/2024 22:59;15/11/2024 23:05;15/11/2024 23:15;15/11/2024 23:26;16/11/2024 00:18;16/11/2024 00:22;16/11/2024 00:50;80;78;0;Liberado;Sin observaciones
LOT01458;17/9/2024;Látex Acrílico Exterior Premium;Galón;Noche;17/9/2024 22:19;17/9/2024 22:45;17/9/2024 22:59;18/9/2024 00:03;18/9/2024 00:05;18/9/2024 00:23;18/9/2024 00:29;18/9/2024 00:47;18/9/2024 00:53;18/9/2024 01:17;18/9/2024 01:31;18/9/2024 01:46;300;298;0;Aprobado;
LOT01459;6/2/2025;Recubrimiento Poliuretánico UV;cuñete;Tarde;6/2/2025 14:40;6/2/2025 15:21;6/2/2025 15:23;6/2/2025 16:01;6/2/2025 16:07;6/2/2025 17:04;6/2/2025 17:10;6/2/2025 17:22;6/2/2025 17:28;6/2/2025 17:45;6/2/2025 17:57;6/2/2025 18:36;80;77;0;OK;Turno sin incidentes
LOT01460;21/11/2024;Látex Económico Interior;Galón;Mañana;21/11/2024 06:13;21/11/2024 06:54;;;21/11/2024 06:57;21/11/2024 08:15;21/11/2024 08:21;21/11/2024 08:39;21/11/2024 08:45;21/11/2024 09:27;21/11/2024 09:39;21/11/2024 09:50;250;247;0;LIBERADO;
LOT01461;2/8/2024;Anticorrosivo Zincromato Amarillo;Tambor;Noche;2/8/2024 22:40;2/8/2024 23:12;2/8/2024 23:23;2/8/2024 23:52;3/8/2024 00:02;3/8/2024 00:32;3/8/2024 00:41;3/8/2024 00:55;3/8/2024 01:06;3/8/2024 01:45;3/8/2024 01:49;3/8/2024 02:09;15;7;2;No conforme;Grumos detectados en control visual
LOT01462;10/9/2024;BARNIZ PARA MADERA BRILLANTE;1/4 Galón;Mañana;10/9/2024 06:45;10/9/2024 07:10;10/9/2024 07:18;10/9/2024 08:04;10/9/2024 08:08;10/9/2024 09:25;10/9/2024 09:38;10/9/2024 10:04;10/9/2024 10:11;10/9/2024 10:37;10/9/2024 10:47;10/9/2024 11:03;400;219;63;No conforme;Color no coincide con muestra patrón
lot01463;3/10/2024;Sellador de Silicona Neutra;Galón;Mañana;3/10/2024 06:16;3/10/2024 07:00;;;3/10/2024 07:14;3/10/2024 08:28;3/10/2024 08:43;3/10/2024 09:02;3/10/2024 09:14;3/10/2024 10:14;3/10/2024 10:22;3/10/2024 10:35;250;248;0;Aprobado;Lote conforme a especificaciones
LOT01464;20/5/2025;Anticorrosivo Marino Bicomponente;Balde;Tarde;20/5/2025 14:40;20/5/2025 15:25;20/5/2025 15:39;20/5/2025 16:14;20/5/2025 16:16;20/5/2025 16:42;20/5/2025 16:57;20/5/2025 17:26;20/5/2025 17:34;20/5/2025 18:33;20/5/2025 18:46;20/5/2025 19:19;40;37;0;Liberado;OK
LOT01465;4/10/2024;Sellador de Silicona Neutra;Galón;tarde;4/10/2024 14:20;4/10/2024 14:54;;;4/10/2024 14:57;4/10/2024 15:53;4/10/2024 16:05;4/10/2024 16:21;4/10/2024 16:33;4/10/2024 17:26;4/10/2024 17:28;4/10/2024 18:04;250;238;0; aprobado ;Sin novedad
LOT01466;27/9/2024;Anticorrosivo Zincromato Amarillo; Tambor ;Tarde;27/9/2024 14:44;27/9/2024 15:27;27/9/2024 15:35;27/9/2024 16:29;27/9/2024 16:40;27/9/2024 17:20;27/9/2024 17:24;27/9/2024 17:43;27/9/2024 17:54;27/9/2024 18:24;27/9/2024 18:39;27/9/2024 19:16;25;12;1;Rechazado;Envase defectuoso en línea de envasado
LOT01467;29/10/2024;Esmalte Antióxido Rojo Óxido;Balde;Mañana;29/10/2024 06:19;29/10/2024 06:45;29/10/2024 06:49;29/10/2024 07:18;29/10/2024 07:31;29/10/2024 08:19;29/10/2024 08:32;29/10/2024 08:49;29/10/2024 09:02;29/10/2024 09:29;29/10/2024 09:39;29/10/2024 10:18;80;77;0;Conforme;Turno sin incidentes
LOT01468;21/8/2024;Recubrimiento Vinil-éster para Tanques;Balde;Mañana;21/8/2024 06:10;21/8/2024 06:38;21/8/2024 06:45;21/8/2024 07:17;21/8/2024 07:24;21/8/2024 07:53;21/8/2024 08:02;21/8/2024 08:32;21/8/2024 08:45;21/8/2024 09:43;21/8/2024 09:54;21/8/2024 10:18;120;119;0; conforme ;
LOT01469;2/11/2024;Esmalte Antióxido Rojo Óxido;Balde;MAÑANA;2/11/2024 06:01;2/11/2024 06:31;2/11/2024 06:37;2/11/2024 07:34;2/11/2024 07:43;2/11/2024 08:34;2/11/2024 08:36;2/11/2024 09:05;2/11/2024 09:15;2/11/2024 09:35;2/11/2024 09:44;2/11/2024 10:12;120;115;0;ok;Sin observaciones
 LOT01470 ;2/8/2024;Recubrimiento Epóxico Piso Industrial;Cuñete;Mañana;2/8/2024 06:00;2/8/2024 06:21;2/8/2024 06:27;2/8/2024 07:29;2/8/2024 07:38;2/8/2024 08:13;2/8/2024 08:22;2/8/2024 08:45;2/8/2024 08:51;2/8/2024 09:26;2/8/2024 09:29;2/8/2024 10:08;80;76;0;Conforme;
LOT01471;17/6/2025;Fondo Anticorrosivo Gris;Tambor;Mañana;17/6/2025 06:18;17/6/2025 06:56;17/6/2025 07:05;17/6/2025 07:51;17/6/2025 08:00;17/6/2025 09:10;17/6/2025 09:24;17/6/2025 09:44;17/6/2025 09:51;17/6/2025 10:20;17/6/2025 10:27;17/6/2025 10:48;10;3;2;No conforme;Densidad fuera de especificación
LOT01472;21/9/2024;Esmalte Martillado Negro;Galón;Tarde;21/9/2024 14:41;21/9/2024 15:14;;;21/9/2024 15:19;21/9/2024 15:58;21/9/2024 16:04;21/9/2024 16:30;21/9/2024 16:33;21/9/2024 16:49;21/9/2024 16:55;21/9/2024 17:26;100;99;0;OK;Turno sin incidentes
LOT01473;13/6/2025;Barniz para Madera Brillante;Galón;Tarde;;;13/6/2025 14:05;13/6/2025 15:02;13/6/2025 15:06;13/6/2025 16:14;13/6/2025 16:21;13/6/2025 16:46;13/6/2025 16:51;13/6/2025 17:18;13/6/2025 17:25;13/6/2025 17:51;150;145;1;Conforme;Producción normal
LOT01474;29/7/2024;Recubrimiento Epóxico Alto Sólido;Cuñete;Tarde;29/7/2024 14:44;29/7/2024 15:11;29/7/2024 15:17;29/7/2024 16:22;29/7/2024 16:33;29/7/2024 17:27;29/7/2024 17:32;29/7/2024 17:47;29/7/2024 18:01;29/7/2024 18:31;29/7/2024 18:44;29/7/2024 19:03;60;43;10;Devuelto a reproceso;Color no coincide con muestra patrón
LOT01475;29/7/2024;barniz marino transparente;1/4 Galón;Noche;29/7/2024 22:18;29/7/2024 22:50;29/7/2024 22:54;29/7/2024 23:57;30/7/2024 00:05;30/7/2024 01:00;30/7/2024 01:08;30/7/2024 01:32;30/7/2024 01:39;30/7/2024 02:10;30/7/2024 02:16;30/7/2024 02:41;200;192;0;Aprobado;OK
LOT01476;1/4/2025;látex acrílico exterior premium;Galón;tarde;1/4/2025 14:00;1/4/2025 14:16;1/4/2025 14:18;1/4/2025 15:03;1/4/2025 15:14;1/4/2025 15:45;1/4/2025 15:58;1/4/2025 16:10;1/4/2025 16:18;1/4/2025 17:07;1/4/2025 17:09;1/4/2025 17:25;100;98;0;Conforme;
LOT01477;31/7/2024;Recubrimiento Epóxico Alto Sólido;Tambor;Mañana;31/7/2024 06:18;31/7/2024 07:01;31/7/2024 07:12;31/7/2024 07:43;31/7/2024 07:56;31/7/2024 09:07;31/7/2024 09:12;31/7/2024 09:33;31/7/2024 09:48;31/7/2024 10:19;31/7/2024 10:33;31/7/2024 11:06;15;13;0;Aprobado;Sin observaciones
LOT01478;23/5/2025;Barniz para Madera Brillante;Balde;Noche;23/5/2025 22:42;23/5/2025 22:59;23/5/2025 23:05;24/5/2025 00:04;24/5/2025 00:16;24/5/2025 00:44;24/5/2025 00:48;24/5/2025 01:04;24/5/2025 01:06;24/5/2025 01:28;24/5/2025 01:36;24/5/2025 01:58;120;117;0;Aprobado;
LOT01479;27/6/2025;Sellador Acrílico para Techos;Galón;Noche;27/6/2025 22:06;27/6/2025 22:52;;;27/6/2025 22:58;28/6/2025 00:01;28/6/2025 00:04;28/6/2025 00:16;28/6/2025 00:24;28/6/2025 01:03;28/6/2025 01:07;28/6/2025 01:29;100;96;0;Liberado;Sin novedad
LOT01480;14/4/2025;Anticorrosivo Marino Bicomponente;Tambor;Tarde;14/4/2025 14:39;14/4/2025 14:55;14/4/2025 15:01;14/4/2025 15:46;14/4/2025 16:01;14/4/2025 16:41;14/4/2025 16:55;14/4/2025 17:10;14/4/2025 17:22;14/4/2025 18:06;14/4/2025 18:20;14/4/2025 18:32;15;13;0;Liberado;OK
LOT01481;3/1/2025;Barniz Catalizado Alto Brillo; Cuñete ;Noche;;;3/1/2025 22:29;3/1/2025 23:24;3/1/2025 23:39;4/1/2025 00:15;4/1/2025 00:23;4/1/2025 00:38;4/1/2025 00:48;4/1/2025 01:09;4/1/2025 01:24;4/1/2025 01:40;100;99;1; Aprobado ;Lote conforme a especificaciones
LOT01482;11/9/2024;Anticorrosivo Base Zinc Inorgánico;Tambor;Noche;11/9/2024 22:33;11/9/2024 23:15;11/9/2024 23:19;11/9/2024 23:40;11/9/2024 23:42;12/9/2024 00:55;12/9/2024 01:07;12/9/2024 01:22;12/9/2024 01:31;12/9/2024 02:11;12/9/2024 02:14;12/9/2024 02:38;25;24;1;OK;OK
LOT01483;26/3/2025;Anticorrosivo Zincromato Amarillo;Cuñete;mañana;26/3/2025 06:42;26/3/2025 06:57;26/3/2025 07:11;26/3/2025 07:36;26/3/2025 07:42;26/3/2025 08:18;26/3/2025 08:28;26/3/2025 08:47;26/3/2025 08:57;26/3/2025 09:23;26/3/2025 09:25;26/3/2025 10:02;80;78;1;OK; turno sin incidentes 
LOT01484;14/6/2025;Látex Vinílico Interior Blanco;Galón;Mañana;14/6/2025 06:26;14/6/2025 06:51;;;14/6/2025 07:04;14/6/2025 07:29;14/6/2025 07:42;14/6/2025 07:53;14/6/2025 07:57;14/6/2025 08:39;14/6/2025 08:41;14/6/2025 09:16;200;191;0;Liberado;Lote conforme a especificaciones
LOT01485;29/1/2025;Barniz Marino Transparente;Galón;Mañana;29/1/2025 06:21;29/1/2025 07:07;29/1/2025 07:11;29/1/2025 07:34;29/1/2025 07:44;29/1/2025 08:10;29/1/2025 08:12;29/1/2025 08:22;29/1/2025 08:37;29/1/2025 08:56;29/1/2025 09:03;29/1/2025 09:16;300;184;15; Devuelto a reproceso ;Contaminación detectada, lote aislado
LOT01486;21/10/2024; Barniz para Madera Brillante ;Cuñete;Mañana;21/10/2024 06:01;21/10/2024 06:43;21/10/2024 06:54;21/10/2024 07:47;21/10/2024 07:59;21/10/2024 08:44;21/10/2024 08:48;21/10/2024 09:01;21/10/2024 09:03;21/10/2024 09:45;21/10/2024 09:50;21/10/2024 10:05;40;40;0;Liberado;Turno sin incidentes
LOT01487;5/3/2025;Sellador Poliuretánico para Juntas;Tambor;Noche;;;;;5/3/2025 22:17;5/3/2025 23:15;5/3/2025 23:18;5/3/2025 23:31;5/3/2025 23:38;6/3/2025 00:17;6/3/2025 00:19;6/3/2025 00:51;10;9;0;OK;Rendimiento dentro de lo esperado
LOT01488;3/3/2025;Esmalte Antióxido Rojo Óxido;Balde;Noche;3/3/2025 22:01;3/3/2025 22:43;;;3/3/2025 22:53;3/3/2025 23:41;3/3/2025 23:55;4/3/2025 00:07;4/3/2025 00:18;4/3/2025 01:09;4/3/2025 01:14;4/3/2025 01:46;100;98;0;OK;Sin observaciones
LOT01489;24/3/2025;Anticorrosivo Marino Bicomponente;Cuñete;Noche;24/3/2025 22:33;24/3/2025 22:50;24/3/2025 22:54;24/3/2025 23:50;25/3/2025 00:00;25/3/2025 00:59;25/3/2025 01:03;25/3/2025 01:15;25/3/2025 01:17;25/3/2025 02:01;25/3/2025 02:05;25/3/2025 02:37;100;97;0;OK;
LOT01490;30/12/2024;Esmalte Alto Tráfico Gris;1/4 Galón;Tarde;30/12/2024 14:17;30/12/2024 14:47;30/12/2024 14:52;30/12/2024 15:59;30/12/2024 16:06;30/12/2024 16:24;30/12/2024 16:30;30/12/2024 16:47;30/12/2024 16:58;30/12/2024 17:16;30/12/2024 17:24;30/12/2024 17:50;200;157;1;Ajuste en proceso;Ajuste de color con pigmento, segunda medición OK
LOT01491;25/9/2024;Sellador Poliuretánico para Juntas;Galón;Tarde;25/9/2024 14:22;25/9/2024 14:56;;;25/9/2024 15:02;25/9/2024 15:42;25/9/2024 15:54;25/9/2024 16:06;25/9/2024 16:12;25/9/2024 16:58;25/9/2024 17:00;25/9/2024 17:30;250;238;0;OK;Sin observaciones
LOT01492;29/4/2025;Barniz Marino Poliuretánico;1/4 Galón;Noche;29/4/2025 22:14;29/4/2025 23:04;29/4/2025 23:07;29/4/2025 23:56;30/4/2025 00:08;30/4/2025 00:50;30/4/2025 00:55;30/4/2025 01:07;30/4/2025 01:18;30/4/2025 01:45;30/4/2025 01:57;30/4/2025 02:08;300;204;22;No conforme;Contaminación detectada, lote aislado
LOT01493;19/6/2025;Recubrimiento Poliuretánico UV;tambor;Tarde;19/6/2025 14:28;19/6/2025 14:46;19/6/2025 15:01;19/6/2025 15:23;19/6/2025 15:26;19/6/2025 16:31;19/6/2025 16:38;19/6/2025 16:53;19/6/2025 17:05;19/6/2025 17:39;19/6/2025 17:49;19/6/2025 18:12;25;24;0;OK;Rendimiento dentro de lo esperado
LOT01494;30/12/2024;Látex Antihongos para Baños;Balde;Tarde;30/12/2024 14:18;30/12/2024 14:51;30/12/2024 15:05;30/12/2024 15:52;30/12/2024 15:55;30/12/2024 16:18;30/12/2024 16:31;30/12/2024 16:57;30/12/2024 17:06;30/12/2024 17:55;30/12/2024 18:08;30/12/2024 18:47;80;78;0;Conforme;Turno sin incidentes
LOT01495;6/5/2025;Barniz Catalizado Alto Brillo;Balde;Tarde;;;;;6/5/2025 14:29;6/5/2025 15:47;6/5/2025 15:52;6/5/2025 16:22;6/5/2025 16:28;6/5/2025 16:54;6/5/2025 17:00;6/5/2025 17:36;80;41;4;Devuelto a reproceso;Grumos detectados en control visual
LOT01496;24/8/2024;Esmalte Antióxido Rojo Óxido;Balde;Tarde;24/8/2024 14:03;24/8/2024 14:29;24/8/2024 14:36;24/8/2024 15:18;24/8/2024 15:21;24/8/2024 15:42;24/8/2024 15:45;24/8/2024 15:59;24/8/2024 16:07;24/8/2024 16:45;24/8/2024 16:55;24/8/2024 17:14;60;40;4;Rechazado;Viscosidad fuera de rango, se envía a reproceso
LOT01497;27/7/2024;Barniz para Madera Brillante;Galón;Tarde;27/7/2024 14:29;27/7/2024 15:01;;;27/7/2024 15:03;27/7/2024 15:50;27/7/2024 16:04;27/7/2024 16:20;27/7/2024 16:22;27/7/2024 16:42;27/7/2024 16:54;27/7/2024 17:17;200;197;2;Conforme;
LOT01498;20/11/2024;Anticorrosivo Zincromato Amarillo;TAMBOR;Tarde;20/11/2024 14:07;20/11/2024 14:47;20/11/2024 14:58;20/11/2024 15:34;20/11/2024 15:41;20/11/2024 16:34;20/11/2024 16:42;20/11/2024 17:10;20/11/2024 17:21;20/11/2024 17:42;20/11/2024 17:52;20/11/2024 18:19;15;14;0;Conforme;
LOT01499;17/2/2025;Esmalte Antióxido Rojo Óxido;Cuñete;Mañana;17/2/2025 06:38;17/2/2025 07:27;17/2/2025 07:30;17/2/2025 08:13;17/2/2025 08:21;17/2/2025 09:09;17/2/2025 09:24;17/2/2025 09:39;17/2/2025 09:49;17/2/2025 10:30;17/2/2025 10:45;17/2/2025 11:20;40;33;2;EN REPROCESO;Se corrigió fórmula, pendiente segunda aprobación
LOT01500;1/8/2024;Recubrimiento Epóxico Alto Sólido;tambor;Noche;1/8/2024 22:29;1/8/2024 22:50;1/8/2024 23:04;1/8/2024 23:28;1/8/2024 23:39;1/8/2024 23:58;2/8/2024 00:02;2/8/2024 00:26;2/8/2024 00:33;2/8/2024 01:14;2/8/2024 01:27;2/8/2024 01:57;20;19;0;OK;Turno sin incidentes
